2026-03-30 19:52:17 | INFO     | __main__:main:41 | ╔══════════════════════════════════════════╗
2026-03-30 19:52:17 | INFO     | __main__:main:42 | ║     BYBIT WAVE SCANNER v1.0              ║
2026-03-30 19:52:17 | INFO     | __main__:main:43 | ║     Elliott Wave + Trendline Breakout     ║
2026-03-30 19:52:17 | INFO     | __main__:main:44 | ║     50 Coins | USDT Perpetual             ║
2026-03-30 19:52:17 | INFO     | __main__:main:45 | ╚══════════════════════════════════════════╝
2026-03-30 19:52:17 | INFO     | scanner:start:139 | ═══ BYBIT WAVE SCANNER ЗАПУЩЕН ═══
2026-03-30 19:52:18 | ERROR    | telegram_bot:send_message:60 | Ошибка отправки в Telegram (попытка 1): Using SOCKS proxy, but the 'socksio' package is not installed. Make sure to install httpx using `pip install httpx[socks]`.
2026-03-30 19:52:20 | ERROR    | telegram_bot:send_message:60 | Ошибка отправки в Telegram (попытка 2): Using SOCKS proxy, but the 'socksio' package is not installed. Make sure to install httpx using `pip install httpx[socks]`.
2026-03-30 19:52:23 | ERROR    | telegram_bot:send_message:60 | Ошибка отправки в Telegram (попытка 3): Using SOCKS proxy, but the 'socksio' package is not installed. Make sure to install httpx using `pip install httpx[socks]`.
2026-03-30 19:52:23 | INFO     | scanner:_scan_loop:190 | ═══ Сканирование #1 ═══
2026-03-30 19:53:32 | INFO     | __main__:main:41 | ╔══════════════════════════════════════════╗
2026-03-30 19:53:32 | INFO     | __main__:main:42 | ║     BYBIT WAVE SCANNER v1.0              ║
2026-03-30 19:53:32 | INFO     | __main__:main:43 | ║     Elliott Wave + Trendline Breakout     ║
2026-03-30 19:53:32 | INFO     | __main__:main:44 | ║     50 Coins | USDT Perpetual             ║
2026-03-30 19:53:32 | INFO     | __main__:main:45 | ╚══════════════════════════════════════════╝
2026-03-30 19:53:32 | INFO     | scanner:start:139 | ═══ BYBIT WAVE SCANNER ЗАПУЩЕН ═══
2026-03-30 19:53:33 | ERROR    | telegram_bot:send_message:60 | Ошибка отправки в Telegram (попытка 1): Using SOCKS proxy, but the 'socksio' package is not installed. Make sure to install httpx using `pip install httpx[socks]`.
2026-03-30 19:53:35 | ERROR    | telegram_bot:send_message:60 | Ошибка отправки в Telegram (попытка 2): Using SOCKS proxy, but the 'socksio' package is not installed. Make sure to install httpx using `pip install httpx[socks]`.
2026-03-30 19:53:38 | ERROR    | telegram_bot:send_message:60 | Ошибка отправки в Telegram (попытка 3): Using SOCKS proxy, but the 'socksio' package is not installed. Make sure to install httpx using `pip install httpx[socks]`.
2026-03-30 19:53:38 | INFO     | scanner:_scan_loop:190 | ═══ Сканирование #1 ═══
2026-03-30 19:53:55 | INFO     | __main__:main:41 | ╔══════════════════════════════════════════╗
2026-03-30 19:53:55 | INFO     | __main__:main:42 | ║     BYBIT WAVE SCANNER v1.0              ║
2026-03-30 19:53:55 | INFO     | __main__:main:43 | ║     Elliott Wave + Trendline Breakout     ║
2026-03-30 19:53:55 | INFO     | __main__:main:44 | ║     50 Coins | USDT Perpetual             ║
2026-03-30 19:53:55 | INFO     | __main__:main:45 | ╚══════════════════════════════════════════╝
2026-03-30 19:53:55 | INFO     | scanner:start:139 | ═══ BYBIT WAVE SCANNER ЗАПУЩЕН ═══
2026-03-30 19:53:57 | DEBUG    | telegram_bot:send_message:50 | Сообщение отправлено в Telegram
2026-03-30 19:53:57 | INFO     | scanner:_scan_loop:190 | ═══ Сканирование #1 ═══
2026-03-30 19:54:46 | INFO     | scanner:_scan_loop:213 | Сканирование #1 завершено. Найдено сетапов: 0
2026-03-30 19:55:46 | INFO     | scanner:_scan_loop:190 | ═══ Сканирование #2 ═══
2026-03-31 08:04:54 | INFO     | __main__:main:41 | ╔══════════════════════════════════════════╗
2026-03-31 08:04:54 | INFO     | __main__:main:42 | ║     BYBIT WAVE SCANNER v1.0              ║
2026-03-31 08:04:54 | INFO     | __main__:main:43 | ║     Elliott Wave + Trendline Breakout     ║
2026-03-31 08:04:54 | INFO     | __main__:main:44 | ║     50 Coins | USDT Perpetual             ║
2026-03-31 08:04:54 | INFO     | __main__:main:45 | ╚══════════════════════════════════════════╝
2026-03-31 08:04:54 | INFO     | scanner:start:139 | ═══ BYBIT WAVE SCANNER ЗАПУЩЕН ═══
2026-03-31 08:04:56 | DEBUG    | telegram_bot:send_message:50 | Сообщение отправлено в Telegram
2026-03-31 08:04:56 | INFO     | scanner:_scan_loop:190 | ═══ Сканирование #1 ═══
2026-03-31 08:05:39 | INFO     | scanner:_scan_loop:213 | Сканирование #1 завершено. Найдено сетапов: 0
2026-03-31 08:06:39 | INFO     | scanner:_scan_loop:190 | ═══ Сканирование #2 ═══
2026-03-31 08:07:10 | INFO     | scanner:_scan_loop:213 | Сканирование #2 завершено. Найдено сетапов: 0
2026-03-31 08:08:10 | INFO     | scanner:_scan_loop:190 | ═══ Сканирование #3 ═══
2026-03-31 08:08:39 | INFO     | scanner:_scan_loop:213 | Сканирование #3 завершено. Найдено сетапов: 0
2026-03-31 08:09:39 | INFO     | scanner:_scan_loop:190 | ═══ Сканирование #4 ═══
2026-03-31 08:10:08 | INFO     | scanner:_scan_loop:213 | Сканирование #4 завершено. Найдено сетапов: 0
2026-03-31 08:11:08 | INFO     | scanner:_scan_loop:190 | ═══ Сканирование #5 ═══
2026-03-31 08:11:37 | INFO     | scanner:_scan_loop:213 | Сканирование #5 завершено. Найдено сетапов: 0
2026-03-31 08:12:37 | INFO     | scanner:_scan_loop:190 | ═══ Сканирование #6 ═══
2026-03-31 08:13:08 | INFO     | scanner:_scan_loop:213 | Сканирование #6 завершено. Найдено сетапов: 0
2026-03-31 08:14:08 | INFO     | scanner:_scan_loop:190 | ═══ Сканирование #7 ═══
2026-03-31 08:14:37 | INFO     | scanner:_scan_loop:213 | Сканирование #7 завершено. Найдено сетапов: 0
2026-03-31 08:15:37 | INFO     | scanner:_scan_loop:190 | ═══ Сканирование #8 ═══
2026-03-31 08:16:08 | INFO     | scanner:_scan_loop:213 | Сканирование #8 завершено. Найдено сетапов: 0
2026-03-31 08:17:08 | INFO     | scanner:_scan_loop:190 | ═══ Сканирование #9 ═══
2026-03-31 08:17:39 | INFO     | scanner:_scan_loop:213 | Сканирование #9 завершено. Найдено сетапов: 0
2026-03-31 08:18:39 | INFO     | scanner:_scan_loop:190 | ═══ Сканирование #10 ═══
2026-03-31 08:19:11 | INFO     | scanner:_scan_loop:213 | Сканирование #10 завершено. Найдено сетапов: 0
2026-03-31 08:20:11 | INFO     | scanner:_scan_loop:190 | ═══ Сканирование #11 ═══
2026-03-31 08:20:53 | INFO     | scanner:_scan_loop:213 | Сканирование #11 завершено. Найдено сетапов: 0
2026-03-31 08:21:53 | INFO     | scanner:_scan_loop:190 | ═══ Сканирование #12 ═══
2026-03-31 08:22:26 | INFO     | scanner:_scan_loop:213 | Сканирование #12 завершено. Найдено сетапов: 0
2026-03-31 08:23:26 | INFO     | scanner:_scan_loop:190 | ═══ Сканирование #13 ═══
2026-03-31 08:24:00 | INFO     | scanner:_scan_loop:213 | Сканирование #13 завершено. Найдено сетапов: 0
2026-03-31 08:25:00 | INFO     | scanner:_scan_loop:190 | ═══ Сканирование #14 ═══
2026-03-31 08:25:34 | INFO     | scanner:_scan_loop:213 | Сканирование #14 завершено. Найдено сетапов: 0
2026-03-31 08:26:34 | INFO     | scanner:_scan_loop:190 | ═══ Сканирование #15 ═══
2026-03-31 08:27:08 | INFO     | scanner:_scan_loop:213 | Сканирование #15 завершено. Найдено сетапов: 0
2026-03-31 08:28:08 | INFO     | scanner:_scan_loop:190 | ═══ Сканирование #16 ═══
2026-03-31 08:28:38 | INFO     | scanner:_scan_loop:213 | Сканирование #16 завершено. Найдено сетапов: 0
2026-03-31 08:29:38 | INFO     | scanner:_scan_loop:190 | ═══ Сканирование #17 ═══
2026-03-31 08:30:05 | ERROR    | scanner:get_klines:88 | Ошибка загрузки данных BLURUSDT 15: 'x-bapi-limit-reset-timestamp'
2026-03-31 08:30:07 | INFO     | scanner:_scan_loop:213 | Сканирование #17 завершено. Найдено сетапов: 0
2026-03-31 08:31:07 | INFO     | scanner:_scan_loop:190 | ═══ Сканирование #18 ═══
2026-03-31 08:31:39 | INFO     | scanner:_scan_loop:213 | Сканирование #18 завершено. Найдено сетапов: 0
2026-03-31 08:32:39 | INFO     | scanner:_scan_loop:190 | ═══ Сканирование #19 ═══
2026-03-31 08:33:13 | INFO     | scanner:_scan_loop:213 | Сканирование #19 завершено. Найдено сетапов: 0
2026-03-31 08:34:13 | INFO     | scanner:_scan_loop:190 | ═══ Сканирование #20 ═══
2026-03-31 08:34:47 | INFO     | scanner:_scan_loop:213 | Сканирование #20 завершено. Найдено сетапов: 0
2026-03-31 08:35:47 | INFO     | scanner:_scan_loop:190 | ═══ Сканирование #21 ═══
2026-03-31 08:36:33 | INFO     | scanner:_scan_loop:213 | Сканирование #21 завершено. Найдено сетапов: 0
2026-03-31 08:37:33 | INFO     | scanner:_scan_loop:190 | ═══ Сканирование #22 ═══
2026-03-31 08:38:03 | INFO     | scanner:_scan_loop:213 | Сканирование #22 завершено. Найдено сетапов: 0
2026-03-31 08:39:03 | INFO     | scanner:_scan_loop:190 | ═══ Сканирование #23 ═══
2026-03-31 08:39:34 | INFO     | scanner:_scan_loop:213 | Сканирование #23 завершено. Найдено сетапов: 0
2026-03-31 08:40:34 | INFO     | scanner:_scan_loop:190 | ═══ Сканирование #24 ═══
2026-03-31 08:41:03 | INFO     | scanner:_scan_loop:213 | Сканирование #24 завершено. Найдено сетапов: 0
2026-03-31 08:42:03 | INFO     | scanner:_scan_loop:190 | ═══ Сканирование #25 ═══
2026-03-31 08:42:34 | INFO     | scanner:_scan_loop:213 | Сканирование #25 завершено. Найдено сетапов: 0
2026-03-31 08:43:34 | INFO     | scanner:_scan_loop:190 | ═══ Сканирование #26 ═══
2026-03-31 08:44:04 | INFO     | scanner:_scan_loop:213 | Сканирование #26 завершено. Найдено сетапов: 0
2026-03-31 08:45:04 | INFO     | scanner:_scan_loop:190 | ═══ Сканирование #27 ═══
2026-03-31 08:45:36 | INFO     | scanner:_scan_loop:213 | Сканирование #27 завершено. Найдено сетапов: 0
2026-03-31 08:46:36 | INFO     | scanner:_scan_loop:190 | ═══ Сканирование #28 ═══
2026-03-31 08:47:09 | INFO     | scanner:_scan_loop:213 | Сканирование #28 завершено. Найдено сетапов: 0
2026-03-31 08:48:09 | INFO     | scanner:_scan_loop:190 | ═══ Сканирование #29 ═══
2026-03-31 08:48:41 | INFO     | scanner:_scan_loop:213 | Сканирование #29 завершено. Найдено сетапов: 0
2026-03-31 08:49:41 | INFO     | scanner:_scan_loop:190 | ═══ Сканирование #30 ═══
2026-03-31 08:50:06 | ERROR    | scanner:get_klines:88 | Ошибка загрузки данных CRVUSDT 5: 'x-bapi-limit-reset-timestamp'
2026-03-31 08:50:13 | INFO     | scanner:_scan_loop:213 | Сканирование #30 завершено. Найдено сетапов: 0
2026-03-31 08:51:13 | INFO     | scanner:_scan_loop:190 | ═══ Сканирование #31 ═══
2026-03-31 08:51:55 | INFO     | scanner:_scan_loop:213 | Сканирование #31 завершено. Найдено сетапов: 0
2026-03-31 08:52:55 | INFO     | scanner:_scan_loop:190 | ═══ Сканирование #32 ═══
2026-03-31 08:53:25 | INFO     | scanner:_scan_loop:213 | Сканирование #32 завершено. Найдено сетапов: 0
2026-03-31 08:54:25 | INFO     | scanner:_scan_loop:190 | ═══ Сканирование #33 ═══
2026-03-31 08:54:58 | INFO     | scanner:_scan_loop:213 | Сканирование #33 завершено. Найдено сетапов: 0
2026-03-31 08:55:58 | INFO     | scanner:_scan_loop:190 | ═══ Сканирование #34 ═══
2026-03-31 08:56:30 | INFO     | risk_manager:open_trade:119 | Открыта сделка: DYDXUSDT SHORT @ 0.10019 | SL=0.10218396 | плечо=5x
2026-03-31 08:56:30 | INFO     | position_tracker:add_position:53 | Позиция добавлена: DYDXUSDT SHORT
2026-03-31 08:56:32 | DEBUG    | telegram_bot:send_message:50 | Сообщение отправлено в Telegram
2026-03-31 08:56:32 | INFO     | scanner:_scan_loop:213 | Сканирование #34 завершено. Найдено сетапов: 1
2026-03-31 08:57:32 | INFO     | scanner:_scan_loop:190 | ═══ Сканирование #35 ═══
2026-03-31 08:58:03 | INFO     | scanner:_scan_loop:213 | Сканирование #35 завершено. Найдено сетапов: 0
2026-03-31 08:59:03 | INFO     | scanner:_scan_loop:190 | ═══ Сканирование #36 ═══
2026-03-31 08:59:32 | INFO     | scanner:_scan_loop:213 | Сканирование #36 завершено. Найдено сетапов: 0
2026-03-31 09:00:32 | INFO     | scanner:_scan_loop:190 | ═══ Сканирование #37 ═══
2026-03-31 09:01:01 | INFO     | scanner:_scan_loop:213 | Сканирование #37 завершено. Найдено сетапов: 0
2026-03-31 09:02:01 | INFO     | scanner:_scan_loop:190 | ═══ Сканирование #38 ═══
2026-03-31 09:02:33 | INFO     | scanner:_scan_loop:213 | Сканирование #38 завершено. Найдено сетапов: 0
2026-03-31 09:03:33 | INFO     | scanner:_scan_loop:190 | ═══ Сканирование #39 ═══
2026-03-31 09:04:02 | INFO     | scanner:_scan_loop:213 | Сканирование #39 завершено. Найдено сетапов: 0
2026-03-31 09:05:02 | INFO     | scanner:_scan_loop:190 | ═══ Сканирование #40 ═══
2026-03-31 09:05:31 | INFO     | scanner:_scan_loop:213 | Сканирование #40 завершено. Найдено сетапов: 0
2026-03-31 09:06:31 | INFO     | scanner:_scan_loop:190 | ═══ Сканирование #41 ═══
2026-03-31 09:07:13 | INFO     | scanner:_scan_loop:213 | Сканирование #41 завершено. Найдено сетапов: 0
2026-03-31 09:08:13 | INFO     | scanner:_scan_loop:190 | ═══ Сканирование #42 ═══
2026-03-31 09:08:43 | INFO     | scanner:_scan_loop:213 | Сканирование #42 завершено. Найдено сетапов: 0
2026-03-31 09:09:43 | INFO     | scanner:_scan_loop:190 | ═══ Сканирование #43 ═══
2026-03-31 09:10:05 | ERROR    | scanner:get_klines:88 | Ошибка загрузки данных SNXUSDT 15: 'x-bapi-limit-reset-timestamp'
2026-03-31 09:10:12 | INFO     | scanner:_scan_loop:213 | Сканирование #43 завершено. Найдено сетапов: 0
2026-03-31 09:11:12 | INFO     | scanner:_scan_loop:190 | ═══ Сканирование #44 ═══
2026-03-31 09:11:40 | INFO     | scanner:_scan_loop:213 | Сканирование #44 завершено. Найдено сетапов: 0
2026-03-31 09:12:40 | INFO     | scanner:_scan_loop:190 | ═══ Сканирование #45 ═══
2026-03-31 09:13:11 | INFO     | scanner:_scan_loop:213 | Сканирование #45 завершено. Найдено сетапов: 0
2026-03-31 09:14:11 | INFO     | scanner:_scan_loop:190 | ═══ Сканирование #46 ═══
2026-03-31 09:14:41 | INFO     | scanner:_scan_loop:213 | Сканирование #46 завершено. Найдено сетапов: 0
2026-03-31 09:15:41 | INFO     | scanner:_scan_loop:190 | ═══ Сканирование #47 ═══
2026-03-31 09:16:12 | INFO     | scanner:_scan_loop:213 | Сканирование #47 завершено. Найдено сетапов: 0
2026-03-31 09:17:12 | INFO     | scanner:_scan_loop:190 | ═══ Сканирование #48 ═══
2026-03-31 09:17:40 | INFO     | scanner:_scan_loop:213 | Сканирование #48 завершено. Найдено сетапов: 0
2026-03-31 09:18:40 | INFO     | scanner:_scan_loop:190 | ═══ Сканирование #49 ═══
2026-03-31 09:19:09 | INFO     | scanner:_scan_loop:213 | Сканирование #49 завершено. Найдено сетапов: 0
2026-03-31 09:20:09 | INFO     | scanner:_scan_loop:190 | ═══ Сканирование #50 ═══
2026-03-31 09:20:38 | INFO     | scanner:_scan_loop:213 | Сканирование #50 завершено. Найдено сетапов: 0
2026-03-31 09:21:38 | INFO     | scanner:_scan_loop:190 | ═══ Сканирование #51 ═══
2026-03-31 09:22:19 | INFO     | scanner:_scan_loop:213 | Сканирование #51 завершено. Найдено сетапов: 0
2026-03-31 09:23:19 | INFO     | scanner:_scan_loop:190 | ═══ Сканирование #52 ═══
2026-03-31 09:23:47 | INFO     | scanner:_scan_loop:213 | Сканирование #52 завершено. Найдено сетапов: 0
2026-03-31 09:24:47 | INFO     | scanner:_scan_loop:190 | ═══ Сканирование #53 ═══
2026-03-31 09:25:20 | INFO     | scanner:_scan_loop:213 | Сканирование #53 завершено. Найдено сетапов: 0
2026-03-31 09:26:20 | INFO     | scanner:_scan_loop:190 | ═══ Сканирование #54 ═══
2026-03-31 09:26:49 | INFO     | scanner:_scan_loop:213 | Сканирование #54 завершено. Найдено сетапов: 0
2026-03-31 09:27:49 | INFO     | scanner:_scan_loop:190 | ═══ Сканирование #55 ═══
2026-03-31 09:28:19 | INFO     | scanner:_scan_loop:213 | Сканирование #55 завершено. Найдено сетапов: 0
2026-03-31 09:29:19 | INFO     | scanner:_scan_loop:190 | ═══ Сканирование #56 ═══
2026-03-31 09:29:50 | INFO     | scanner:_scan_loop:213 | Сканирование #56 завершено. Найдено сетапов: 0
2026-03-31 09:30:50 | INFO     | scanner:_scan_loop:190 | ═══ Сканирование #57 ═══
2026-03-31 09:31:21 | INFO     | scanner:_scan_loop:213 | Сканирование #57 завершено. Найдено сетапов: 0
2026-03-31 09:32:21 | INFO     | scanner:_scan_loop:190 | ═══ Сканирование #58 ═══
2026-03-31 09:32:50 | INFO     | scanner:_scan_loop:213 | Сканирование #58 завершено. Найдено сетапов: 0
2026-03-31 09:33:50 | INFO     | scanner:_scan_loop:190 | ═══ Сканирование #59 ═══
2026-03-31 09:34:20 | INFO     | scanner:_scan_loop:213 | Сканирование #59 завершено. Найдено сетапов: 0
2026-03-31 09:35:20 | INFO     | scanner:_scan_loop:190 | ═══ Сканирование #60 ═══
2026-03-31 09:35:49 | INFO     | scanner:_scan_loop:213 | Сканирование #60 завершено. Найдено сетапов: 0
2026-03-31 09:36:49 | INFO     | scanner:_scan_loop:190 | ═══ Сканирование #61 ═══
2026-03-31 09:37:34 | INFO     | scanner:_scan_loop:213 | Сканирование #61 завершено. Найдено сетапов: 0
2026-03-31 09:38:34 | INFO     | scanner:_scan_loop:190 | ═══ Сканирование #62 ═══
2026-03-31 09:39:02 | INFO     | scanner:_scan_loop:213 | Сканирование #62 завершено. Найдено сетапов: 0
2026-03-31 09:40:02 | INFO     | scanner:_scan_loop:190 | ═══ Сканирование #63 ═══
2026-03-31 09:40:33 | INFO     | scanner:_scan_loop:213 | Сканирование #63 завершено. Найдено сетапов: 0
2026-03-31 09:41:33 | INFO     | scanner:_scan_loop:190 | ═══ Сканирование #64 ═══
2026-03-31 09:42:01 | INFO     | scanner:_scan_loop:213 | Сканирование #64 завершено. Найдено сетапов: 0
2026-03-31 09:43:01 | INFO     | scanner:_scan_loop:190 | ═══ Сканирование #65 ═══
2026-03-31 09:43:30 | INFO     | scanner:_scan_loop:213 | Сканирование #65 завершено. Найдено сетапов: 0
2026-03-31 09:44:30 | INFO     | scanner:_scan_loop:190 | ═══ Сканирование #66 ═══
2026-03-31 09:45:02 | INFO     | scanner:_scan_loop:213 | Сканирование #66 завершено. Найдено сетапов: 0
2026-03-31 09:46:02 | INFO     | scanner:_scan_loop:190 | ═══ Сканирование #67 ═══
2026-03-31 09:46:35 | INFO     | scanner:_scan_loop:213 | Сканирование #67 завершено. Найдено сетапов: 0
2026-03-31 09:47:35 | INFO     | scanner:_scan_loop:190 | ═══ Сканирование #68 ═══
2026-03-31 09:48:07 | INFO     | scanner:_scan_loop:213 | Сканирование #68 завершено. Найдено сетапов: 0
2026-03-31 09:49:07 | INFO     | scanner:_scan_loop:190 | ═══ Сканирование #69 ═══
2026-03-31 09:49:41 | INFO     | scanner:_scan_loop:213 | Сканирование #69 завершено. Найдено сетапов: 0
2026-03-31 09:50:41 | INFO     | scanner:_scan_loop:190 | ═══ Сканирование #70 ═══
2026-03-31 09:51:12 | INFO     | scanner:_scan_loop:213 | Сканирование #70 завершено. Найдено сетапов: 0
2026-03-31 09:52:12 | INFO     | scanner:_scan_loop:190 | ═══ Сканирование #71 ═══
2026-03-31 09:52:57 | INFO     | scanner:_scan_loop:213 | Сканирование #71 завершено. Найдено сетапов: 0
2026-03-31 09:53:57 | INFO     | scanner:_scan_loop:190 | ═══ Сканирование #72 ═══
2026-03-31 09:54:31 | INFO     | scanner:_scan_loop:213 | Сканирование #72 завершено. Найдено сетапов: 0
2026-03-31 09:55:31 | INFO     | scanner:_scan_loop:190 | ═══ Сканирование #73 ═══
2026-03-31 09:56:05 | INFO     | scanner:_scan_loop:213 | Сканирование #73 завершено. Найдено сетапов: 0
2026-03-31 09:57:05 | INFO     | scanner:_scan_loop:190 | ═══ Сканирование #74 ═══
2026-03-31 09:57:43 | INFO     | scanner:_scan_loop:213 | Сканирование #74 завершено. Найдено сетапов: 0
2026-03-31 09:58:43 | INFO     | scanner:_scan_loop:190 | ═══ Сканирование #75 ═══
2026-03-31 09:59:15 | INFO     | scanner:_scan_loop:213 | Сканирование #75 завершено. Найдено сетапов: 0
2026-03-31 10:00:15 | INFO     | scanner:_scan_loop:190 | ═══ Сканирование #76 ═══
2026-03-31 10:00:20 | ERROR    | scanner:get_klines:88 | Ошибка загрузки данных ADAUSDT 15: 'x-bapi-limit-reset-timestamp'
2026-03-31 10:00:20 | ERROR    | scanner:get_klines:88 | Ошибка загрузки данных ADAUSDT 5: 'x-bapi-limit-reset-timestamp'
2026-03-31 10:00:45 | INFO     | scanner:_scan_loop:213 | Сканирование #76 завершено. Найдено сетапов: 0
2026-03-31 10:01:45 | INFO     | scanner:_scan_loop:190 | ═══ Сканирование #77 ═══
2026-03-31 10:02:18 | INFO     | scanner:_scan_loop:213 | Сканирование #77 завершено. Найдено сетапов: 0
2026-03-31 10:03:18 | INFO     | scanner:_scan_loop:190 | ═══ Сканирование #78 ═══
2026-03-31 10:03:50 | INFO     | scanner:_scan_loop:213 | Сканирование #78 завершено. Найдено сетапов: 0
2026-03-31 10:04:50 | INFO     | scanner:_scan_loop:190 | ═══ Сканирование #79 ═══
2026-03-31 10:05:19 | INFO     | scanner:_scan_loop:213 | Сканирование #79 завершено. Найдено сетапов: 0
2026-03-31 10:06:19 | INFO     | scanner:_scan_loop:190 | ═══ Сканирование #80 ═══
2026-03-31 10:06:50 | INFO     | scanner:_scan_loop:213 | Сканирование #80 завершено. Найдено сетапов: 0
2026-03-31 10:07:50 | INFO     | scanner:_scan_loop:190 | ═══ Сканирование #81 ═══
2026-03-31 10:08:32 | INFO     | scanner:_scan_loop:213 | Сканирование #81 завершено. Найдено сетапов: 0
2026-03-31 10:09:32 | INFO     | scanner:_scan_loop:190 | ═══ Сканирование #82 ═══
2026-03-31 10:10:01 | INFO     | scanner:_scan_loop:213 | Сканирование #82 завершено. Найдено сетапов: 0
2026-03-31 10:11:01 | INFO     | scanner:_scan_loop:190 | ═══ Сканирование #83 ═══
2026-03-31 10:11:31 | INFO     | scanner:_scan_loop:213 | Сканирование #83 завершено. Найдено сетапов: 0
2026-03-31 10:12:31 | INFO     | scanner:_scan_loop:190 | ═══ Сканирование #84 ═══
2026-03-31 10:13:02 | INFO     | scanner:_scan_loop:213 | Сканирование #84 завершено. Найдено сетапов: 0
2026-03-31 10:14:02 | INFO     | scanner:_scan_loop:190 | ═══ Сканирование #85 ═══
2026-03-31 10:14:35 | INFO     | scanner:_scan_loop:213 | Сканирование #85 завершено. Найдено сетапов: 0
2026-03-31 10:15:35 | INFO     | scanner:_scan_loop:190 | ═══ Сканирование #86 ═══
2026-03-31 10:16:06 | INFO     | scanner:_scan_loop:213 | Сканирование #86 завершено. Найдено сетапов: 0
2026-03-31 10:17:06 | INFO     | scanner:_scan_loop:190 | ═══ Сканирование #87 ═══
2026-03-31 10:17:37 | INFO     | scanner:_scan_loop:213 | Сканирование #87 завершено. Найдено сетапов: 0
2026-03-31 10:18:37 | INFO     | scanner:_scan_loop:190 | ═══ Сканирование #88 ═══
2026-03-31 10:19:09 | INFO     | scanner:_scan_loop:213 | Сканирование #88 завершено. Найдено сетапов: 0
2026-03-31 10:20:09 | INFO     | scanner:_scan_loop:190 | ═══ Сканирование #89 ═══
2026-03-31 10:20:40 | INFO     | scanner:_scan_loop:213 | Сканирование #89 завершено. Найдено сетапов: 0
2026-03-31 10:21:40 | INFO     | scanner:_scan_loop:190 | ═══ Сканирование #90 ═══
2026-03-31 10:22:09 | INFO     | scanner:_scan_loop:213 | Сканирование #90 завершено. Найдено сетапов: 0
2026-03-31 10:23:09 | INFO     | scanner:_scan_loop:190 | ═══ Сканирование #91 ═══
2026-03-31 10:23:55 | INFO     | scanner:_scan_loop:213 | Сканирование #91 завершено. Найдено сетапов: 0
2026-03-31 10:24:55 | INFO     | scanner:_scan_loop:190 | ═══ Сканирование #92 ═══
2026-03-31 10:25:28 | INFO     | scanner:_scan_loop:213 | Сканирование #92 завершено. Найдено сетапов: 0
2026-03-31 10:26:28 | INFO     | scanner:_scan_loop:190 | ═══ Сканирование #93 ═══
2026-03-31 10:27:01 | INFO     | scanner:_scan_loop:213 | Сканирование #93 завершено. Найдено сетапов: 0
2026-03-31 10:28:01 | INFO     | scanner:_scan_loop:190 | ═══ Сканирование #94 ═══
2026-03-31 10:28:33 | INFO     | scanner:_scan_loop:213 | Сканирование #94 завершено. Найдено сетапов: 0
2026-03-31 10:29:33 | INFO     | scanner:_scan_loop:190 | ═══ Сканирование #95 ═══
2026-03-31 10:30:04 | INFO     | scanner:_scan_loop:213 | Сканирование #95 завершено. Найдено сетапов: 0
2026-03-31 10:31:04 | INFO     | scanner:_scan_loop:190 | ═══ Сканирование #96 ═══
2026-03-31 10:31:33 | INFO     | scanner:_scan_loop:213 | Сканирование #96 завершено. Найдено сетапов: 0
2026-03-31 10:32:33 | INFO     | scanner:_scan_loop:190 | ═══ Сканирование #97 ═══
2026-03-31 10:33:05 | INFO     | scanner:_scan_loop:213 | Сканирование #97 завершено. Найдено сетапов: 0
2026-03-31 10:34:05 | INFO     | scanner:_scan_loop:190 | ═══ Сканирование #98 ═══
2026-03-31 10:34:34 | INFO     | scanner:_scan_loop:213 | Сканирование #98 завершено. Найдено сетапов: 0
2026-03-31 10:35:34 | INFO     | scanner:_scan_loop:190 | ═══ Сканирование #99 ═══
2026-03-31 10:36:07 | INFO     | scanner:_scan_loop:213 | Сканирование #99 завершено. Найдено сетапов: 0
2026-03-31 10:37:07 | INFO     | scanner:_scan_loop:190 | ═══ Сканирование #100 ═══
2026-03-31 10:37:40 | INFO     | scanner:_scan_loop:213 | Сканирование #100 завершено. Найдено сетапов: 0
2026-03-31 10:38:40 | INFO     | scanner:_scan_loop:190 | ═══ Сканирование #101 ═══
2026-03-31 10:39:21 | INFO     | scanner:_scan_loop:213 | Сканирование #101 завершено. Найдено сетапов: 0
2026-03-31 10:40:21 | INFO     | scanner:_scan_loop:190 | ═══ Сканирование #102 ═══
2026-03-31 10:40:53 | INFO     | scanner:_scan_loop:213 | Сканирование #102 завершено. Найдено сетапов: 0
2026-03-31 10:41:53 | INFO     | scanner:_scan_loop:190 | ═══ Сканирование #103 ═══
2026-03-31 10:42:22 | INFO     | scanner:_scan_loop:213 | Сканирование #103 завершено. Найдено сетапов: 0
2026-03-31 10:43:22 | INFO     | scanner:_scan_loop:190 | ═══ Сканирование #104 ═══
2026-03-31 10:43:54 | INFO     | scanner:_scan_loop:213 | Сканирование #104 завершено. Найдено сетапов: 0
2026-03-31 10:44:54 | INFO     | scanner:_scan_loop:190 | ═══ Сканирование #105 ═══
2026-03-31 10:45:03 | ERROR    | scanner:get_klines:88 | Ошибка загрузки данных LTCUSDT 15: 'x-bapi-limit-reset-timestamp'
2026-03-31 10:45:04 | ERROR    | scanner:get_klines:88 | Ошибка загрузки данных APTUSDT 15: 'x-bapi-limit-reset-timestamp'
2026-03-31 10:45:25 | INFO     | scanner:_scan_loop:213 | Сканирование #105 завершено. Найдено сетапов: 0
2026-03-31 10:46:25 | INFO     | scanner:_scan_loop:190 | ═══ Сканирование #106 ═══
2026-03-31 10:46:53 | INFO     | scanner:_scan_loop:213 | Сканирование #106 завершено. Найдено сетапов: 0
2026-03-31 10:47:53 | INFO     | scanner:_scan_loop:190 | ═══ Сканирование #107 ═══
2026-03-31 10:48:24 | INFO     | scanner:_scan_loop:213 | Сканирование #107 завершено. Найдено сетапов: 0
2026-03-31 10:49:24 | INFO     | scanner:_scan_loop:190 | ═══ Сканирование #108 ═══
2026-03-31 10:49:52 | INFO     | scanner:_scan_loop:213 | Сканирование #108 завершено. Найдено сетапов: 0
2026-03-31 10:50:52 | INFO     | scanner:_scan_loop:190 | ═══ Сканирование #109 ═══
2026-03-31 10:51:26 | INFO     | scanner:_scan_loop:213 | Сканирование #109 завершено. Найдено сетапов: 0
2026-03-31 10:52:26 | INFO     | scanner:_scan_loop:190 | ═══ Сканирование #110 ═══
2026-03-31 10:52:56 | INFO     | scanner:_scan_loop:213 | Сканирование #110 завершено. Найдено сетапов: 0
2026-03-31 10:53:56 | INFO     | scanner:_scan_loop:190 | ═══ Сканирование #111 ═══
2026-03-31 10:54:39 | INFO     | scanner:_scan_loop:213 | Сканирование #111 завершено. Найдено сетапов: 0
2026-03-31 10:55:39 | INFO     | scanner:_scan_loop:190 | ═══ Сканирование #112 ═══
2026-03-31 10:56:08 | INFO     | scanner:_scan_loop:213 | Сканирование #112 завершено. Найдено сетапов: 0
2026-03-31 10:57:08 | INFO     | scanner:_scan_loop:190 | ═══ Сканирование #113 ═══
2026-03-31 10:57:37 | INFO     | scanner:_scan_loop:213 | Сканирование #113 завершено. Найдено сетапов: 0
2026-03-31 10:58:37 | INFO     | scanner:_scan_loop:190 | ═══ Сканирование #114 ═══
2026-03-31 10:59:06 | INFO     | scanner:_scan_loop:213 | Сканирование #114 завершено. Найдено сетапов: 0
2026-03-31 11:00:06 | INFO     | scanner:_scan_loop:190 | ═══ Сканирование #115 ═══
2026-03-31 11:00:07 | ERROR    | scanner:get_klines:88 | Ошибка загрузки данных BTCUSDT 5: 'x-bapi-limit-reset-timestamp'
2026-03-31 11:00:08 | ERROR    | scanner:get_klines:88 | Ошибка загрузки данных SOLUSDT 15: 'x-bapi-limit-reset-timestamp'
2026-03-31 11:00:11 | ERROR    | scanner:get_klines:88 | Ошибка загрузки данных ADAUSDT 15: 'x-bapi-limit-reset-timestamp'
2026-03-31 11:00:18 | ERROR    | scanner:get_klines:88 | Ошибка загрузки данных SUIUSDT 15: 'x-bapi-limit-reset-timestamp'
2026-03-31 11:00:20 | ERROR    | scanner:get_klines:88 | Ошибка загрузки данных TIAUSDT 5: 'x-bapi-limit-reset-timestamp'
2026-03-31 11:00:24 | ERROR    | scanner:get_klines:88 | Ошибка загрузки данных ORDIUSDT 5: 'x-bapi-limit-reset-timestamp'
2026-03-31 11:00:36 | INFO     | scanner:_scan_loop:213 | Сканирование #115 завершено. Найдено сетапов: 0
2026-03-31 11:01:36 | INFO     | scanner:_scan_loop:190 | ═══ Сканирование #116 ═══
2026-03-31 11:02:10 | INFO     | scanner:_scan_loop:213 | Сканирование #116 завершено. Найдено сетапов: 0
2026-03-31 11:03:10 | INFO     | scanner:_scan_loop:190 | ═══ Сканирование #117 ═══
2026-03-31 11:03:42 | INFO     | scanner:_scan_loop:213 | Сканирование #117 завершено. Найдено сетапов: 0
2026-03-31 11:04:42 | INFO     | scanner:_scan_loop:190 | ═══ Сканирование #118 ═══
2026-03-31 11:05:12 | INFO     | scanner:_scan_loop:213 | Сканирование #118 завершено. Найдено сетапов: 0
2026-03-31 11:06:12 | INFO     | scanner:_scan_loop:190 | ═══ Сканирование #119 ═══
2026-03-31 11:06:42 | INFO     | scanner:_scan_loop:213 | Сканирование #119 завершено. Найдено сетапов: 0
2026-03-31 11:07:42 | INFO     | scanner:_scan_loop:190 | ═══ Сканирование #120 ═══
2026-03-31 11:08:11 | INFO     | scanner:_scan_loop:213 | Сканирование #120 завершено. Найдено сетапов: 0
2026-03-31 11:09:11 | INFO     | scanner:_scan_loop:190 | ═══ Сканирование #121 ═══
2026-03-31 11:09:56 | INFO     | scanner:_scan_loop:213 | Сканирование #121 завершено. Найдено сетапов: 0
2026-03-31 11:10:56 | INFO     | scanner:_scan_loop:190 | ═══ Сканирование #122 ═══
2026-03-31 11:11:28 | INFO     | scanner:_scan_loop:213 | Сканирование #122 завершено. Найдено сетапов: 0
2026-03-31 11:12:28 | INFO     | scanner:_scan_loop:190 | ═══ Сканирование #123 ═══
2026-03-31 11:12:59 | INFO     | scanner:_scan_loop:213 | Сканирование #123 завершено. Найдено сетапов: 0
2026-03-31 11:13:59 | INFO     | scanner:_scan_loop:190 | ═══ Сканирование #124 ═══
2026-03-31 11:14:32 | INFO     | scanner:_scan_loop:213 | Сканирование #124 завершено. Найдено сетапов: 0
2026-03-31 11:15:32 | INFO     | scanner:_scan_loop:190 | ═══ Сканирование #125 ═══
2026-03-31 11:16:02 | INFO     | scanner:_scan_loop:213 | Сканирование #125 завершено. Найдено сетапов: 0
2026-03-31 11:17:02 | INFO     | scanner:_scan_loop:190 | ═══ Сканирование #126 ═══
2026-03-31 11:17:31 | INFO     | scanner:_scan_loop:213 | Сканирование #126 завершено. Найдено сетапов: 0
2026-03-31 11:18:31 | INFO     | scanner:_scan_loop:190 | ═══ Сканирование #127 ═══
2026-03-31 11:19:01 | INFO     | scanner:_scan_loop:213 | Сканирование #127 завершено. Найдено сетапов: 0
2026-03-31 11:20:01 | INFO     | scanner:_scan_loop:190 | ═══ Сканирование #128 ═══
2026-03-31 11:20:11 | ERROR    | scanner:get_klines:88 | Ошибка загрузки данных APTUSDT 5: 'x-bapi-limit-reset-timestamp'
2026-03-31 11:20:35 | DEBUG    | telegram_bot:send_message:50 | Сообщение отправлено в Telegram
2026-03-31 11:20:35 | INFO     | scanner:_scan_loop:213 | Сканирование #128 завершено. Найдено сетапов: 1
2026-03-31 11:21:35 | INFO     | scanner:_scan_loop:190 | ═══ Сканирование #129 ═══
2026-03-31 11:22:05 | INFO     | scanner:_scan_loop:213 | Сканирование #129 завершено. Найдено сетапов: 1
2026-03-31 11:23:05 | INFO     | scanner:_scan_loop:190 | ═══ Сканирование #130 ═══
2026-03-31 11:23:34 | INFO     | scanner:_scan_loop:213 | Сканирование #130 завершено. Найдено сетапов: 1
2026-03-31 11:24:34 | INFO     | scanner:_scan_loop:190 | ═══ Сканирование #131 ═══
2026-03-31 11:25:16 | INFO     | scanner:_scan_loop:213 | Сканирование #131 завершено. Найдено сетапов: 1
2026-03-31 11:26:16 | INFO     | scanner:_scan_loop:190 | ═══ Сканирование #132 ═══
2026-03-31 11:26:45 | INFO     | scanner:_scan_loop:213 | Сканирование #132 завершено. Найдено сетапов: 0
2026-03-31 11:27:45 | INFO     | scanner:_scan_loop:190 | ═══ Сканирование #133 ═══
2026-03-31 11:28:16 | INFO     | scanner:_scan_loop:213 | Сканирование #133 завершено. Найдено сетапов: 0
2026-03-31 11:29:16 | INFO     | scanner:_scan_loop:190 | ═══ Сканирование #134 ═══
2026-03-31 11:29:45 | INFO     | scanner:_scan_loop:213 | Сканирование #134 завершено. Найдено сетапов: 0
2026-03-31 11:30:45 | INFO     | scanner:_scan_loop:190 | ═══ Сканирование #135 ═══
2026-03-31 11:31:15 | INFO     | scanner:_scan_loop:213 | Сканирование #135 завершено. Найдено сетапов: 0
2026-03-31 11:32:15 | INFO     | scanner:_scan_loop:190 | ═══ Сканирование #136 ═══
2026-03-31 11:32:43 | INFO     | scanner:_scan_loop:213 | Сканирование #136 завершено. Найдено сетапов: 0
2026-03-31 11:33:43 | INFO     | scanner:_scan_loop:190 | ═══ Сканирование #137 ═══
2026-03-31 11:34:12 | INFO     | scanner:_scan_loop:213 | Сканирование #137 завершено. Найдено сетапов: 0
2026-03-31 11:35:12 | INFO     | scanner:_scan_loop:190 | ═══ Сканирование #138 ═══
2026-03-31 11:35:44 | INFO     | scanner:_scan_loop:213 | Сканирование #138 завершено. Найдено сетапов: 0
2026-03-31 11:36:44 | INFO     | scanner:_scan_loop:190 | ═══ Сканирование #139 ═══
2026-03-31 11:37:16 | INFO     | scanner:_scan_loop:213 | Сканирование #139 завершено. Найдено сетапов: 0
2026-03-31 11:38:16 | INFO     | scanner:_scan_loop:190 | ═══ Сканирование #140 ═══
2026-03-31 11:38:47 | INFO     | scanner:_scan_loop:213 | Сканирование #140 завершено. Найдено сетапов: 0
2026-03-31 11:39:47 | INFO     | scanner:_scan_loop:190 | ═══ Сканирование #141 ═══
2026-03-31 11:40:25 | INFO     | scanner:_scan_loop:213 | Сканирование #141 завершено. Найдено сетапов: 0
2026-03-31 11:41:25 | INFO     | scanner:_scan_loop:190 | ═══ Сканирование #142 ═══
2026-03-31 11:41:55 | INFO     | scanner:_scan_loop:213 | Сканирование #142 завершено. Найдено сетапов: 0
2026-03-31 11:42:55 | INFO     | scanner:_scan_loop:190 | ═══ Сканирование #143 ═══
2026-03-31 11:43:24 | INFO     | scanner:_scan_loop:213 | Сканирование #143 завершено. Найдено сетапов: 0
2026-03-31 11:44:24 | INFO     | scanner:_scan_loop:190 | ═══ Сканирование #144 ═══
2026-03-31 11:44:54 | INFO     | scanner:_scan_loop:213 | Сканирование #144 завершено. Найдено сетапов: 0
2026-03-31 11:45:54 | INFO     | scanner:_scan_loop:190 | ═══ Сканирование #145 ═══
2026-03-31 11:46:29 | INFO     | scanner:_scan_loop:213 | Сканирование #145 завершено. Найдено сетапов: 0
2026-03-31 11:47:29 | INFO     | scanner:_scan_loop:190 | ═══ Сканирование #146 ═══
2026-03-31 11:48:00 | INFO     | scanner:_scan_loop:213 | Сканирование #146 завершено. Найдено сетапов: 0
2026-03-31 11:49:00 | INFO     | scanner:_scan_loop:190 | ═══ Сканирование #147 ═══
2026-03-31 11:49:30 | INFO     | scanner:_scan_loop:213 | Сканирование #147 завершено. Найдено сетапов: 0
2026-03-31 11:50:30 | INFO     | scanner:_scan_loop:190 | ═══ Сканирование #148 ═══
2026-03-31 11:51:04 | INFO     | scanner:_scan_loop:213 | Сканирование #148 завершено. Найдено сетапов: 0
2026-03-31 11:52:04 | INFO     | scanner:_scan_loop:190 | ═══ Сканирование #149 ═══
2026-03-31 11:52:33 | INFO     | scanner:_scan_loop:213 | Сканирование #149 завершено. Найдено сетапов: 0
2026-03-31 11:53:33 | INFO     | scanner:_scan_loop:190 | ═══ Сканирование #150 ═══
2026-03-31 11:54:03 | INFO     | scanner:_scan_loop:213 | Сканирование #150 завершено. Найдено сетапов: 0
2026-03-31 11:55:03 | INFO     | scanner:_scan_loop:190 | ═══ Сканирование #151 ═══
2026-03-31 11:55:04 | ERROR    | scanner:get_klines:88 | Ошибка загрузки данных ETHUSDT 240: 'x-bapi-limit-reset-timestamp'
2026-03-31 11:55:06 | ERROR    | scanner:get_klines:88 | Ошибка загрузки данных BNBUSDT 15: 'x-bapi-limit-reset-timestamp'
2026-03-31 11:55:08 | ERROR    | scanner:get_klines:88 | Ошибка загрузки данных DOGEUSDT 15: 'x-bapi-limit-reset-timestamp'
2026-03-31 11:55:43 | INFO     | scanner:_scan_loop:213 | Сканирование #151 завершено. Найдено сетапов: 0
2026-03-31 11:56:43 | INFO     | scanner:_scan_loop:190 | ═══ Сканирование #152 ═══
2026-03-31 11:57:12 | INFO     | scanner:_scan_loop:213 | Сканирование #152 завершено. Найдено сетапов: 0
2026-03-31 11:58:12 | INFO     | scanner:_scan_loop:190 | ═══ Сканирование #153 ═══
2026-03-31 11:58:48 | INFO     | scanner:_scan_loop:213 | Сканирование #153 завершено. Найдено сетапов: 0
2026-03-31 11:59:48 | INFO     | scanner:_scan_loop:190 | ═══ Сканирование #154 ═══
2026-03-31 12:00:01 | ERROR    | scanner:get_klines:88 | Ошибка загрузки данных SUIUSDT 5: 'x-bapi-limit-reset-timestamp'
2026-03-31 12:00:01 | ERROR    | scanner:get_klines:88 | Ошибка загрузки данных NEARUSDT 15: 'x-bapi-limit-reset-timestamp'
2026-03-31 12:00:02 | ERROR    | scanner:get_klines:88 | Ошибка загрузки данных TIAUSDT 5: 'x-bapi-limit-reset-timestamp'
2026-03-31 12:00:04 | ERROR    | scanner:get_klines:88 | Ошибка загрузки данных WLDUSDT 15: 'x-bapi-limit-reset-timestamp'
2026-03-31 12:00:07 | ERROR    | scanner:get_klines:88 | Ошибка загрузки данных IMXUSDT 15: 'x-bapi-limit-reset-timestamp'
2026-03-31 12:00:08 | ERROR    | scanner:get_klines:88 | Ошибка загрузки данных MANTAUSDT 15: 'x-bapi-limit-reset-timestamp'
2026-03-31 12:00:08 | ERROR    | scanner:get_klines:88 | Ошибка загрузки данных MANTAUSDT 5: 'x-bapi-limit-reset-timestamp'
2026-03-31 12:00:09 | ERROR    | scanner:get_klines:88 | Ошибка загрузки данных BCHUSDT 5: 'x-bapi-limit-reset-timestamp'
2026-03-31 12:00:13 | ERROR    | scanner:get_klines:88 | Ошибка загрузки данных GMXUSDT 5: 'x-bapi-limit-reset-timestamp'
2026-03-31 12:00:15 | ERROR    | scanner:get_klines:88 | Ошибка загрузки данных JTOUSDT 15: 'x-bapi-limit-reset-timestamp'
2026-03-31 12:00:15 | ERROR    | scanner:get_klines:88 | Ошибка загрузки данных PYTHUSDT 5: 'x-bapi-limit-reset-timestamp'
2026-03-31 12:00:18 | INFO     | scanner:_scan_loop:213 | Сканирование #154 завершено. Найдено сетапов: 0
2026-03-31 12:01:18 | INFO     | scanner:_scan_loop:190 | ═══ Сканирование #155 ═══
2026-03-31 12:01:51 | INFO     | scanner:_scan_loop:213 | Сканирование #155 завершено. Найдено сетапов: 0
2026-03-31 12:02:51 | INFO     | scanner:_scan_loop:190 | ═══ Сканирование #156 ═══
2026-03-31 12:03:23 | INFO     | scanner:_scan_loop:213 | Сканирование #156 завершено. Найдено сетапов: 0
2026-03-31 12:04:23 | INFO     | scanner:_scan_loop:190 | ═══ Сканирование #157 ═══
2026-03-31 12:04:55 | INFO     | scanner:_scan_loop:213 | Сканирование #157 завершено. Найдено сетапов: 0
2026-03-31 12:05:55 | INFO     | scanner:_scan_loop:190 | ═══ Сканирование #158 ═══
2026-03-31 12:06:25 | INFO     | scanner:_scan_loop:213 | Сканирование #158 завершено. Найдено сетапов: 0
2026-03-31 12:07:25 | INFO     | scanner:_scan_loop:190 | ═══ Сканирование #159 ═══
2026-03-31 12:07:55 | INFO     | scanner:_scan_loop:213 | Сканирование #159 завершено. Найдено сетапов: 0
2026-03-31 12:08:55 | INFO     | scanner:_scan_loop:190 | ═══ Сканирование #160 ═══
2026-03-31 12:09:24 | INFO     | scanner:_scan_loop:213 | Сканирование #160 завершено. Найдено сетапов: 0
2026-03-31 12:10:03 | INFO     | risk_manager:update_tp1_hit:190 | ТП1 достигнут: DYDXUSDT @ 0.09736 Закрыто 70%, стоп → безубыток | deposit PnL: +2.48%
2026-03-31 12:10:04 | DEBUG    | telegram_bot:send_message:50 | Сообщение отправлено в Telegram
2026-03-31 12:10:24 | INFO     | scanner:_scan_loop:190 | ═══ Сканирование #161 ═══
2026-03-31 12:11:06 | INFO     | scanner:_scan_loop:213 | Сканирование #161 завершено. Найдено сетапов: 0
2026-03-31 12:12:06 | INFO     | scanner:_scan_loop:190 | ═══ Сканирование #162 ═══
2026-03-31 12:12:35 | INFO     | scanner:_scan_loop:213 | Сканирование #162 завершено. Найдено сетапов: 0
2026-03-31 12:13:35 | INFO     | scanner:_scan_loop:190 | ═══ Сканирование #163 ═══
2026-03-31 12:14:08 | INFO     | scanner:_scan_loop:213 | Сканирование #163 завершено. Найдено сетапов: 0
2026-03-31 12:15:08 | INFO     | scanner:_scan_loop:190 | ═══ Сканирование #164 ═══
2026-03-31 12:15:42 | INFO     | scanner:_scan_loop:213 | Сканирование #164 завершено. Найдено сетапов: 0
2026-03-31 12:16:42 | INFO     | scanner:_scan_loop:190 | ═══ Сканирование #165 ═══
2026-03-31 12:17:14 | INFO     | scanner:_scan_loop:213 | Сканирование #165 завершено. Найдено сетапов: 0
2026-03-31 12:18:14 | INFO     | scanner:_scan_loop:190 | ═══ Сканирование #166 ═══
2026-03-31 12:18:45 | INFO     | scanner:_scan_loop:213 | Сканирование #166 завершено. Найдено сетапов: 0
2026-03-31 12:19:45 | INFO     | scanner:_scan_loop:190 | ═══ Сканирование #167 ═══
2026-03-31 12:20:07 | ERROR    | scanner:get_klines:88 | Ошибка загрузки данных ETCUSDT 15: 'x-bapi-limit-reset-timestamp'
2026-03-31 12:20:09 | ERROR    | scanner:get_klines:88 | Ошибка загрузки данных SNXUSDT 15: 'x-bapi-limit-reset-timestamp'
2026-03-31 12:20:15 | INFO     | scanner:_scan_loop:213 | Сканирование #167 завершено. Найдено сетапов: 0
2026-03-31 12:20:56 | INFO     | risk_manager:close_trade:157 | Закрыта сделка: DYDXUSDT trailing_stop @ 0.09709 P&L: +3.09% (депозит: +1.17%)
2026-03-31 12:20:58 | DEBUG    | telegram_bot:send_message:50 | Сообщение отправлено в Telegram
2026-03-31 12:21:15 | INFO     | scanner:_scan_loop:190 | ═══ Сканирование #168 ═══
2026-03-31 12:21:49 | INFO     | scanner:_scan_loop:213 | Сканирование #168 завершено. Найдено сетапов: 0
2026-03-31 12:22:49 | INFO     | scanner:_scan_loop:190 | ═══ Сканирование #169 ═══
2026-03-31 12:23:22 | INFO     | scanner:_scan_loop:213 | Сканирование #169 завершено. Найдено сетапов: 0
2026-03-31 12:24:22 | INFO     | scanner:_scan_loop:190 | ═══ Сканирование #170 ═══
2026-03-31 12:24:54 | INFO     | scanner:_scan_loop:213 | Сканирование #170 завершено. Найдено сетапов: 0
2026-03-31 12:25:54 | INFO     | scanner:_scan_loop:190 | ═══ Сканирование #171 ═══
2026-03-31 12:26:39 | INFO     | scanner:_scan_loop:213 | Сканирование #171 завершено. Найдено сетапов: 0
2026-03-31 12:27:39 | INFO     | scanner:_scan_loop:190 | ═══ Сканирование #172 ═══
2026-03-31 12:28:11 | INFO     | scanner:_scan_loop:213 | Сканирование #172 завершено. Найдено сетапов: 0
2026-03-31 12:29:11 | INFO     | scanner:_scan_loop:190 | ═══ Сканирование #173 ═══
2026-03-31 12:29:45 | INFO     | scanner:_scan_loop:213 | Сканирование #173 завершено. Найдено сетапов: 0
2026-03-31 12:30:45 | INFO     | scanner:_scan_loop:190 | ═══ Сканирование #174 ═══
2026-03-31 12:31:15 | INFO     | scanner:_scan_loop:213 | Сканирование #174 завершено. Найдено сетапов: 0
2026-03-31 12:32:15 | INFO     | scanner:_scan_loop:190 | ═══ Сканирование #175 ═══
2026-03-31 12:32:49 | INFO     | scanner:_scan_loop:213 | Сканирование #175 завершено. Найдено сетапов: 0
2026-03-31 12:33:49 | INFO     | scanner:_scan_loop:190 | ═══ Сканирование #176 ═══
2026-03-31 12:34:21 | INFO     | scanner:_scan_loop:213 | Сканирование #176 завершено. Найдено сетапов: 0
2026-03-31 12:35:21 | INFO     | scanner:_scan_loop:190 | ═══ Сканирование #177 ═══
2026-03-31 12:35:54 | INFO     | scanner:_scan_loop:213 | Сканирование #177 завершено. Найдено сетапов: 0
2026-03-31 12:36:54 | INFO     | scanner:_scan_loop:190 | ═══ Сканирование #178 ═══
2026-03-31 12:37:26 | INFO     | scanner:_scan_loop:213 | Сканирование #178 завершено. Найдено сетапов: 0
2026-03-31 12:38:26 | INFO     | scanner:_scan_loop:190 | ═══ Сканирование #179 ═══
2026-03-31 12:38:58 | INFO     | scanner:_scan_loop:213 | Сканирование #179 завершено. Найдено сетапов: 0
2026-03-31 12:39:58 | INFO     | scanner:_scan_loop:190 | ═══ Сканирование #180 ═══
2026-03-31 12:40:09 | ERROR    | scanner:get_klines:88 | Ошибка загрузки данных FILUSDT 5: 'x-bapi-limit-reset-timestamp'
2026-03-31 12:40:29 | INFO     | scanner:_scan_loop:213 | Сканирование #180 завершено. Найдено сетапов: 0
2026-03-31 12:41:29 | INFO     | scanner:_scan_loop:190 | ═══ Сканирование #181 ═══
2026-03-31 12:42:11 | INFO     | scanner:_scan_loop:213 | Сканирование #181 завершено. Найдено сетапов: 0
2026-03-31 12:43:11 | INFO     | scanner:_scan_loop:190 | ═══ Сканирование #182 ═══
2026-03-31 12:43:42 | INFO     | scanner:_scan_loop:213 | Сканирование #182 завершено. Найдено сетапов: 0
2026-03-31 12:44:42 | INFO     | scanner:_scan_loop:190 | ═══ Сканирование #183 ═══
2026-03-31 12:45:03 | ERROR    | scanner:get_klines:88 | Ошибка загрузки данных IMXUSDT 15: 'x-bapi-limit-reset-timestamp'
2026-03-31 12:45:06 | ERROR    | scanner:get_klines:88 | Ошибка загрузки данных ETCUSDT 5: 'x-bapi-limit-reset-timestamp'
2026-03-31 12:45:07 | ERROR    | scanner:get_klines:88 | Ошибка загрузки данных AAVEUSDT 15: 'x-bapi-limit-reset-timestamp'
2026-03-31 12:45:08 | ERROR    | scanner:get_klines:88 | Ошибка загрузки данных CRVUSDT 5: 'x-bapi-limit-reset-timestamp'
2026-03-31 12:45:15 | INFO     | scanner:_scan_loop:213 | Сканирование #183 завершено. Найдено сетапов: 0
2026-03-31 12:46:15 | INFO     | scanner:_scan_loop:190 | ═══ Сканирование #184 ═══
2026-03-31 12:46:47 | INFO     | scanner:_scan_loop:213 | Сканирование #184 завершено. Найдено сетапов: 0
2026-03-31 12:47:47 | INFO     | scanner:_scan_loop:190 | ═══ Сканирование #185 ═══
2026-03-31 12:48:21 | INFO     | scanner:_scan_loop:213 | Сканирование #185 завершено. Найдено сетапов: 0
2026-03-31 12:49:21 | INFO     | scanner:_scan_loop:190 | ═══ Сканирование #186 ═══
2026-03-31 12:49:55 | INFO     | scanner:_scan_loop:213 | Сканирование #186 завершено. Найдено сетапов: 0
2026-03-31 12:50:55 | INFO     | scanner:_scan_loop:190 | ═══ Сканирование #187 ═══
2026-03-31 12:51:28 | INFO     | scanner:_scan_loop:213 | Сканирование #187 завершено. Найдено сетапов: 0
2026-03-31 12:52:28 | INFO     | scanner:_scan_loop:190 | ═══ Сканирование #188 ═══
2026-03-31 12:53:02 | INFO     | scanner:_scan_loop:213 | Сканирование #188 завершено. Найдено сетапов: 0
2026-03-31 12:54:02 | INFO     | scanner:_scan_loop:190 | ═══ Сканирование #189 ═══
2026-03-31 12:54:36 | INFO     | scanner:_scan_loop:213 | Сканирование #189 завершено. Найдено сетапов: 0
2026-03-31 12:55:36 | INFO     | scanner:_scan_loop:190 | ═══ Сканирование #190 ═══
2026-03-31 12:56:08 | INFO     | scanner:_scan_loop:213 | Сканирование #190 завершено. Найдено сетапов: 0
2026-03-31 12:57:08 | INFO     | scanner:_scan_loop:190 | ═══ Сканирование #191 ═══
2026-03-31 12:57:50 | INFO     | scanner:_scan_loop:213 | Сканирование #191 завершено. Найдено сетапов: 0
2026-03-31 12:58:50 | INFO     | scanner:_scan_loop:190 | ═══ Сканирование #192 ═══
2026-03-31 12:59:22 | INFO     | scanner:_scan_loop:213 | Сканирование #192 завершено. Найдено сетапов: 0
2026-03-31 13:00:22 | INFO     | scanner:_scan_loop:190 | ═══ Сканирование #193 ═══
2026-03-31 13:00:52 | INFO     | scanner:_scan_loop:213 | Сканирование #193 завершено. Найдено сетапов: 0
2026-03-31 13:01:52 | INFO     | scanner:_scan_loop:190 | ═══ Сканирование #194 ═══
2026-03-31 13:02:24 | INFO     | scanner:_scan_loop:213 | Сканирование #194 завершено. Найдено сетапов: 0
2026-03-31 13:03:24 | INFO     | scanner:_scan_loop:190 | ═══ Сканирование #195 ═══
2026-03-31 13:03:57 | INFO     | scanner:_scan_loop:213 | Сканирование #195 завершено. Найдено сетапов: 0
2026-03-31 13:04:57 | INFO     | scanner:_scan_loop:190 | ═══ Сканирование #196 ═══
2026-03-31 13:05:08 | ERROR    | scanner:get_klines:88 | Ошибка загрузки данных ARBUSDT 5: 'x-bapi-limit-reset-timestamp'
2026-03-31 13:05:27 | INFO     | scanner:_scan_loop:213 | Сканирование #196 завершено. Найдено сетапов: 0
2026-03-31 13:06:27 | INFO     | scanner:_scan_loop:190 | ═══ Сканирование #197 ═══
2026-03-31 13:07:01 | INFO     | scanner:_scan_loop:213 | Сканирование #197 завершено. Найдено сетапов: 0
2026-03-31 13:08:01 | INFO     | scanner:_scan_loop:190 | ═══ Сканирование #198 ═══
2026-03-31 13:08:34 | INFO     | scanner:_scan_loop:213 | Сканирование #198 завершено. Найдено сетапов: 0
2026-03-31 13:09:34 | INFO     | scanner:_scan_loop:190 | ═══ Сканирование #199 ═══
2026-03-31 13:10:08 | INFO     | scanner:_scan_loop:213 | Сканирование #199 завершено. Найдено сетапов: 0
2026-03-31 13:11:08 | INFO     | scanner:_scan_loop:190 | ═══ Сканирование #200 ═══
2026-03-31 13:11:40 | INFO     | scanner:_scan_loop:213 | Сканирование #200 завершено. Найдено сетапов: 0
2026-03-31 13:12:40 | INFO     | scanner:_scan_loop:190 | ═══ Сканирование #201 ═══
2026-03-31 13:13:21 | INFO     | scanner:_scan_loop:213 | Сканирование #201 завершено. Найдено сетапов: 0
2026-03-31 13:14:21 | INFO     | scanner:_scan_loop:190 | ═══ Сканирование #202 ═══
2026-03-31 13:14:54 | INFO     | scanner:_scan_loop:213 | Сканирование #202 завершено. Найдено сетапов: 0
2026-03-31 13:15:54 | INFO     | scanner:_scan_loop:190 | ═══ Сканирование #203 ═══
2026-03-31 13:16:26 | INFO     | scanner:_scan_loop:213 | Сканирование #203 завершено. Найдено сетапов: 0
2026-03-31 13:17:26 | INFO     | scanner:_scan_loop:190 | ═══ Сканирование #204 ═══
2026-03-31 13:17:59 | INFO     | scanner:_scan_loop:213 | Сканирование #204 завершено. Найдено сетапов: 0
2026-03-31 13:18:59 | INFO     | scanner:_scan_loop:190 | ═══ Сканирование #205 ═══
2026-03-31 13:19:29 | INFO     | scanner:_scan_loop:213 | Сканирование #205 завершено. Найдено сетапов: 0
2026-03-31 13:20:29 | INFO     | scanner:_scan_loop:190 | ═══ Сканирование #206 ═══
2026-03-31 13:21:02 | INFO     | scanner:_scan_loop:213 | Сканирование #206 завершено. Найдено сетапов: 0
2026-03-31 13:22:02 | INFO     | scanner:_scan_loop:190 | ═══ Сканирование #207 ═══
2026-03-31 13:22:33 | INFO     | scanner:_scan_loop:213 | Сканирование #207 завершено. Найдено сетапов: 0
2026-03-31 13:23:33 | INFO     | scanner:_scan_loop:190 | ═══ Сканирование #208 ═══
2026-03-31 13:24:06 | INFO     | scanner:_scan_loop:213 | Сканирование #208 завершено. Найдено сетапов: 0
2026-03-31 13:25:06 | INFO     | scanner:_scan_loop:190 | ═══ Сканирование #209 ═══
2026-03-31 13:25:38 | INFO     | scanner:_scan_loop:213 | Сканирование #209 завершено. Найдено сетапов: 0
2026-03-31 13:26:38 | INFO     | scanner:_scan_loop:190 | ═══ Сканирование #210 ═══
2026-03-31 13:27:09 | INFO     | scanner:_scan_loop:213 | Сканирование #210 завершено. Найдено сетапов: 0
2026-03-31 13:28:09 | INFO     | scanner:_scan_loop:190 | ═══ Сканирование #211 ═══
2026-03-31 13:28:51 | INFO     | scanner:_scan_loop:213 | Сканирование #211 завершено. Найдено сетапов: 0
2026-03-31 13:29:51 | INFO     | scanner:_scan_loop:190 | ═══ Сканирование #212 ═══
2026-03-31 13:30:01 | ERROR    | scanner:get_klines:88 | Ошибка загрузки данных ATOMUSDT 15: 'x-bapi-limit-reset-timestamp'
2026-03-31 13:30:02 | ERROR    | scanner:get_klines:88 | Ошибка загрузки данных LTCUSDT 15: 'x-bapi-limit-reset-timestamp'
2026-03-31 13:30:04 | ERROR    | scanner:get_klines:88 | Ошибка загрузки данных OPUSDT 5: 'x-bapi-limit-reset-timestamp'
2026-03-31 13:30:05 | ERROR    | scanner:get_klines:88 | Ошибка загрузки данных NEARUSDT 15: 'x-bapi-limit-reset-timestamp'
2026-03-31 13:30:08 | ERROR    | scanner:get_klines:88 | Ошибка загрузки данных WLDUSDT 5: 'x-bapi-limit-reset-timestamp'
2026-03-31 13:30:09 | ERROR    | scanner:get_klines:88 | Ошибка загрузки данных WIFUSDT 15: 'x-bapi-limit-reset-timestamp'
2026-03-31 13:30:11 | ERROR    | scanner:get_klines:88 | Ошибка загрузки данных STXUSDT 15: 'x-bapi-limit-reset-timestamp'
2026-03-31 13:30:11 | ERROR    | scanner:get_klines:88 | Ошибка загрузки данных IMXUSDT 5: 'x-bapi-limit-reset-timestamp'
2026-03-31 13:30:23 | INFO     | scanner:_scan_loop:213 | Сканирование #212 завершено. Найдено сетапов: 0
2026-03-31 13:31:23 | INFO     | scanner:_scan_loop:190 | ═══ Сканирование #213 ═══
2026-03-31 13:31:57 | INFO     | scanner:_scan_loop:213 | Сканирование #213 завершено. Найдено сетапов: 0
2026-03-31 13:32:57 | INFO     | scanner:_scan_loop:190 | ═══ Сканирование #214 ═══
2026-03-31 13:33:32 | INFO     | scanner:_scan_loop:213 | Сканирование #214 завершено. Найдено сетапов: 0
2026-03-31 13:34:32 | INFO     | scanner:_scan_loop:190 | ═══ Сканирование #215 ═══
2026-03-31 13:35:03 | INFO     | scanner:_scan_loop:213 | Сканирование #215 завершено. Найдено сетапов: 0
2026-03-31 13:36:03 | INFO     | scanner:_scan_loop:190 | ═══ Сканирование #216 ═══
2026-03-31 13:36:35 | INFO     | scanner:_scan_loop:213 | Сканирование #216 завершено. Найдено сетапов: 0
2026-03-31 13:37:35 | INFO     | scanner:_scan_loop:190 | ═══ Сканирование #217 ═══
2026-03-31 13:38:07 | INFO     | scanner:_scan_loop:213 | Сканирование #217 завершено. Найдено сетапов: 0
2026-03-31 13:39:07 | INFO     | scanner:_scan_loop:190 | ═══ Сканирование #218 ═══
2026-03-31 13:39:42 | INFO     | scanner:_scan_loop:213 | Сканирование #218 завершено. Найдено сетапов: 0
2026-03-31 13:40:42 | INFO     | scanner:_scan_loop:190 | ═══ Сканирование #219 ═══
2026-03-31 13:41:12 | INFO     | scanner:_scan_loop:213 | Сканирование #219 завершено. Найдено сетапов: 0
2026-03-31 13:42:12 | INFO     | scanner:_scan_loop:190 | ═══ Сканирование #220 ═══
2026-03-31 13:42:46 | INFO     | scanner:_scan_loop:213 | Сканирование #220 завершено. Найдено сетапов: 0
2026-03-31 13:43:46 | INFO     | scanner:_scan_loop:190 | ═══ Сканирование #221 ═══
2026-03-31 13:44:29 | INFO     | scanner:_scan_loop:213 | Сканирование #221 завершено. Найдено сетапов: 0
2026-03-31 13:45:29 | INFO     | scanner:_scan_loop:190 | ═══ Сканирование #222 ═══
2026-03-31 13:46:03 | INFO     | scanner:_scan_loop:213 | Сканирование #222 завершено. Найдено сетапов: 0
2026-03-31 13:47:03 | INFO     | scanner:_scan_loop:190 | ═══ Сканирование #223 ═══
2026-03-31 13:47:35 | INFO     | scanner:_scan_loop:213 | Сканирование #223 завершено. Найдено сетапов: 0
2026-03-31 13:48:35 | INFO     | scanner:_scan_loop:190 | ═══ Сканирование #224 ═══
2026-03-31 13:49:08 | INFO     | scanner:_scan_loop:213 | Сканирование #224 завершено. Найдено сетапов: 0
2026-03-31 13:50:08 | INFO     | scanner:_scan_loop:190 | ═══ Сканирование #225 ═══
2026-03-31 13:50:40 | INFO     | scanner:_scan_loop:213 | Сканирование #225 завершено. Найдено сетапов: 0
2026-03-31 13:51:40 | INFO     | scanner:_scan_loop:190 | ═══ Сканирование #226 ═══
2026-03-31 13:52:10 | INFO     | scanner:_scan_loop:213 | Сканирование #226 завершено. Найдено сетапов: 0
2026-03-31 13:53:10 | INFO     | scanner:_scan_loop:190 | ═══ Сканирование #227 ═══
2026-03-31 13:53:43 | INFO     | scanner:_scan_loop:213 | Сканирование #227 завершено. Найдено сетапов: 0
2026-03-31 13:54:43 | INFO     | scanner:_scan_loop:190 | ═══ Сканирование #228 ═══
2026-03-31 13:55:12 | ERROR    | scanner:get_klines:88 | Ошибка загрузки данных PYTHUSDT 15: 'x-bapi-limit-reset-timestamp'
2026-03-31 13:55:15 | INFO     | scanner:_scan_loop:213 | Сканирование #228 завершено. Найдено сетапов: 0
2026-03-31 13:56:15 | INFO     | scanner:_scan_loop:190 | ═══ Сканирование #229 ═══
2026-03-31 13:56:47 | INFO     | scanner:_scan_loop:213 | Сканирование #229 завершено. Найдено сетапов: 0
2026-03-31 13:57:47 | INFO     | scanner:_scan_loop:190 | ═══ Сканирование #230 ═══
2026-03-31 13:58:19 | INFO     | scanner:_scan_loop:213 | Сканирование #230 завершено. Найдено сетапов: 0
2026-03-31 13:59:19 | INFO     | scanner:_scan_loop:190 | ═══ Сканирование #231 ═══
2026-03-31 14:00:00 | ERROR    | scanner:get_klines:88 | Ошибка загрузки данных ENSUSDT 15: 'x-bapi-limit-reset-timestamp'
2026-03-31 14:00:02 | INFO     | scanner:_scan_loop:213 | Сканирование #231 завершено. Найдено сетапов: 0
2026-03-31 14:01:02 | INFO     | scanner:_scan_loop:190 | ═══ Сканирование #232 ═══
2026-03-31 14:01:07 | ERROR    | scanner:get_klines:88 | Ошибка загрузки данных AVAXUSDT 5: 'x-bapi-limit-reset-timestamp'
2026-03-31 14:01:34 | INFO     | scanner:_scan_loop:213 | Сканирование #232 завершено. Найдено сетапов: 0
2026-03-31 14:02:34 | INFO     | scanner:_scan_loop:190 | ═══ Сканирование #233 ═══
2026-03-31 14:03:08 | INFO     | scanner:_scan_loop:213 | Сканирование #233 завершено. Найдено сетапов: 0
2026-03-31 14:04:08 | INFO     | scanner:_scan_loop:190 | ═══ Сканирование #234 ═══
2026-03-31 14:04:38 | INFO     | scanner:_scan_loop:213 | Сканирование #234 завершено. Найдено сетапов: 0
2026-03-31 14:05:38 | INFO     | scanner:_scan_loop:190 | ═══ Сканирование #235 ═══
2026-03-31 14:06:12 | INFO     | scanner:_scan_loop:213 | Сканирование #235 завершено. Найдено сетапов: 0
2026-03-31 14:07:12 | INFO     | scanner:_scan_loop:190 | ═══ Сканирование #236 ═══
2026-03-31 14:07:43 | INFO     | scanner:_scan_loop:213 | Сканирование #236 завершено. Найдено сетапов: 0
2026-03-31 14:08:43 | INFO     | scanner:_scan_loop:190 | ═══ Сканирование #237 ═══
2026-03-31 14:09:15 | INFO     | scanner:_scan_loop:213 | Сканирование #237 завершено. Найдено сетапов: 0
2026-03-31 14:10:15 | INFO     | scanner:_scan_loop:190 | ═══ Сканирование #238 ═══
2026-03-31 14:10:47 | INFO     | scanner:_scan_loop:213 | Сканирование #238 завершено. Найдено сетапов: 0
2026-03-31 14:11:47 | INFO     | scanner:_scan_loop:190 | ═══ Сканирование #239 ═══
2026-03-31 14:12:19 | INFO     | scanner:_scan_loop:213 | Сканирование #239 завершено. Найдено сетапов: 0
2026-03-31 14:13:19 | INFO     | scanner:_scan_loop:190 | ═══ Сканирование #240 ═══
2026-03-31 14:13:55 | INFO     | scanner:_scan_loop:213 | Сканирование #240 завершено. Найдено сетапов: 0
2026-03-31 14:14:55 | INFO     | scanner:_scan_loop:190 | ═══ Сканирование #241 ═══
2026-03-31 14:15:03 | ERROR    | scanner:get_klines:88 | Ошибка загрузки данных DOTUSDT 15: 'x-bapi-limit-reset-timestamp'
2026-03-31 14:15:41 | INFO     | scanner:_scan_loop:213 | Сканирование #241 завершено. Найдено сетапов: 0
2026-03-31 14:16:41 | INFO     | scanner:_scan_loop:190 | ═══ Сканирование #242 ═══
2026-03-31 14:17:15 | INFO     | scanner:_scan_loop:213 | Сканирование #242 завершено. Найдено сетапов: 0
2026-03-31 14:18:15 | INFO     | scanner:_scan_loop:190 | ═══ Сканирование #243 ═══
2026-03-31 14:18:49 | INFO     | scanner:_scan_loop:213 | Сканирование #243 завершено. Найдено сетапов: 0
2026-03-31 14:19:49 | INFO     | scanner:_scan_loop:190 | ═══ Сканирование #244 ═══
2026-03-31 14:20:24 | INFO     | scanner:_scan_loop:213 | Сканирование #244 завершено. Найдено сетапов: 0
2026-03-31 14:21:24 | INFO     | scanner:_scan_loop:190 | ═══ Сканирование #245 ═══
2026-03-31 14:21:57 | INFO     | scanner:_scan_loop:213 | Сканирование #245 завершено. Найдено сетапов: 0
2026-03-31 14:22:57 | INFO     | scanner:_scan_loop:190 | ═══ Сканирование #246 ═══
2026-03-31 14:23:29 | INFO     | scanner:_scan_loop:213 | Сканирование #246 завершено. Найдено сетапов: 0
2026-03-31 14:24:29 | INFO     | scanner:_scan_loop:190 | ═══ Сканирование #247 ═══
2026-03-31 14:25:01 | INFO     | scanner:_scan_loop:213 | Сканирование #247 завершено. Найдено сетапов: 0
2026-03-31 14:26:01 | INFO     | scanner:_scan_loop:190 | ═══ Сканирование #248 ═══
2026-03-31 14:26:36 | INFO     | scanner:_scan_loop:213 | Сканирование #248 завершено. Найдено сетапов: 0
2026-03-31 14:27:36 | INFO     | scanner:_scan_loop:190 | ═══ Сканирование #249 ═══
2026-03-31 14:28:09 | INFO     | scanner:_scan_loop:213 | Сканирование #249 завершено. Найдено сетапов: 0
2026-03-31 14:29:09 | INFO     | scanner:_scan_loop:190 | ═══ Сканирование #250 ═══
2026-03-31 14:29:44 | INFO     | scanner:_scan_loop:213 | Сканирование #250 завершено. Найдено сетапов: 0
2026-03-31 14:30:44 | INFO     | scanner:_scan_loop:190 | ═══ Сканирование #251 ═══
2026-03-31 14:31:29 | INFO     | scanner:_scan_loop:213 | Сканирование #251 завершено. Найдено сетапов: 0
2026-03-31 14:32:29 | INFO     | scanner:_scan_loop:190 | ═══ Сканирование #252 ═══
2026-03-31 14:33:01 | INFO     | scanner:_scan_loop:213 | Сканирование #252 завершено. Найдено сетапов: 0
2026-03-31 14:34:01 | INFO     | scanner:_scan_loop:190 | ═══ Сканирование #253 ═══
2026-03-31 14:34:36 | INFO     | scanner:_scan_loop:213 | Сканирование #253 завершено. Найдено сетапов: 0
2026-03-31 14:35:36 | INFO     | scanner:_scan_loop:190 | ═══ Сканирование #254 ═══
2026-03-31 14:36:15 | INFO     | scanner:_scan_loop:213 | Сканирование #254 завершено. Найдено сетапов: 0
2026-03-31 14:37:15 | INFO     | scanner:_scan_loop:190 | ═══ Сканирование #255 ═══
2026-03-31 14:37:48 | INFO     | scanner:_scan_loop:213 | Сканирование #255 завершено. Найдено сетапов: 0
2026-03-31 14:38:48 | INFO     | scanner:_scan_loop:190 | ═══ Сканирование #256 ═══
2026-03-31 14:39:29 | INFO     | scanner:_scan_loop:213 | Сканирование #256 завершено. Найдено сетапов: 0
2026-03-31 14:40:29 | INFO     | scanner:_scan_loop:190 | ═══ Сканирование #257 ═══
2026-03-31 14:41:04 | INFO     | scanner:_scan_loop:213 | Сканирование #257 завершено. Найдено сетапов: 0
2026-03-31 14:42:04 | INFO     | scanner:_scan_loop:190 | ═══ Сканирование #258 ═══
2026-03-31 14:42:36 | INFO     | scanner:_scan_loop:213 | Сканирование #258 завершено. Найдено сетапов: 0
2026-03-31 14:43:36 | INFO     | scanner:_scan_loop:190 | ═══ Сканирование #259 ═══
2026-03-31 14:44:11 | DEBUG    | telegram_bot:send_message:50 | Сообщение отправлено в Telegram
2026-03-31 14:44:11 | INFO     | scanner:_scan_loop:213 | Сканирование #259 завершено. Найдено сетапов: 1
2026-03-31 14:45:11 | INFO     | scanner:_scan_loop:190 | ═══ Сканирование #260 ═══
2026-03-31 14:45:46 | INFO     | scanner:_scan_loop:213 | Сканирование #260 завершено. Найдено сетапов: 1
2026-03-31 14:46:46 | INFO     | scanner:_scan_loop:190 | ═══ Сканирование #261 ═══
2026-03-31 14:47:34 | INFO     | scanner:_scan_loop:213 | Сканирование #261 завершено. Найдено сетапов: 1
2026-03-31 14:48:34 | INFO     | scanner:_scan_loop:190 | ═══ Сканирование #262 ═══
2026-03-31 14:49:10 | INFO     | scanner:_scan_loop:213 | Сканирование #262 завершено. Найдено сетапов: 1
2026-03-31 14:50:10 | INFO     | scanner:_scan_loop:190 | ═══ Сканирование #263 ═══
2026-03-31 14:50:45 | INFO     | scanner:_scan_loop:213 | Сканирование #263 завершено. Найдено сетапов: 1
2026-03-31 14:51:45 | INFO     | scanner:_scan_loop:190 | ═══ Сканирование #264 ═══
2026-03-31 14:52:20 | INFO     | scanner:_scan_loop:213 | Сканирование #264 завершено. Найдено сетапов: 0
2026-03-31 14:53:20 | INFO     | scanner:_scan_loop:190 | ═══ Сканирование #265 ═══
2026-03-31 14:53:55 | INFO     | scanner:_scan_loop:213 | Сканирование #265 завершено. Найдено сетапов: 1
2026-03-31 14:54:55 | INFO     | scanner:_scan_loop:190 | ═══ Сканирование #266 ═══
2026-03-31 14:55:13 | ERROR    | scanner:get_klines:88 | Ошибка загрузки данных INJUSDT 5: 'x-bapi-limit-reset-timestamp'
2026-03-31 14:55:32 | INFO     | scanner:_scan_loop:213 | Сканирование #266 завершено. Найдено сетапов: 1
2026-03-31 14:56:32 | INFO     | scanner:_scan_loop:190 | ═══ Сканирование #267 ═══
2026-03-31 14:57:03 | INFO     | scanner:_scan_loop:213 | Сканирование #267 завершено. Найдено сетапов: 1
2026-03-31 14:58:03 | INFO     | scanner:_scan_loop:190 | ═══ Сканирование #268 ═══
2026-03-31 14:58:35 | INFO     | scanner:_scan_loop:213 | Сканирование #268 завершено. Найдено сетапов: 1
2026-03-31 14:59:35 | INFO     | scanner:_scan_loop:190 | ═══ Сканирование #269 ═══
2026-03-31 15:00:02 | ERROR    | scanner:get_klines:88 | Ошибка загрузки данных DYDXUSDT 15: 'x-bapi-limit-reset-timestamp'
2026-03-31 15:00:05 | ERROR    | scanner:get_klines:88 | Ошибка загрузки данных JTOUSDT 15: 'x-bapi-limit-reset-timestamp'
2026-03-31 15:00:09 | INFO     | scanner:_scan_loop:213 | Сканирование #269 завершено. Найдено сетапов: 1
2026-03-31 15:01:09 | INFO     | scanner:_scan_loop:190 | ═══ Сканирование #270 ═══
2026-03-31 15:01:42 | INFO     | scanner:_scan_loop:213 | Сканирование #270 завершено. Найдено сетапов: 1
2026-03-31 15:02:42 | INFO     | scanner:_scan_loop:190 | ═══ Сканирование #271 ═══
2026-03-31 15:03:25 | INFO     | scanner:_scan_loop:213 | Сканирование #271 завершено. Найдено сетапов: 1
2026-03-31 15:04:25 | INFO     | scanner:_scan_loop:190 | ═══ Сканирование #272 ═══
2026-03-31 15:04:55 | INFO     | risk_manager:open_trade:119 | Открыта сделка: FILUSDT SHORT @ 0.8316 | SL=0.8443854 | плечо=5x
2026-03-31 15:04:55 | INFO     | position_tracker:add_position:53 | Позиция добавлена: FILUSDT SHORT
2026-03-31 15:04:57 | DEBUG    | telegram_bot:send_message:50 | Сообщение отправлено в Telegram
2026-03-31 15:04:57 | INFO     | scanner:_scan_loop:213 | Сканирование #272 завершено. Найдено сетапов: 2
2026-03-31 15:05:57 | INFO     | scanner:_scan_loop:190 | ═══ Сканирование #273 ═══
2026-03-31 15:06:29 | INFO     | scanner:_scan_loop:213 | Сканирование #273 завершено. Найдено сетапов: 1
2026-03-31 15:07:29 | INFO     | scanner:_scan_loop:190 | ═══ Сканирование #274 ═══
2026-03-31 15:08:00 | INFO     | scanner:_scan_loop:213 | Сканирование #274 завершено. Найдено сетапов: 1
2026-03-31 15:09:00 | INFO     | scanner:_scan_loop:190 | ═══ Сканирование #275 ═══
2026-03-31 15:09:31 | INFO     | scanner:_scan_loop:213 | Сканирование #275 завершено. Найдено сетапов: 1
2026-03-31 15:10:31 | INFO     | scanner:_scan_loop:190 | ═══ Сканирование #276 ═══
2026-03-31 15:11:04 | INFO     | scanner:_scan_loop:213 | Сканирование #276 завершено. Найдено сетапов: 1
2026-03-31 15:12:04 | INFO     | scanner:_scan_loop:190 | ═══ Сканирование #277 ═══
2026-03-31 15:12:34 | INFO     | scanner:_scan_loop:213 | Сканирование #277 завершено. Найдено сетапов: 1
2026-03-31 15:13:34 | INFO     | scanner:_scan_loop:190 | ═══ Сканирование #278 ═══
2026-03-31 15:14:11 | INFO     | scanner:_scan_loop:213 | Сканирование #278 завершено. Найдено сетапов: 1
2026-03-31 15:15:11 | INFO     | scanner:_scan_loop:190 | ═══ Сканирование #279 ═══
2026-03-31 15:15:43 | INFO     | scanner:_scan_loop:213 | Сканирование #279 завершено. Найдено сетапов: 0
2026-03-31 15:16:43 | INFO     | scanner:_scan_loop:190 | ═══ Сканирование #280 ═══
2026-03-31 15:17:15 | INFO     | scanner:_scan_loop:213 | Сканирование #280 завершено. Найдено сетапов: 0
2026-03-31 15:18:15 | INFO     | scanner:_scan_loop:190 | ═══ Сканирование #281 ═══
2026-03-31 15:19:01 | INFO     | scanner:_scan_loop:213 | Сканирование #281 завершено. Найдено сетапов: 0
2026-03-31 15:20:01 | INFO     | scanner:_scan_loop:190 | ═══ Сканирование #282 ═══
2026-03-31 15:20:37 | INFO     | scanner:_scan_loop:213 | Сканирование #282 завершено. Найдено сетапов: 0
2026-03-31 15:21:37 | INFO     | scanner:_scan_loop:190 | ═══ Сканирование #283 ═══
2026-03-31 15:22:11 | INFO     | scanner:_scan_loop:213 | Сканирование #283 завершено. Найдено сетапов: 0
2026-03-31 15:23:11 | INFO     | scanner:_scan_loop:190 | ═══ Сканирование #284 ═══
2026-03-31 15:23:44 | INFO     | scanner:_scan_loop:213 | Сканирование #284 завершено. Найдено сетапов: 0
2026-03-31 15:24:44 | INFO     | scanner:_scan_loop:190 | ═══ Сканирование #285 ═══
2026-03-31 15:25:16 | INFO     | scanner:_scan_loop:213 | Сканирование #285 завершено. Найдено сетапов: 0
2026-03-31 15:26:16 | INFO     | scanner:_scan_loop:190 | ═══ Сканирование #286 ═══
2026-03-31 15:26:46 | INFO     | scanner:_scan_loop:213 | Сканирование #286 завершено. Найдено сетапов: 0
2026-03-31 15:27:46 | INFO     | scanner:_scan_loop:190 | ═══ Сканирование #287 ═══
2026-03-31 15:28:20 | INFO     | scanner:_scan_loop:213 | Сканирование #287 завершено. Найдено сетапов: 0
2026-03-31 15:29:20 | INFO     | scanner:_scan_loop:190 | ═══ Сканирование #288 ═══
2026-03-31 15:29:51 | INFO     | scanner:_scan_loop:213 | Сканирование #288 завершено. Найдено сетапов: 0
2026-03-31 15:30:51 | INFO     | scanner:_scan_loop:190 | ═══ Сканирование #289 ═══
2026-03-31 15:31:23 | INFO     | scanner:_scan_loop:213 | Сканирование #289 завершено. Найдено сетапов: 0
2026-03-31 15:32:23 | INFO     | scanner:_scan_loop:190 | ═══ Сканирование #290 ═══
2026-03-31 15:32:54 | INFO     | scanner:_scan_loop:213 | Сканирование #290 завершено. Найдено сетапов: 0
2026-03-31 15:33:54 | INFO     | scanner:_scan_loop:190 | ═══ Сканирование #291 ═══
2026-03-31 15:34:38 | INFO     | scanner:_scan_loop:213 | Сканирование #291 завершено. Найдено сетапов: 0
2026-03-31 15:35:38 | INFO     | scanner:_scan_loop:190 | ═══ Сканирование #292 ═══
2026-03-31 15:36:09 | INFO     | scanner:_scan_loop:213 | Сканирование #292 завершено. Найдено сетапов: 0
2026-03-31 15:37:09 | INFO     | scanner:_scan_loop:190 | ═══ Сканирование #293 ═══
2026-03-31 15:37:39 | INFO     | scanner:_scan_loop:213 | Сканирование #293 завершено. Найдено сетапов: 0
2026-03-31 15:38:39 | INFO     | scanner:_scan_loop:190 | ═══ Сканирование #294 ═══
2026-03-31 15:39:12 | INFO     | scanner:_scan_loop:213 | Сканирование #294 завершено. Найдено сетапов: 0
2026-03-31 15:40:12 | INFO     | scanner:_scan_loop:190 | ═══ Сканирование #295 ═══
2026-03-31 15:40:42 | INFO     | scanner:_scan_loop:213 | Сканирование #295 завершено. Найдено сетапов: 0
2026-03-31 15:41:42 | INFO     | scanner:_scan_loop:190 | ═══ Сканирование #296 ═══
2026-03-31 15:42:12 | INFO     | scanner:_scan_loop:213 | Сканирование #296 завершено. Найдено сетапов: 0
2026-03-31 15:43:12 | INFO     | scanner:_scan_loop:190 | ═══ Сканирование #297 ═══
2026-03-31 15:43:43 | INFO     | scanner:_scan_loop:213 | Сканирование #297 завершено. Найдено сетапов: 0
2026-03-31 15:44:43 | INFO     | scanner:_scan_loop:190 | ═══ Сканирование #298 ═══
2026-03-31 15:45:03 | ERROR    | scanner:get_klines:88 | Ошибка загрузки данных TRXUSDT 15: 'x-bapi-limit-reset-timestamp'
2026-03-31 15:45:04 | ERROR    | scanner:get_klines:88 | Ошибка загрузки данных ETCUSDT 15: 'x-bapi-limit-reset-timestamp'
2026-03-31 15:45:05 | ERROR    | scanner:get_klines:88 | Ошибка загрузки данных AAVEUSDT 15: 'x-bapi-limit-reset-timestamp'
2026-03-31 15:45:09 | ERROR    | scanner:get_klines:88 | Ошибка загрузки данных PENDLEUSDT 5: 'x-bapi-limit-reset-timestamp'
2026-03-31 15:45:11 | ERROR    | scanner:get_klines:88 | Ошибка загрузки данных STRKUSDT 15: 'x-bapi-limit-reset-timestamp'
2026-03-31 15:45:14 | INFO     | scanner:_scan_loop:213 | Сканирование #298 завершено. Найдено сетапов: 0
2026-03-31 15:46:14 | INFO     | scanner:_scan_loop:190 | ═══ Сканирование #299 ═══
2026-03-31 15:46:47 | INFO     | scanner:_scan_loop:213 | Сканирование #299 завершено. Найдено сетапов: 0
2026-03-31 15:47:47 | INFO     | scanner:_scan_loop:190 | ═══ Сканирование #300 ═══
2026-03-31 15:48:20 | INFO     | scanner:_scan_loop:213 | Сканирование #300 завершено. Найдено сетапов: 0
2026-03-31 15:49:20 | INFO     | scanner:_scan_loop:190 | ═══ Сканирование #301 ═══
2026-03-31 15:50:09 | INFO     | scanner:_scan_loop:213 | Сканирование #301 завершено. Найдено сетапов: 0
2026-03-31 15:51:09 | INFO     | scanner:_scan_loop:190 | ═══ Сканирование #302 ═══
2026-03-31 15:51:48 | INFO     | scanner:_scan_loop:213 | Сканирование #302 завершено. Найдено сетапов: 0
2026-03-31 15:52:48 | INFO     | scanner:_scan_loop:190 | ═══ Сканирование #303 ═══
2026-03-31 15:53:24 | INFO     | scanner:_scan_loop:213 | Сканирование #303 завершено. Найдено сетапов: 0
2026-03-31 15:54:24 | INFO     | scanner:_scan_loop:190 | ═══ Сканирование #304 ═══
2026-03-31 15:54:55 | INFO     | scanner:_scan_loop:213 | Сканирование #304 завершено. Найдено сетапов: 0
2026-03-31 15:55:55 | INFO     | scanner:_scan_loop:190 | ═══ Сканирование #305 ═══
2026-03-31 15:56:30 | INFO     | scanner:_scan_loop:213 | Сканирование #305 завершено. Найдено сетапов: 0
2026-03-31 15:57:30 | INFO     | scanner:_scan_loop:190 | ═══ Сканирование #306 ═══
2026-03-31 15:58:02 | INFO     | scanner:_scan_loop:213 | Сканирование #306 завершено. Найдено сетапов: 0
2026-03-31 15:59:02 | INFO     | scanner:_scan_loop:190 | ═══ Сканирование #307 ═══
2026-03-31 15:59:40 | INFO     | scanner:_scan_loop:213 | Сканирование #307 завершено. Найдено сетапов: 0
2026-03-31 16:00:40 | INFO     | scanner:_scan_loop:190 | ═══ Сканирование #308 ═══
2026-03-31 16:01:06 | ERROR    | scanner:get_klines:88 | Ошибка загрузки данных WIFUSDT 15: 'x-bapi-limit-reset-timestamp'
2026-03-31 16:01:28 | DEBUG    | telegram_bot:send_message:50 | Сообщение отправлено в Telegram
2026-03-31 16:01:28 | INFO     | scanner:_scan_loop:213 | Сканирование #308 завершено. Найдено сетапов: 1
2026-03-31 16:02:28 | INFO     | scanner:_scan_loop:190 | ═══ Сканирование #309 ═══
2026-03-31 16:03:00 | INFO     | scanner:_scan_loop:213 | Сканирование #309 завершено. Найдено сетапов: 1
2026-03-31 16:04:00 | INFO     | scanner:_scan_loop:190 | ═══ Сканирование #310 ═══
2026-03-31 16:04:20 | ERROR    | scanner:get_current_prices:110 | Ошибка получения цен: HTTPSConnectionPool(host='api.bybit.com', port=443): Read timed out.
2026-03-31 16:04:33 | INFO     | scanner:_scan_loop:213 | Сканирование #310 завершено. Найдено сетапов: 1
2026-03-31 16:05:33 | INFO     | scanner:_scan_loop:190 | ═══ Сканирование #311 ═══
2026-03-31 16:06:19 | INFO     | scanner:_scan_loop:213 | Сканирование #311 завершено. Найдено сетапов: 1
2026-03-31 16:07:19 | INFO     | scanner:_scan_loop:190 | ═══ Сканирование #312 ═══
2026-03-31 16:07:50 | INFO     | scanner:_scan_loop:213 | Сканирование #312 завершено. Найдено сетапов: 1
2026-03-31 16:08:50 | INFO     | scanner:_scan_loop:190 | ═══ Сканирование #313 ═══
2026-03-31 16:09:24 | INFO     | scanner:_scan_loop:213 | Сканирование #313 завершено. Найдено сетапов: 1
2026-03-31 16:10:24 | INFO     | scanner:_scan_loop:190 | ═══ Сканирование #314 ═══
2026-03-31 16:10:57 | INFO     | scanner:_scan_loop:213 | Сканирование #314 завершено. Найдено сетапов: 1
2026-03-31 16:11:57 | INFO     | scanner:_scan_loop:190 | ═══ Сканирование #315 ═══
2026-03-31 16:12:31 | INFO     | scanner:_scan_loop:213 | Сканирование #315 завершено. Найдено сетапов: 1
2026-03-31 16:13:31 | INFO     | scanner:_scan_loop:190 | ═══ Сканирование #316 ═══
2026-03-31 16:14:02 | INFO     | scanner:_scan_loop:213 | Сканирование #316 завершено. Найдено сетапов: 1
2026-03-31 16:15:02 | INFO     | scanner:_scan_loop:190 | ═══ Сканирование #317 ═══
2026-03-31 16:15:05 | ERROR    | scanner:get_klines:88 | Ошибка загрузки данных XRPUSDT 5: 'x-bapi-limit-reset-timestamp'
2026-03-31 16:15:11 | ERROR    | scanner:get_klines:88 | Ошибка загрузки данных LTCUSDT 15: 'x-bapi-limit-reset-timestamp'
2026-03-31 16:15:33 | INFO     | scanner:_scan_loop:213 | Сканирование #317 завершено. Найдено сетапов: 1
2026-03-31 16:16:33 | INFO     | scanner:_scan_loop:190 | ═══ Сканирование #318 ═══
2026-03-31 16:17:03 | INFO     | scanner:_scan_loop:213 | Сканирование #318 завершено. Найдено сетапов: 1
2026-03-31 16:18:03 | INFO     | scanner:_scan_loop:190 | ═══ Сканирование #319 ═══
2026-03-31 16:18:36 | INFO     | scanner:_scan_loop:213 | Сканирование #319 завершено. Найдено сетапов: 1
2026-03-31 16:19:36 | INFO     | scanner:_scan_loop:190 | ═══ Сканирование #320 ═══
2026-03-31 16:20:06 | INFO     | scanner:_scan_loop:213 | Сканирование #320 завершено. Найдено сетапов: 1
2026-03-31 16:21:06 | INFO     | scanner:_scan_loop:190 | ═══ Сканирование #321 ═══
2026-03-31 16:21:49 | INFO     | scanner:_scan_loop:213 | Сканирование #321 завершено. Найдено сетапов: 1
2026-03-31 16:22:49 | INFO     | scanner:_scan_loop:190 | ═══ Сканирование #322 ═══
2026-03-31 16:23:20 | INFO     | scanner:_scan_loop:213 | Сканирование #322 завершено. Найдено сетапов: 1
2026-03-31 16:24:20 | INFO     | scanner:_scan_loop:190 | ═══ Сканирование #323 ═══
2026-03-31 16:24:52 | INFO     | scanner:_scan_loop:213 | Сканирование #323 завершено. Найдено сетапов: 1
2026-03-31 16:25:52 | INFO     | scanner:_scan_loop:190 | ═══ Сканирование #324 ═══
2026-03-31 16:26:26 | INFO     | scanner:_scan_loop:213 | Сканирование #324 завершено. Найдено сетапов: 1
2026-03-31 16:27:26 | INFO     | scanner:_scan_loop:190 | ═══ Сканирование #325 ═══
2026-03-31 16:27:58 | INFO     | scanner:_scan_loop:213 | Сканирование #325 завершено. Найдено сетапов: 1
2026-03-31 16:28:58 | INFO     | scanner:_scan_loop:190 | ═══ Сканирование #326 ═══
2026-03-31 16:29:32 | INFO     | scanner:_scan_loop:213 | Сканирование #326 завершено. Найдено сетапов: 1
2026-03-31 16:30:32 | INFO     | scanner:_scan_loop:190 | ═══ Сканирование #327 ═══
2026-03-31 16:31:05 | INFO     | scanner:_scan_loop:213 | Сканирование #327 завершено. Найдено сетапов: 1
2026-03-31 16:32:05 | INFO     | scanner:_scan_loop:190 | ═══ Сканирование #328 ═══
2026-03-31 16:32:40 | DEBUG    | telegram_bot:send_message:50 | Сообщение отправлено в Telegram
2026-03-31 16:32:40 | INFO     | scanner:_scan_loop:213 | Сканирование #328 завершено. Найдено сетапов: 1
2026-03-31 16:33:40 | INFO     | scanner:_scan_loop:190 | ═══ Сканирование #329 ═══
2026-03-31 16:34:13 | INFO     | scanner:_scan_loop:213 | Сканирование #329 завершено. Найдено сетапов: 1
2026-03-31 16:35:13 | INFO     | scanner:_scan_loop:190 | ═══ Сканирование #330 ═══
2026-03-31 16:35:44 | INFO     | scanner:_scan_loop:213 | Сканирование #330 завершено. Найдено сетапов: 1
2026-03-31 16:36:44 | INFO     | scanner:_scan_loop:190 | ═══ Сканирование #331 ═══
2026-03-31 16:37:24 | INFO     | scanner:_scan_loop:213 | Сканирование #331 завершено. Найдено сетапов: 1
2026-03-31 16:38:24 | INFO     | scanner:_scan_loop:190 | ═══ Сканирование #332 ═══
2026-03-31 16:38:55 | INFO     | scanner:_scan_loop:213 | Сканирование #332 завершено. Найдено сетапов: 1
2026-03-31 16:39:55 | INFO     | scanner:_scan_loop:190 | ═══ Сканирование #333 ═══
2026-03-31 16:40:08 | ERROR    | scanner:get_klines:88 | Ошибка загрузки данных OPUSDT 15: 'x-bapi-limit-reset-timestamp'
2026-03-31 16:40:29 | INFO     | scanner:_scan_loop:213 | Сканирование #333 завершено. Найдено сетапов: 1
2026-03-31 16:41:29 | INFO     | scanner:_scan_loop:190 | ═══ Сканирование #334 ═══
2026-03-31 16:42:01 | INFO     | scanner:_scan_loop:213 | Сканирование #334 завершено. Найдено сетапов: 1
2026-03-31 16:43:01 | INFO     | scanner:_scan_loop:190 | ═══ Сканирование #335 ═══
2026-03-31 16:43:30 | INFO     | scanner:_scan_loop:213 | Сканирование #335 завершено. Найдено сетапов: 1
2026-03-31 16:44:30 | INFO     | scanner:_scan_loop:190 | ═══ Сканирование #336 ═══
2026-03-31 16:45:01 | INFO     | scanner:_scan_loop:213 | Сканирование #336 завершено. Найдено сетапов: 1
2026-03-31 16:46:01 | INFO     | scanner:_scan_loop:190 | ═══ Сканирование #337 ═══
2026-03-31 16:46:33 | INFO     | scanner:_scan_loop:213 | Сканирование #337 завершено. Найдено сетапов: 1
2026-03-31 16:47:33 | INFO     | scanner:_scan_loop:190 | ═══ Сканирование #338 ═══
2026-03-31 16:48:04 | INFO     | scanner:_scan_loop:213 | Сканирование #338 завершено. Найдено сетапов: 1
2026-03-31 16:49:04 | INFO     | scanner:_scan_loop:190 | ═══ Сканирование #339 ═══
2026-03-31 16:49:37 | INFO     | scanner:_scan_loop:213 | Сканирование #339 завершено. Найдено сетапов: 1
2026-03-31 16:50:37 | INFO     | scanner:_scan_loop:190 | ═══ Сканирование #340 ═══
2026-03-31 16:51:09 | INFO     | scanner:_scan_loop:213 | Сканирование #340 завершено. Найдено сетапов: 2
2026-03-31 16:52:09 | INFO     | scanner:_scan_loop:190 | ═══ Сканирование #341 ═══
2026-03-31 16:52:53 | INFO     | scanner:_scan_loop:213 | Сканирование #341 завершено. Найдено сетапов: 2
2026-03-31 16:53:53 | INFO     | scanner:_scan_loop:190 | ═══ Сканирование #342 ═══
2026-03-31 16:54:26 | INFO     | scanner:_scan_loop:213 | Сканирование #342 завершено. Найдено сетапов: 2
2026-03-31 16:55:26 | INFO     | scanner:_scan_loop:190 | ═══ Сканирование #343 ═══
2026-03-31 16:56:02 | INFO     | scanner:_scan_loop:213 | Сканирование #343 завершено. Найдено сетапов: 2
2026-03-31 16:57:02 | INFO     | scanner:_scan_loop:190 | ═══ Сканирование #344 ═══
2026-03-31 16:57:35 | INFO     | scanner:_scan_loop:213 | Сканирование #344 завершено. Найдено сетапов: 1
2026-03-31 16:58:35 | INFO     | scanner:_scan_loop:190 | ═══ Сканирование #345 ═══
2026-03-31 16:59:08 | INFO     | scanner:_scan_loop:213 | Сканирование #345 завершено. Найдено сетапов: 1
2026-03-31 17:00:08 | INFO     | scanner:_scan_loop:190 | ═══ Сканирование #346 ═══
2026-03-31 17:00:20 | ERROR    | scanner:get_klines:88 | Ошибка загрузки данных FILUSDT 15: 'x-bapi-limit-reset-timestamp'
2026-03-31 17:00:46 | INFO     | scanner:_scan_loop:213 | Сканирование #346 завершено. Найдено сетапов: 1
2026-03-31 17:01:46 | INFO     | scanner:_scan_loop:190 | ═══ Сканирование #347 ═══
2026-03-31 17:02:25 | INFO     | scanner:_scan_loop:213 | Сканирование #347 завершено. Найдено сетапов: 2
2026-03-31 17:03:25 | INFO     | scanner:_scan_loop:190 | ═══ Сканирование #348 ═══
2026-03-31 17:04:01 | DEBUG    | telegram_bot:send_message:50 | Сообщение отправлено в Telegram
2026-03-31 17:04:01 | INFO     | scanner:_scan_loop:213 | Сканирование #348 завершено. Найдено сетапов: 2
2026-03-31 17:05:01 | INFO     | scanner:_scan_loop:190 | ═══ Сканирование #349 ═══
2026-03-31 17:05:37 | INFO     | scanner:_scan_loop:213 | Сканирование #349 завершено. Найдено сетапов: 1
2026-03-31 17:06:37 | INFO     | scanner:_scan_loop:190 | ═══ Сканирование #350 ═══
2026-03-31 17:07:09 | INFO     | scanner:_scan_loop:213 | Сканирование #350 завершено. Найдено сетапов: 1
2026-03-31 17:08:09 | INFO     | scanner:_scan_loop:190 | ═══ Сканирование #351 ═══
2026-03-31 17:08:53 | INFO     | scanner:_scan_loop:213 | Сканирование #351 завершено. Найдено сетапов: 1
2026-03-31 17:09:53 | INFO     | scanner:_scan_loop:190 | ═══ Сканирование #352 ═══
2026-03-31 17:10:23 | INFO     | scanner:_scan_loop:213 | Сканирование #352 завершено. Найдено сетапов: 1
2026-03-31 17:11:23 | INFO     | scanner:_scan_loop:190 | ═══ Сканирование #353 ═══
2026-03-31 17:11:54 | INFO     | scanner:_scan_loop:213 | Сканирование #353 завершено. Найдено сетапов: 1
2026-03-31 17:12:54 | INFO     | scanner:_scan_loop:190 | ═══ Сканирование #354 ═══
2026-03-31 17:13:27 | INFO     | scanner:_scan_loop:213 | Сканирование #354 завершено. Найдено сетапов: 1
2026-03-31 17:14:27 | INFO     | scanner:_scan_loop:190 | ═══ Сканирование #355 ═══
2026-03-31 17:14:59 | INFO     | scanner:_scan_loop:213 | Сканирование #355 завершено. Найдено сетапов: 2
2026-03-31 17:15:59 | INFO     | scanner:_scan_loop:190 | ═══ Сканирование #356 ═══
2026-03-31 17:16:32 | INFO     | scanner:_scan_loop:213 | Сканирование #356 завершено. Найдено сетапов: 2
2026-03-31 17:17:32 | INFO     | scanner:_scan_loop:190 | ═══ Сканирование #357 ═══
2026-03-31 17:18:03 | INFO     | scanner:_scan_loop:213 | Сканирование #357 завершено. Найдено сетапов: 1
2026-03-31 17:19:03 | INFO     | scanner:_scan_loop:190 | ═══ Сканирование #358 ═══
2026-03-31 17:19:37 | INFO     | scanner:_scan_loop:213 | Сканирование #358 завершено. Найдено сетапов: 1
2026-03-31 17:20:37 | INFO     | scanner:_scan_loop:190 | ═══ Сканирование #359 ═══
2026-03-31 17:21:07 | INFO     | scanner:_scan_loop:213 | Сканирование #359 завершено. Найдено сетапов: 1
2026-03-31 17:22:07 | INFO     | scanner:_scan_loop:190 | ═══ Сканирование #360 ═══
2026-03-31 17:22:39 | INFO     | scanner:_scan_loop:213 | Сканирование #360 завершено. Найдено сетапов: 1
2026-03-31 17:23:39 | INFO     | scanner:_scan_loop:190 | ═══ Сканирование #361 ═══
2026-03-31 17:24:26 | INFO     | scanner:_scan_loop:213 | Сканирование #361 завершено. Найдено сетапов: 1
2026-03-31 17:25:26 | INFO     | scanner:_scan_loop:190 | ═══ Сканирование #362 ═══
2026-03-31 17:26:02 | INFO     | scanner:_scan_loop:213 | Сканирование #362 завершено. Найдено сетапов: 1
2026-03-31 17:27:02 | INFO     | scanner:_scan_loop:190 | ═══ Сканирование #363 ═══
2026-03-31 17:27:32 | INFO     | scanner:_scan_loop:213 | Сканирование #363 завершено. Найдено сетапов: 1
2026-03-31 17:28:32 | INFO     | scanner:_scan_loop:190 | ═══ Сканирование #364 ═══
2026-03-31 17:29:06 | INFO     | scanner:_scan_loop:213 | Сканирование #364 завершено. Найдено сетапов: 1
2026-03-31 17:30:06 | INFO     | scanner:_scan_loop:190 | ═══ Сканирование #365 ═══
2026-03-31 17:30:11 | ERROR    | scanner:get_klines:88 | Ошибка загрузки данных AVAXUSDT 15: 'x-bapi-limit-reset-timestamp'
2026-03-31 17:30:38 | INFO     | scanner:_scan_loop:213 | Сканирование #365 завершено. Найдено сетапов: 1
2026-03-31 17:31:38 | INFO     | scanner:_scan_loop:190 | ═══ Сканирование #366 ═══
2026-03-31 17:32:12 | INFO     | scanner:_scan_loop:213 | Сканирование #366 завершено. Найдено сетапов: 1
2026-03-31 17:33:12 | INFO     | scanner:_scan_loop:190 | ═══ Сканирование #367 ═══
2026-03-31 17:33:46 | INFO     | scanner:_scan_loop:213 | Сканирование #367 завершено. Найдено сетапов: 1
2026-03-31 17:34:46 | INFO     | scanner:_scan_loop:190 | ═══ Сканирование #368 ═══
2026-03-31 17:35:11 | ERROR    | scanner:get_klines:88 | Ошибка загрузки данных DYDXUSDT 15: 'x-bapi-limit-reset-timestamp'
2026-03-31 17:35:17 | INFO     | scanner:_scan_loop:213 | Сканирование #368 завершено. Найдено сетапов: 0
2026-03-31 17:36:17 | INFO     | scanner:_scan_loop:190 | ═══ Сканирование #369 ═══
2026-03-31 17:36:49 | INFO     | scanner:_scan_loop:213 | Сканирование #369 завершено. Найдено сетапов: 0
2026-03-31 17:37:49 | INFO     | scanner:_scan_loop:190 | ═══ Сканирование #370 ═══
2026-03-31 17:38:19 | INFO     | scanner:_scan_loop:213 | Сканирование #370 завершено. Найдено сетапов: 0
2026-03-31 17:39:20 | INFO     | scanner:_scan_loop:190 | ═══ Сканирование #371 ═══
2026-03-31 17:40:01 | INFO     | scanner:_scan_loop:213 | Сканирование #371 завершено. Найдено сетапов: 0
2026-03-31 17:41:01 | INFO     | scanner:_scan_loop:190 | ═══ Сканирование #372 ═══
2026-03-31 17:41:33 | INFO     | scanner:_scan_loop:213 | Сканирование #372 завершено. Найдено сетапов: 0
2026-03-31 17:42:33 | INFO     | scanner:_scan_loop:190 | ═══ Сканирование #373 ═══
2026-03-31 17:43:03 | INFO     | scanner:_scan_loop:213 | Сканирование #373 завершено. Найдено сетапов: 0
2026-03-31 17:44:03 | INFO     | scanner:_scan_loop:190 | ═══ Сканирование #374 ═══
2026-03-31 17:44:33 | INFO     | scanner:_scan_loop:213 | Сканирование #374 завершено. Найдено сетапов: 0
2026-03-31 17:45:33 | INFO     | scanner:_scan_loop:190 | ═══ Сканирование #375 ═══
2026-03-31 17:46:10 | DEBUG    | telegram_bot:send_message:50 | Сообщение отправлено в Telegram
2026-03-31 17:46:10 | INFO     | scanner:_scan_loop:213 | Сканирование #375 завершено. Найдено сетапов: 1
2026-03-31 17:47:10 | INFO     | scanner:_scan_loop:190 | ═══ Сканирование #376 ═══
2026-03-31 17:47:40 | INFO     | scanner:_scan_loop:213 | Сканирование #376 завершено. Найдено сетапов: 1
2026-03-31 17:48:40 | INFO     | scanner:_scan_loop:190 | ═══ Сканирование #377 ═══
2026-03-31 17:49:12 | INFO     | scanner:_scan_loop:213 | Сканирование #377 завершено. Найдено сетапов: 1
2026-03-31 17:50:12 | INFO     | scanner:_scan_loop:190 | ═══ Сканирование #378 ═══
2026-03-31 17:50:42 | INFO     | scanner:_scan_loop:213 | Сканирование #378 завершено. Найдено сетапов: 1
2026-03-31 17:51:42 | INFO     | scanner:_scan_loop:190 | ═══ Сканирование #379 ═══
2026-03-31 17:52:14 | INFO     | scanner:_scan_loop:213 | Сканирование #379 завершено. Найдено сетапов: 0
2026-03-31 17:53:14 | INFO     | scanner:_scan_loop:190 | ═══ Сканирование #380 ═══
2026-03-31 17:53:45 | INFO     | scanner:_scan_loop:213 | Сканирование #380 завершено. Найдено сетапов: 0
2026-03-31 17:54:45 | INFO     | scanner:_scan_loop:190 | ═══ Сканирование #381 ═══
2026-03-31 17:55:33 | INFO     | scanner:_scan_loop:213 | Сканирование #381 завершено. Найдено сетапов: 0
2026-03-31 17:56:33 | INFO     | scanner:_scan_loop:190 | ═══ Сканирование #382 ═══
2026-03-31 17:57:07 | INFO     | scanner:_scan_loop:213 | Сканирование #382 завершено. Найдено сетапов: 0
2026-03-31 17:58:07 | INFO     | scanner:_scan_loop:190 | ═══ Сканирование #383 ═══
2026-03-31 17:58:40 | INFO     | scanner:_scan_loop:213 | Сканирование #383 завершено. Найдено сетапов: 0
2026-03-31 17:59:40 | INFO     | scanner:_scan_loop:190 | ═══ Сканирование #384 ═══
2026-03-31 18:00:07 | ERROR    | scanner:get_klines:88 | Ошибка загрузки данных ETCUSDT 15: 'x-bapi-limit-reset-timestamp'
2026-03-31 18:00:08 | ERROR    | scanner:get_klines:88 | Ошибка загрузки данных AAVEUSDT 5: 'x-bapi-limit-reset-timestamp'
2026-03-31 18:00:08 | ERROR    | scanner:get_klines:88 | Ошибка загрузки данных SNXUSDT 15: 'x-bapi-limit-reset-timestamp'
2026-03-31 18:00:17 | INFO     | scanner:_scan_loop:213 | Сканирование #384 завершено. Найдено сетапов: 0
2026-03-31 18:01:17 | INFO     | scanner:_scan_loop:190 | ═══ Сканирование #385 ═══
2026-03-31 18:01:51 | INFO     | scanner:_scan_loop:213 | Сканирование #385 завершено. Найдено сетапов: 0
2026-03-31 18:02:51 | INFO     | scanner:_scan_loop:190 | ═══ Сканирование #386 ═══
2026-03-31 18:03:23 | INFO     | scanner:_scan_loop:213 | Сканирование #386 завершено. Найдено сетапов: 0
2026-03-31 18:04:23 | INFO     | scanner:_scan_loop:190 | ═══ Сканирование #387 ═══
2026-03-31 18:04:53 | INFO     | scanner:_scan_loop:213 | Сканирование #387 завершено. Найдено сетапов: 0
2026-03-31 18:05:53 | INFO     | scanner:_scan_loop:190 | ═══ Сканирование #388 ═══
2026-03-31 18:06:27 | INFO     | scanner:_scan_loop:213 | Сканирование #388 завершено. Найдено сетапов: 0
2026-03-31 18:07:27 | INFO     | scanner:_scan_loop:190 | ═══ Сканирование #389 ═══
2026-03-31 18:07:56 | INFO     | scanner:_scan_loop:213 | Сканирование #389 завершено. Найдено сетапов: 0
2026-03-31 18:08:56 | INFO     | scanner:_scan_loop:190 | ═══ Сканирование #390 ═══
2026-03-31 18:09:27 | INFO     | scanner:_scan_loop:213 | Сканирование #390 завершено. Найдено сетапов: 0
2026-03-31 18:10:27 | INFO     | scanner:_scan_loop:190 | ═══ Сканирование #391 ═══
2026-03-31 18:11:10 | INFO     | scanner:_scan_loop:213 | Сканирование #391 завершено. Найдено сетапов: 0
2026-03-31 18:12:10 | INFO     | scanner:_scan_loop:190 | ═══ Сканирование #392 ═══
2026-03-31 18:12:40 | INFO     | scanner:_scan_loop:213 | Сканирование #392 завершено. Найдено сетапов: 0
2026-03-31 18:13:40 | INFO     | scanner:_scan_loop:190 | ═══ Сканирование #393 ═══
2026-03-31 18:14:13 | INFO     | scanner:_scan_loop:213 | Сканирование #393 завершено. Найдено сетапов: 0
2026-03-31 18:15:13 | INFO     | scanner:_scan_loop:190 | ═══ Сканирование #394 ═══
2026-03-31 18:15:44 | INFO     | scanner:_scan_loop:213 | Сканирование #394 завершено. Найдено сетапов: 0
2026-03-31 18:16:44 | INFO     | scanner:_scan_loop:190 | ═══ Сканирование #395 ═══
2026-03-31 18:17:15 | INFO     | scanner:_scan_loop:213 | Сканирование #395 завершено. Найдено сетапов: 0
2026-03-31 18:18:15 | INFO     | scanner:_scan_loop:190 | ═══ Сканирование #396 ═══
2026-03-31 18:18:45 | INFO     | scanner:_scan_loop:213 | Сканирование #396 завершено. Найдено сетапов: 0
2026-03-31 18:19:45 | INFO     | scanner:_scan_loop:190 | ═══ Сканирование #397 ═══
2026-03-31 18:20:15 | INFO     | scanner:_scan_loop:213 | Сканирование #397 завершено. Найдено сетапов: 0
2026-03-31 18:21:15 | INFO     | scanner:_scan_loop:190 | ═══ Сканирование #398 ═══
2026-03-31 18:21:50 | INFO     | scanner:_scan_loop:213 | Сканирование #398 завершено. Найдено сетапов: 0
2026-03-31 18:22:50 | INFO     | scanner:_scan_loop:190 | ═══ Сканирование #399 ═══
2026-03-31 18:23:21 | INFO     | scanner:_scan_loop:213 | Сканирование #399 завершено. Найдено сетапов: 0
2026-03-31 18:24:21 | INFO     | scanner:_scan_loop:190 | ═══ Сканирование #400 ═══
2026-03-31 18:24:54 | INFO     | scanner:_scan_loop:213 | Сканирование #400 завершено. Найдено сетапов: 0
2026-03-31 18:25:54 | INFO     | scanner:_scan_loop:190 | ═══ Сканирование #401 ═══
2026-03-31 18:26:42 | INFO     | scanner:_scan_loop:213 | Сканирование #401 завершено. Найдено сетапов: 0
2026-03-31 18:27:42 | INFO     | scanner:_scan_loop:190 | ═══ Сканирование #402 ═══
2026-03-31 18:28:15 | INFO     | scanner:_scan_loop:213 | Сканирование #402 завершено. Найдено сетапов: 0
2026-03-31 18:29:15 | INFO     | scanner:_scan_loop:190 | ═══ Сканирование #403 ═══
2026-03-31 18:29:51 | INFO     | scanner:_scan_loop:213 | Сканирование #403 завершено. Найдено сетапов: 0
2026-03-31 18:30:51 | INFO     | scanner:_scan_loop:190 | ═══ Сканирование #404 ═══
2026-03-31 18:31:25 | INFO     | scanner:_scan_loop:213 | Сканирование #404 завершено. Найдено сетапов: 0
2026-03-31 18:32:25 | INFO     | scanner:_scan_loop:190 | ═══ Сканирование #405 ═══
2026-03-31 18:33:02 | INFO     | scanner:_scan_loop:213 | Сканирование #405 завершено. Найдено сетапов: 0
2026-03-31 18:34:02 | INFO     | scanner:_scan_loop:190 | ═══ Сканирование #406 ═══
2026-03-31 18:34:39 | INFO     | scanner:_scan_loop:213 | Сканирование #406 завершено. Найдено сетапов: 0
2026-03-31 18:35:39 | INFO     | scanner:_scan_loop:190 | ═══ Сканирование #407 ═══
2026-03-31 18:36:15 | INFO     | scanner:_scan_loop:213 | Сканирование #407 завершено. Найдено сетапов: 0
2026-03-31 18:37:15 | INFO     | scanner:_scan_loop:190 | ═══ Сканирование #408 ═══
2026-03-31 18:37:52 | INFO     | scanner:_scan_loop:213 | Сканирование #408 завершено. Найдено сетапов: 0
2026-03-31 18:38:52 | INFO     | scanner:_scan_loop:190 | ═══ Сканирование #409 ═══
2026-03-31 18:39:24 | INFO     | scanner:_scan_loop:213 | Сканирование #409 завершено. Найдено сетапов: 0
2026-03-31 18:40:24 | INFO     | scanner:_scan_loop:190 | ═══ Сканирование #410 ═══
2026-03-31 18:40:56 | INFO     | scanner:_scan_loop:213 | Сканирование #410 завершено. Найдено сетапов: 0
2026-03-31 18:41:56 | INFO     | scanner:_scan_loop:190 | ═══ Сканирование #411 ═══
2026-03-31 18:42:39 | INFO     | scanner:_scan_loop:213 | Сканирование #411 завершено. Найдено сетапов: 0
2026-03-31 18:43:39 | INFO     | scanner:_scan_loop:190 | ═══ Сканирование #412 ═══
2026-03-31 18:44:12 | INFO     | scanner:_scan_loop:213 | Сканирование #412 завершено. Найдено сетапов: 0
2026-03-31 18:45:12 | INFO     | scanner:_scan_loop:190 | ═══ Сканирование #413 ═══
2026-03-31 18:45:46 | INFO     | scanner:_scan_loop:213 | Сканирование #413 завершено. Найдено сетапов: 0
2026-03-31 18:46:46 | INFO     | scanner:_scan_loop:190 | ═══ Сканирование #414 ═══
2026-03-31 18:47:20 | INFO     | scanner:_scan_loop:213 | Сканирование #414 завершено. Найдено сетапов: 0
2026-03-31 18:48:20 | INFO     | scanner:_scan_loop:190 | ═══ Сканирование #415 ═══
2026-03-31 18:48:53 | INFO     | scanner:_scan_loop:213 | Сканирование #415 завершено. Найдено сетапов: 0
2026-03-31 18:49:53 | INFO     | scanner:_scan_loop:190 | ═══ Сканирование #416 ═══
2026-03-31 18:50:26 | INFO     | scanner:_scan_loop:213 | Сканирование #416 завершено. Найдено сетапов: 0
2026-03-31 18:51:26 | INFO     | scanner:_scan_loop:190 | ═══ Сканирование #417 ═══
2026-03-31 18:52:01 | INFO     | scanner:_scan_loop:213 | Сканирование #417 завершено. Найдено сетапов: 0
2026-03-31 18:53:01 | INFO     | scanner:_scan_loop:190 | ═══ Сканирование #418 ═══
2026-03-31 18:53:34 | INFO     | scanner:_scan_loop:213 | Сканирование #418 завершено. Найдено сетапов: 0
2026-03-31 18:54:34 | INFO     | scanner:_scan_loop:190 | ═══ Сканирование #419 ═══
2026-03-31 18:55:07 | INFO     | scanner:_scan_loop:213 | Сканирование #419 завершено. Найдено сетапов: 0
2026-03-31 18:56:07 | INFO     | scanner:_scan_loop:190 | ═══ Сканирование #420 ═══
2026-03-31 18:56:41 | INFO     | scanner:_scan_loop:213 | Сканирование #420 завершено. Найдено сетапов: 0
2026-03-31 18:57:41 | INFO     | scanner:_scan_loop:190 | ═══ Сканирование #421 ═══
2026-03-31 18:58:26 | INFO     | scanner:_scan_loop:213 | Сканирование #421 завершено. Найдено сетапов: 0
2026-03-31 18:59:26 | INFO     | scanner:_scan_loop:190 | ═══ Сканирование #422 ═══
2026-03-31 19:00:03 | INFO     | scanner:_scan_loop:213 | Сканирование #422 завершено. Найдено сетапов: 0
2026-03-31 19:01:03 | INFO     | scanner:_scan_loop:190 | ═══ Сканирование #423 ═══
2026-03-31 19:01:37 | INFO     | scanner:_scan_loop:213 | Сканирование #423 завершено. Найдено сетапов: 0
2026-03-31 19:02:37 | INFO     | scanner:_scan_loop:190 | ═══ Сканирование #424 ═══
2026-03-31 19:03:09 | INFO     | scanner:_scan_loop:213 | Сканирование #424 завершено. Найдено сетапов: 0
2026-03-31 19:04:09 | INFO     | scanner:_scan_loop:190 | ═══ Сканирование #425 ═══
2026-03-31 19:04:43 | INFO     | scanner:_scan_loop:213 | Сканирование #425 завершено. Найдено сетапов: 0
2026-03-31 19:05:43 | INFO     | scanner:_scan_loop:190 | ═══ Сканирование #426 ═══
2026-03-31 19:06:15 | INFO     | scanner:_scan_loop:213 | Сканирование #426 завершено. Найдено сетапов: 0
2026-03-31 19:07:15 | INFO     | scanner:_scan_loop:190 | ═══ Сканирование #427 ═══
2026-03-31 19:07:47 | INFO     | scanner:_scan_loop:213 | Сканирование #427 завершено. Найдено сетапов: 0
2026-03-31 19:08:47 | INFO     | scanner:_scan_loop:190 | ═══ Сканирование #428 ═══
2026-03-31 19:09:20 | INFO     | scanner:_scan_loop:213 | Сканирование #428 завершено. Найдено сетапов: 0
2026-03-31 19:10:20 | INFO     | scanner:_scan_loop:190 | ═══ Сканирование #429 ═══
2026-03-31 19:10:51 | INFO     | scanner:_scan_loop:213 | Сканирование #429 завершено. Найдено сетапов: 0
2026-03-31 19:11:51 | INFO     | scanner:_scan_loop:190 | ═══ Сканирование #430 ═══
2026-03-31 19:12:22 | INFO     | scanner:_scan_loop:213 | Сканирование #430 завершено. Найдено сетапов: 0
2026-03-31 19:13:22 | INFO     | scanner:_scan_loop:190 | ═══ Сканирование #431 ═══
2026-03-31 19:14:05 | INFO     | scanner:_scan_loop:213 | Сканирование #431 завершено. Найдено сетапов: 0
2026-03-31 19:15:05 | INFO     | scanner:_scan_loop:190 | ═══ Сканирование #432 ═══
2026-03-31 19:15:09 | ERROR    | scanner:get_klines:88 | Ошибка загрузки данных XRPUSDT 15: 'x-bapi-limit-reset-timestamp'
2026-03-31 19:15:35 | INFO     | scanner:_scan_loop:213 | Сканирование #432 завершено. Найдено сетапов: 0
2026-03-31 19:16:35 | INFO     | scanner:_scan_loop:190 | ═══ Сканирование #433 ═══
2026-03-31 19:17:06 | INFO     | scanner:_scan_loop:213 | Сканирование #433 завершено. Найдено сетапов: 0
2026-03-31 19:18:06 | INFO     | scanner:_scan_loop:190 | ═══ Сканирование #434 ═══
2026-03-31 19:18:36 | INFO     | scanner:_scan_loop:213 | Сканирование #434 завершено. Найдено сетапов: 0
2026-03-31 19:19:36 | INFO     | scanner:_scan_loop:190 | ═══ Сканирование #435 ═══
2026-03-31 19:20:09 | INFO     | scanner:_scan_loop:213 | Сканирование #435 завершено. Найдено сетапов: 0
2026-03-31 19:21:09 | INFO     | scanner:_scan_loop:190 | ═══ Сканирование #436 ═══
2026-03-31 19:21:38 | INFO     | scanner:_scan_loop:213 | Сканирование #436 завершено. Найдено сетапов: 0
2026-03-31 19:22:38 | INFO     | scanner:_scan_loop:190 | ═══ Сканирование #437 ═══
2026-03-31 19:23:09 | INFO     | scanner:_scan_loop:213 | Сканирование #437 завершено. Найдено сетапов: 0
2026-03-31 19:24:09 | INFO     | scanner:_scan_loop:190 | ═══ Сканирование #438 ═══
2026-03-31 19:24:43 | INFO     | scanner:_scan_loop:213 | Сканирование #438 завершено. Найдено сетапов: 0
2026-03-31 19:25:43 | INFO     | scanner:_scan_loop:190 | ═══ Сканирование #439 ═══
2026-03-31 19:26:13 | INFO     | scanner:_scan_loop:213 | Сканирование #439 завершено. Найдено сетапов: 0
2026-03-31 19:27:13 | INFO     | scanner:_scan_loop:190 | ═══ Сканирование #440 ═══
2026-03-31 19:27:45 | INFO     | scanner:_scan_loop:213 | Сканирование #440 завершено. Найдено сетапов: 0
2026-03-31 19:28:45 | INFO     | scanner:_scan_loop:190 | ═══ Сканирование #441 ═══
2026-03-31 19:29:27 | INFO     | scanner:_scan_loop:213 | Сканирование #441 завершено. Найдено сетапов: 0
2026-03-31 19:30:27 | INFO     | scanner:_scan_loop:190 | ═══ Сканирование #442 ═══
2026-03-31 19:30:57 | INFO     | scanner:_scan_loop:213 | Сканирование #442 завершено. Найдено сетапов: 0
2026-03-31 19:31:57 | INFO     | scanner:_scan_loop:190 | ═══ Сканирование #443 ═══
2026-03-31 19:32:29 | INFO     | scanner:_scan_loop:213 | Сканирование #443 завершено. Найдено сетапов: 0
2026-03-31 19:33:29 | INFO     | scanner:_scan_loop:190 | ═══ Сканирование #444 ═══
2026-03-31 19:33:58 | INFO     | scanner:_scan_loop:213 | Сканирование #444 завершено. Найдено сетапов: 0
2026-03-31 19:34:58 | INFO     | scanner:_scan_loop:190 | ═══ Сканирование #445 ═══
2026-03-31 19:35:32 | INFO     | scanner:_scan_loop:213 | Сканирование #445 завершено. Найдено сетапов: 0
2026-03-31 19:36:32 | INFO     | scanner:_scan_loop:190 | ═══ Сканирование #446 ═══
2026-03-31 19:37:02 | INFO     | scanner:_scan_loop:213 | Сканирование #446 завершено. Найдено сетапов: 0
2026-03-31 19:38:02 | INFO     | scanner:_scan_loop:190 | ═══ Сканирование #447 ═══
2026-03-31 19:38:35 | INFO     | scanner:_scan_loop:213 | Сканирование #447 завершено. Найдено сетапов: 0
2026-03-31 19:39:35 | INFO     | scanner:_scan_loop:190 | ═══ Сканирование #448 ═══
2026-03-31 19:40:04 | INFO     | scanner:_scan_loop:213 | Сканирование #448 завершено. Найдено сетапов: 0
2026-03-31 19:41:04 | INFO     | scanner:_scan_loop:190 | ═══ Сканирование #449 ═══
2026-03-31 19:41:37 | INFO     | scanner:_scan_loop:213 | Сканирование #449 завершено. Найдено сетапов: 0
2026-03-31 19:42:37 | INFO     | scanner:_scan_loop:190 | ═══ Сканирование #450 ═══
2026-03-31 19:43:07 | INFO     | scanner:_scan_loop:213 | Сканирование #450 завершено. Найдено сетапов: 0
2026-03-31 19:44:07 | INFO     | scanner:_scan_loop:190 | ═══ Сканирование #451 ═══
2026-03-31 19:44:51 | INFO     | scanner:_scan_loop:213 | Сканирование #451 завершено. Найдено сетапов: 0
2026-03-31 19:45:51 | INFO     | scanner:_scan_loop:190 | ═══ Сканирование #452 ═══
2026-03-31 19:46:22 | INFO     | scanner:_scan_loop:213 | Сканирование #452 завершено. Найдено сетапов: 0
2026-03-31 19:47:22 | INFO     | scanner:_scan_loop:190 | ═══ Сканирование #453 ═══
2026-03-31 19:47:52 | INFO     | scanner:_scan_loop:213 | Сканирование #453 завершено. Найдено сетапов: 0
2026-03-31 19:48:52 | INFO     | scanner:_scan_loop:190 | ═══ Сканирование #454 ═══
2026-03-31 19:49:24 | INFO     | scanner:_scan_loop:213 | Сканирование #454 завершено. Найдено сетапов: 0
2026-03-31 19:50:24 | INFO     | scanner:_scan_loop:190 | ═══ Сканирование #455 ═══
2026-03-31 19:50:54 | INFO     | scanner:_scan_loop:213 | Сканирование #455 завершено. Найдено сетапов: 0
2026-03-31 19:51:54 | INFO     | scanner:_scan_loop:190 | ═══ Сканирование #456 ═══
2026-03-31 19:52:27 | INFO     | scanner:_scan_loop:213 | Сканирование #456 завершено. Найдено сетапов: 0
2026-03-31 19:53:27 | INFO     | scanner:_scan_loop:190 | ═══ Сканирование #457 ═══
2026-03-31 19:53:58 | INFO     | scanner:_scan_loop:213 | Сканирование #457 завершено. Найдено сетапов: 0
2026-03-31 19:54:58 | INFO     | scanner:_scan_loop:190 | ═══ Сканирование #458 ═══
2026-03-31 19:55:29 | INFO     | scanner:_scan_loop:213 | Сканирование #458 завершено. Найдено сетапов: 0
2026-03-31 19:56:29 | INFO     | scanner:_scan_loop:190 | ═══ Сканирование #459 ═══
2026-03-31 19:56:59 | INFO     | scanner:_scan_loop:213 | Сканирование #459 завершено. Найдено сетапов: 0
2026-03-31 19:57:59 | INFO     | scanner:_scan_loop:190 | ═══ Сканирование #460 ═══
2026-03-31 19:58:32 | INFO     | scanner:_scan_loop:213 | Сканирование #460 завершено. Найдено сетапов: 0
2026-03-31 19:59:32 | INFO     | scanner:_scan_loop:190 | ═══ Сканирование #461 ═══
2026-03-31 20:00:09 | ERROR    | scanner:get_klines:88 | Ошибка загрузки данных DYDXUSDT 15: 'x-bapi-limit-reset-timestamp'
2026-03-31 20:00:17 | ERROR    | scanner:get_klines:88 | Ошибка загрузки данных ENSUSDT 15: 'x-bapi-limit-reset-timestamp'
2026-03-31 20:00:19 | ERROR    | scanner:get_klines:88 | Ошибка загрузки данных LDOUSDT 5: 'x-bapi-limit-reset-timestamp'
2026-03-31 20:00:19 | INFO     | scanner:_scan_loop:213 | Сканирование #461 завершено. Найдено сетапов: 0
2026-03-31 20:01:19 | INFO     | scanner:_scan_loop:190 | ═══ Сканирование #462 ═══
2026-03-31 20:01:52 | INFO     | scanner:_scan_loop:213 | Сканирование #462 завершено. Найдено сетапов: 0
2026-03-31 20:02:52 | INFO     | scanner:_scan_loop:190 | ═══ Сканирование #463 ═══
2026-03-31 20:03:26 | INFO     | scanner:_scan_loop:213 | Сканирование #463 завершено. Найдено сетапов: 0
2026-03-31 20:04:26 | INFO     | scanner:_scan_loop:190 | ═══ Сканирование #464 ═══
2026-03-31 20:04:57 | INFO     | scanner:_scan_loop:213 | Сканирование #464 завершено. Найдено сетапов: 0
2026-03-31 20:05:57 | INFO     | scanner:_scan_loop:190 | ═══ Сканирование #465 ═══
2026-03-31 20:06:31 | INFO     | scanner:_scan_loop:213 | Сканирование #465 завершено. Найдено сетапов: 0
2026-03-31 20:07:31 | INFO     | scanner:_scan_loop:190 | ═══ Сканирование #466 ═══
2026-03-31 20:08:08 | INFO     | scanner:_scan_loop:213 | Сканирование #466 завершено. Найдено сетапов: 0
2026-03-31 20:09:08 | INFO     | scanner:_scan_loop:190 | ═══ Сканирование #467 ═══
2026-03-31 20:09:40 | INFO     | scanner:_scan_loop:213 | Сканирование #467 завершено. Найдено сетапов: 0
2026-03-31 20:10:40 | INFO     | scanner:_scan_loop:190 | ═══ Сканирование #468 ═══
2026-03-31 20:11:13 | INFO     | scanner:_scan_loop:213 | Сканирование #468 завершено. Найдено сетапов: 0
2026-03-31 20:12:13 | INFO     | scanner:_scan_loop:190 | ═══ Сканирование #469 ═══
2026-03-31 20:12:46 | INFO     | scanner:_scan_loop:213 | Сканирование #469 завершено. Найдено сетапов: 0
2026-03-31 20:13:46 | INFO     | scanner:_scan_loop:190 | ═══ Сканирование #470 ═══
2026-03-31 20:14:18 | INFO     | scanner:_scan_loop:213 | Сканирование #470 завершено. Найдено сетапов: 0
2026-03-31 20:15:18 | INFO     | scanner:_scan_loop:190 | ═══ Сканирование #471 ═══
2026-03-31 20:15:59 | INFO     | scanner:_scan_loop:213 | Сканирование #471 завершено. Найдено сетапов: 0
2026-03-31 20:16:59 | INFO     | scanner:_scan_loop:190 | ═══ Сканирование #472 ═══
2026-03-31 20:17:30 | INFO     | scanner:_scan_loop:213 | Сканирование #472 завершено. Найдено сетапов: 0
2026-03-31 20:18:30 | INFO     | scanner:_scan_loop:190 | ═══ Сканирование #473 ═══
2026-03-31 20:18:59 | INFO     | scanner:_scan_loop:213 | Сканирование #473 завершено. Найдено сетапов: 0
2026-03-31 20:19:59 | INFO     | scanner:_scan_loop:190 | ═══ Сканирование #474 ═══
2026-03-31 20:20:09 | ERROR    | scanner:get_klines:88 | Ошибка загрузки данных APTUSDT 15: 'x-bapi-limit-reset-timestamp'
2026-03-31 20:20:31 | INFO     | scanner:_scan_loop:213 | Сканирование #474 завершено. Найдено сетапов: 0
2026-03-31 20:21:31 | INFO     | scanner:_scan_loop:190 | ═══ Сканирование #475 ═══
2026-03-31 20:22:05 | INFO     | scanner:_scan_loop:213 | Сканирование #475 завершено. Найдено сетапов: 0
2026-03-31 20:23:05 | INFO     | scanner:_scan_loop:190 | ═══ Сканирование #476 ═══
2026-03-31 20:23:42 | INFO     | scanner:_scan_loop:213 | Сканирование #476 завершено. Найдено сетапов: 0
2026-03-31 20:24:42 | INFO     | scanner:_scan_loop:190 | ═══ Сканирование #477 ═══
2026-03-31 20:25:18 | INFO     | scanner:_scan_loop:213 | Сканирование #477 завершено. Найдено сетапов: 0
2026-03-31 20:26:18 | INFO     | scanner:_scan_loop:190 | ═══ Сканирование #478 ═══
2026-03-31 20:26:53 | INFO     | scanner:_scan_loop:213 | Сканирование #478 завершено. Найдено сетапов: 0
2026-03-31 20:27:53 | INFO     | scanner:_scan_loop:190 | ═══ Сканирование #479 ═══
2026-03-31 20:28:31 | INFO     | scanner:_scan_loop:213 | Сканирование #479 завершено. Найдено сетапов: 0
2026-03-31 20:29:31 | INFO     | scanner:_scan_loop:190 | ═══ Сканирование #480 ═══
2026-03-31 20:30:04 | ERROR    | scanner:get_klines:88 | Ошибка загрузки данных LDOUSDT 5: 'x-bapi-limit-reset-timestamp'
2026-03-31 20:30:05 | INFO     | scanner:_scan_loop:213 | Сканирование #480 завершено. Найдено сетапов: 0
2026-03-31 20:31:05 | INFO     | scanner:_scan_loop:190 | ═══ Сканирование #481 ═══
2026-03-31 20:31:50 | INFO     | scanner:_scan_loop:213 | Сканирование #481 завершено. Найдено сетапов: 0
2026-03-31 20:32:50 | INFO     | scanner:_scan_loop:190 | ═══ Сканирование #482 ═══
2026-03-31 20:33:26 | INFO     | scanner:_scan_loop:213 | Сканирование #482 завершено. Найдено сетапов: 0
2026-03-31 20:34:26 | INFO     | scanner:_scan_loop:190 | ═══ Сканирование #483 ═══
2026-03-31 20:35:00 | INFO     | scanner:_scan_loop:213 | Сканирование #483 завершено. Найдено сетапов: 0
2026-03-31 20:36:00 | INFO     | scanner:_scan_loop:190 | ═══ Сканирование #484 ═══
2026-03-31 20:36:36 | INFO     | scanner:_scan_loop:213 | Сканирование #484 завершено. Найдено сетапов: 0
2026-03-31 20:37:36 | INFO     | scanner:_scan_loop:190 | ═══ Сканирование #485 ═══
2026-03-31 20:38:15 | INFO     | scanner:_scan_loop:213 | Сканирование #485 завершено. Найдено сетапов: 0
2026-03-31 20:39:15 | INFO     | scanner:_scan_loop:190 | ═══ Сканирование #486 ═══
2026-03-31 20:39:48 | INFO     | scanner:_scan_loop:213 | Сканирование #486 завершено. Найдено сетапов: 0
2026-03-31 20:40:48 | INFO     | scanner:_scan_loop:190 | ═══ Сканирование #487 ═══
2026-03-31 20:41:25 | INFO     | scanner:_scan_loop:213 | Сканирование #487 завершено. Найдено сетапов: 0
2026-03-31 20:42:25 | INFO     | scanner:_scan_loop:190 | ═══ Сканирование #488 ═══
2026-03-31 20:42:59 | INFO     | scanner:_scan_loop:213 | Сканирование #488 завершено. Найдено сетапов: 0
2026-03-31 20:43:59 | INFO     | scanner:_scan_loop:190 | ═══ Сканирование #489 ═══
2026-03-31 20:44:35 | INFO     | scanner:_scan_loop:213 | Сканирование #489 завершено. Найдено сетапов: 0
2026-03-31 20:45:35 | INFO     | scanner:_scan_loop:190 | ═══ Сканирование #490 ═══
2026-03-31 20:46:07 | INFO     | scanner:_scan_loop:213 | Сканирование #490 завершено. Найдено сетапов: 0
2026-03-31 20:47:07 | INFO     | scanner:_scan_loop:190 | ═══ Сканирование #491 ═══
2026-03-31 20:47:54 | INFO     | scanner:_scan_loop:213 | Сканирование #491 завершено. Найдено сетапов: 0
2026-03-31 20:48:54 | INFO     | scanner:_scan_loop:190 | ═══ Сканирование #492 ═══
2026-03-31 20:49:31 | INFO     | scanner:_scan_loop:213 | Сканирование #492 завершено. Найдено сетапов: 0
2026-03-31 20:50:31 | INFO     | scanner:_scan_loop:190 | ═══ Сканирование #493 ═══
2026-03-31 20:51:06 | INFO     | scanner:_scan_loop:213 | Сканирование #493 завершено. Найдено сетапов: 0
2026-03-31 20:52:06 | INFO     | scanner:_scan_loop:190 | ═══ Сканирование #494 ═══
2026-03-31 20:52:40 | INFO     | scanner:_scan_loop:213 | Сканирование #494 завершено. Найдено сетапов: 0
2026-03-31 20:53:40 | INFO     | scanner:_scan_loop:190 | ═══ Сканирование #495 ═══
2026-03-31 20:54:17 | INFO     | scanner:_scan_loop:213 | Сканирование #495 завершено. Найдено сетапов: 0
2026-03-31 20:55:17 | INFO     | scanner:_scan_loop:190 | ═══ Сканирование #496 ═══
2026-03-31 20:55:51 | INFO     | scanner:_scan_loop:213 | Сканирование #496 завершено. Найдено сетапов: 0
2026-03-31 20:56:51 | INFO     | scanner:_scan_loop:190 | ═══ Сканирование #497 ═══
2026-03-31 20:57:25 | INFO     | scanner:_scan_loop:213 | Сканирование #497 завершено. Найдено сетапов: 0
2026-03-31 20:58:25 | INFO     | scanner:_scan_loop:190 | ═══ Сканирование #498 ═══
2026-03-31 20:58:56 | INFO     | scanner:_scan_loop:213 | Сканирование #498 завершено. Найдено сетапов: 0
2026-03-31 20:59:56 | INFO     | scanner:_scan_loop:190 | ═══ Сканирование #499 ═══
2026-03-31 21:00:07 | ERROR    | scanner:get_klines:88 | Ошибка загрузки данных LTCUSDT 15: 'x-bapi-limit-reset-timestamp'
2026-03-31 21:00:13 | ERROR    | scanner:get_klines:88 | Ошибка загрузки данных INJUSDT 15: 'x-bapi-limit-reset-timestamp'
2026-03-31 21:00:13 | ERROR    | scanner:get_klines:88 | Ошибка загрузки данных TIAUSDT 15: 'x-bapi-limit-reset-timestamp'
2026-03-31 21:00:34 | INFO     | scanner:_scan_loop:213 | Сканирование #499 завершено. Найдено сетапов: 0
2026-03-31 21:01:34 | INFO     | scanner:_scan_loop:190 | ═══ Сканирование #500 ═══
2026-03-31 21:02:04 | INFO     | scanner:_scan_loop:213 | Сканирование #500 завершено. Найдено сетапов: 0
2026-03-31 21:03:04 | INFO     | scanner:_scan_loop:190 | ═══ Сканирование #501 ═══
2026-03-31 21:03:48 | INFO     | scanner:_scan_loop:213 | Сканирование #501 завершено. Найдено сетапов: 0
2026-03-31 21:04:48 | INFO     | scanner:_scan_loop:190 | ═══ Сканирование #502 ═══
2026-03-31 21:05:21 | INFO     | scanner:_scan_loop:213 | Сканирование #502 завершено. Найдено сетапов: 0
2026-03-31 21:06:21 | INFO     | scanner:_scan_loop:190 | ═══ Сканирование #503 ═══
2026-03-31 21:06:55 | INFO     | scanner:_scan_loop:213 | Сканирование #503 завершено. Найдено сетапов: 0
2026-03-31 21:07:55 | INFO     | scanner:_scan_loop:190 | ═══ Сканирование #504 ═══
2026-03-31 21:08:26 | INFO     | scanner:_scan_loop:213 | Сканирование #504 завершено. Найдено сетапов: 0
2026-03-31 21:09:26 | INFO     | scanner:_scan_loop:190 | ═══ Сканирование #505 ═══
2026-03-31 21:09:58 | INFO     | scanner:_scan_loop:213 | Сканирование #505 завершено. Найдено сетапов: 0
2026-03-31 21:10:58 | INFO     | scanner:_scan_loop:190 | ═══ Сканирование #506 ═══
2026-03-31 21:11:29 | INFO     | scanner:_scan_loop:213 | Сканирование #506 завершено. Найдено сетапов: 0
2026-03-31 21:12:29 | INFO     | scanner:_scan_loop:190 | ═══ Сканирование #507 ═══
2026-03-31 21:13:01 | INFO     | scanner:_scan_loop:213 | Сканирование #507 завершено. Найдено сетапов: 0
2026-03-31 21:14:01 | INFO     | scanner:_scan_loop:190 | ═══ Сканирование #508 ═══
2026-03-31 21:14:34 | INFO     | scanner:_scan_loop:213 | Сканирование #508 завершено. Найдено сетапов: 0
2026-03-31 21:15:34 | INFO     | scanner:_scan_loop:190 | ═══ Сканирование #509 ═══
2026-03-31 21:16:05 | INFO     | scanner:_scan_loop:213 | Сканирование #509 завершено. Найдено сетапов: 0
2026-03-31 21:17:05 | INFO     | scanner:_scan_loop:190 | ═══ Сканирование #510 ═══
2026-03-31 21:17:38 | INFO     | scanner:_scan_loop:213 | Сканирование #510 завершено. Найдено сетапов: 0
2026-03-31 21:18:38 | INFO     | scanner:_scan_loop:190 | ═══ Сканирование #511 ═══
2026-03-31 21:19:22 | INFO     | scanner:_scan_loop:213 | Сканирование #511 завершено. Найдено сетапов: 0
2026-03-31 21:20:22 | INFO     | scanner:_scan_loop:190 | ═══ Сканирование #512 ═══
2026-03-31 21:20:54 | INFO     | scanner:_scan_loop:213 | Сканирование #512 завершено. Найдено сетапов: 0
2026-03-31 21:21:54 | INFO     | scanner:_scan_loop:190 | ═══ Сканирование #513 ═══
2026-03-31 21:22:26 | INFO     | scanner:_scan_loop:213 | Сканирование #513 завершено. Найдено сетапов: 0
2026-03-31 21:23:26 | INFO     | scanner:_scan_loop:190 | ═══ Сканирование #514 ═══
2026-03-31 21:23:57 | INFO     | scanner:_scan_loop:213 | Сканирование #514 завершено. Найдено сетапов: 0
2026-03-31 21:24:57 | INFO     | scanner:_scan_loop:190 | ═══ Сканирование #515 ═══
2026-03-31 21:25:28 | INFO     | scanner:_scan_loop:213 | Сканирование #515 завершено. Найдено сетапов: 0
2026-03-31 21:26:28 | INFO     | scanner:_scan_loop:190 | ═══ Сканирование #516 ═══
2026-03-31 21:27:01 | INFO     | scanner:_scan_loop:213 | Сканирование #516 завершено. Найдено сетапов: 0
2026-03-31 21:28:01 | INFO     | scanner:_scan_loop:190 | ═══ Сканирование #517 ═══
2026-03-31 21:28:33 | INFO     | scanner:_scan_loop:213 | Сканирование #517 завершено. Найдено сетапов: 0
2026-03-31 21:29:33 | INFO     | scanner:_scan_loop:190 | ═══ Сканирование #518 ═══
2026-03-31 21:30:06 | ERROR    | scanner:get_klines:88 | Ошибка загрузки данных PYTHUSDT 5: 'x-bapi-limit-reset-timestamp'
2026-03-31 21:30:10 | INFO     | scanner:_scan_loop:213 | Сканирование #518 завершено. Найдено сетапов: 0
2026-03-31 21:31:10 | INFO     | scanner:_scan_loop:190 | ═══ Сканирование #519 ═══
2026-03-31 21:31:42 | INFO     | scanner:_scan_loop:213 | Сканирование #519 завершено. Найдено сетапов: 0
2026-03-31 21:32:42 | INFO     | scanner:_scan_loop:190 | ═══ Сканирование #520 ═══
2026-03-31 21:33:16 | INFO     | scanner:_scan_loop:213 | Сканирование #520 завершено. Найдено сетапов: 0
2026-03-31 21:34:16 | INFO     | scanner:_scan_loop:190 | ═══ Сканирование #521 ═══
2026-03-31 21:35:03 | INFO     | scanner:_scan_loop:213 | Сканирование #521 завершено. Найдено сетапов: 0
2026-03-31 21:36:03 | INFO     | scanner:_scan_loop:190 | ═══ Сканирование #522 ═══
2026-03-31 21:36:39 | INFO     | scanner:_scan_loop:213 | Сканирование #522 завершено. Найдено сетапов: 0
2026-03-31 21:37:39 | INFO     | scanner:_scan_loop:190 | ═══ Сканирование #523 ═══
2026-03-31 21:38:11 | INFO     | scanner:_scan_loop:213 | Сканирование #523 завершено. Найдено сетапов: 0
2026-03-31 21:39:11 | INFO     | scanner:_scan_loop:190 | ═══ Сканирование #524 ═══
2026-03-31 21:39:44 | INFO     | scanner:_scan_loop:213 | Сканирование #524 завершено. Найдено сетапов: 0
2026-03-31 21:40:44 | INFO     | scanner:_scan_loop:190 | ═══ Сканирование #525 ═══
2026-03-31 21:41:18 | INFO     | scanner:_scan_loop:213 | Сканирование #525 завершено. Найдено сетапов: 0
2026-03-31 21:42:18 | INFO     | scanner:_scan_loop:190 | ═══ Сканирование #526 ═══
2026-03-31 21:42:51 | INFO     | scanner:_scan_loop:213 | Сканирование #526 завершено. Найдено сетапов: 0
2026-03-31 21:43:51 | INFO     | scanner:_scan_loop:190 | ═══ Сканирование #527 ═══
2026-03-31 21:44:25 | INFO     | scanner:_scan_loop:213 | Сканирование #527 завершено. Найдено сетапов: 0
2026-03-31 21:45:25 | INFO     | scanner:_scan_loop:190 | ═══ Сканирование #528 ═══
2026-03-31 21:45:57 | INFO     | scanner:_scan_loop:213 | Сканирование #528 завершено. Найдено сетапов: 0
2026-03-31 21:46:57 | INFO     | scanner:_scan_loop:190 | ═══ Сканирование #529 ═══
2026-03-31 21:47:34 | INFO     | scanner:_scan_loop:213 | Сканирование #529 завершено. Найдено сетапов: 0
2026-03-31 21:48:34 | INFO     | scanner:_scan_loop:190 | ═══ Сканирование #530 ═══
2026-03-31 21:49:06 | INFO     | scanner:_scan_loop:213 | Сканирование #530 завершено. Найдено сетапов: 0
2026-03-31 21:50:06 | INFO     | scanner:_scan_loop:190 | ═══ Сканирование #531 ═══
2026-03-31 21:50:49 | INFO     | scanner:_scan_loop:213 | Сканирование #531 завершено. Найдено сетапов: 0
2026-03-31 21:51:49 | INFO     | scanner:_scan_loop:190 | ═══ Сканирование #532 ═══
2026-03-31 21:52:22 | INFO     | scanner:_scan_loop:213 | Сканирование #532 завершено. Найдено сетапов: 0
2026-03-31 21:53:22 | INFO     | scanner:_scan_loop:190 | ═══ Сканирование #533 ═══
2026-03-31 21:53:53 | INFO     | scanner:_scan_loop:213 | Сканирование #533 завершено. Найдено сетапов: 0
2026-03-31 21:54:53 | INFO     | scanner:_scan_loop:190 | ═══ Сканирование #534 ═══
2026-03-31 21:55:27 | INFO     | scanner:_scan_loop:213 | Сканирование #534 завершено. Найдено сетапов: 0
2026-03-31 21:56:27 | INFO     | scanner:_scan_loop:190 | ═══ Сканирование #535 ═══
2026-03-31 21:56:57 | INFO     | scanner:_scan_loop:213 | Сканирование #535 завершено. Найдено сетапов: 0
2026-03-31 21:57:57 | INFO     | scanner:_scan_loop:190 | ═══ Сканирование #536 ═══
2026-03-31 21:58:29 | INFO     | scanner:_scan_loop:213 | Сканирование #536 завершено. Найдено сетапов: 0
2026-03-31 21:59:29 | INFO     | scanner:_scan_loop:190 | ═══ Сканирование #537 ═══
2026-03-31 22:00:00 | INFO     | scanner:_scan_loop:213 | Сканирование #537 завершено. Найдено сетапов: 0
2026-03-31 22:01:00 | INFO     | scanner:_scan_loop:190 | ═══ Сканирование #538 ═══
2026-03-31 22:01:30 | INFO     | scanner:_scan_loop:213 | Сканирование #538 завершено. Найдено сетапов: 0
2026-03-31 22:02:30 | INFO     | scanner:_scan_loop:190 | ═══ Сканирование #539 ═══
2026-03-31 22:03:01 | INFO     | scanner:_scan_loop:213 | Сканирование #539 завершено. Найдено сетапов: 0
2026-03-31 22:04:01 | INFO     | scanner:_scan_loop:190 | ═══ Сканирование #540 ═══
2026-03-31 22:04:32 | INFO     | scanner:_scan_loop:213 | Сканирование #540 завершено. Найдено сетапов: 0
2026-03-31 22:05:32 | INFO     | scanner:_scan_loop:190 | ═══ Сканирование #541 ═══
2026-03-31 22:06:16 | INFO     | scanner:_scan_loop:213 | Сканирование #541 завершено. Найдено сетапов: 0
2026-03-31 22:07:16 | INFO     | scanner:_scan_loop:190 | ═══ Сканирование #542 ═══
2026-03-31 22:07:48 | INFO     | scanner:_scan_loop:213 | Сканирование #542 завершено. Найдено сетапов: 0
2026-03-31 22:08:48 | INFO     | scanner:_scan_loop:190 | ═══ Сканирование #543 ═══
2026-03-31 22:09:18 | INFO     | scanner:_scan_loop:213 | Сканирование #543 завершено. Найдено сетапов: 0
2026-03-31 22:10:18 | INFO     | scanner:_scan_loop:190 | ═══ Сканирование #544 ═══
2026-03-31 22:10:51 | INFO     | scanner:_scan_loop:213 | Сканирование #544 завершено. Найдено сетапов: 0
2026-03-31 22:11:51 | INFO     | scanner:_scan_loop:190 | ═══ Сканирование #545 ═══
2026-03-31 22:12:22 | INFO     | scanner:_scan_loop:213 | Сканирование #545 завершено. Найдено сетапов: 0
2026-03-31 22:13:22 | INFO     | scanner:_scan_loop:190 | ═══ Сканирование #546 ═══
2026-03-31 22:13:55 | INFO     | scanner:_scan_loop:213 | Сканирование #546 завершено. Найдено сетапов: 0
2026-03-31 22:14:55 | INFO     | scanner:_scan_loop:190 | ═══ Сканирование #547 ═══
2026-03-31 22:15:04 | ERROR    | scanner:get_klines:88 | Ошибка загрузки данных LTCUSDT 5: 'x-bapi-limit-reset-timestamp'
2026-03-31 22:15:05 | ERROR    | scanner:get_klines:88 | Ошибка загрузки данных FILUSDT 5: 'x-bapi-limit-reset-timestamp'
2026-03-31 22:15:07 | ERROR    | scanner:get_klines:88 | Ошибка загрузки данных SUIUSDT 15: 'x-bapi-limit-reset-timestamp'
2026-03-31 22:15:09 | ERROR    | scanner:get_klines:88 | Ошибка загрузки данных INJUSDT 15: 'x-bapi-limit-reset-timestamp'
2026-03-31 22:15:12 | ERROR    | scanner:get_klines:88 | Ошибка загрузки данных SEIUSDT 15: 'x-bapi-limit-reset-timestamp'
2026-03-31 22:15:29 | INFO     | scanner:_scan_loop:213 | Сканирование #547 завершено. Найдено сетапов: 0
2026-03-31 22:16:29 | INFO     | scanner:_scan_loop:190 | ═══ Сканирование #548 ═══
2026-03-31 22:17:04 | INFO     | scanner:_scan_loop:213 | Сканирование #548 завершено. Найдено сетапов: 0
2026-03-31 22:18:04 | INFO     | scanner:_scan_loop:190 | ═══ Сканирование #549 ═══
2026-03-31 22:18:37 | INFO     | scanner:_scan_loop:213 | Сканирование #549 завершено. Найдено сетапов: 0
2026-03-31 22:19:37 | INFO     | scanner:_scan_loop:190 | ═══ Сканирование #550 ═══
2026-03-31 22:20:08 | ERROR    | scanner:get_klines:88 | Ошибка загрузки данных GMXUSDT 15: 'x-bapi-limit-reset-timestamp'
2026-03-31 22:20:15 | INFO     | scanner:_scan_loop:213 | Сканирование #550 завершено. Найдено сетапов: 0
2026-03-31 22:21:15 | INFO     | scanner:_scan_loop:190 | ═══ Сканирование #551 ═══
2026-03-31 22:21:58 | INFO     | scanner:_scan_loop:213 | Сканирование #551 завершено. Найдено сетапов: 0
2026-03-31 22:22:58 | INFO     | scanner:_scan_loop:190 | ═══ Сканирование #552 ═══
2026-03-31 22:23:30 | INFO     | scanner:_scan_loop:213 | Сканирование #552 завершено. Найдено сетапов: 0
2026-03-31 22:24:30 | INFO     | scanner:_scan_loop:190 | ═══ Сканирование #553 ═══
2026-03-31 22:25:03 | INFO     | scanner:_scan_loop:213 | Сканирование #553 завершено. Найдено сетапов: 0
2026-03-31 22:26:03 | INFO     | scanner:_scan_loop:190 | ═══ Сканирование #554 ═══
2026-03-31 22:26:36 | INFO     | scanner:_scan_loop:213 | Сканирование #554 завершено. Найдено сетапов: 0
2026-03-31 22:27:36 | INFO     | scanner:_scan_loop:190 | ═══ Сканирование #555 ═══
2026-03-31 22:28:08 | INFO     | scanner:_scan_loop:213 | Сканирование #555 завершено. Найдено сетапов: 0
2026-03-31 22:29:08 | INFO     | scanner:_scan_loop:190 | ═══ Сканирование #556 ═══
2026-03-31 22:29:42 | INFO     | scanner:_scan_loop:213 | Сканирование #556 завершено. Найдено сетапов: 0
2026-03-31 22:30:42 | INFO     | scanner:_scan_loop:190 | ═══ Сканирование #557 ═══
2026-03-31 22:31:15 | INFO     | scanner:_scan_loop:213 | Сканирование #557 завершено. Найдено сетапов: 0
2026-03-31 22:32:15 | INFO     | scanner:_scan_loop:190 | ═══ Сканирование #558 ═══
2026-03-31 22:32:47 | INFO     | scanner:_scan_loop:213 | Сканирование #558 завершено. Найдено сетапов: 0
2026-03-31 22:33:47 | INFO     | scanner:_scan_loop:190 | ═══ Сканирование #559 ═══
2026-03-31 22:34:20 | INFO     | scanner:_scan_loop:213 | Сканирование #559 завершено. Найдено сетапов: 0
2026-03-31 22:35:20 | INFO     | scanner:_scan_loop:190 | ═══ Сканирование #560 ═══
2026-03-31 22:35:53 | INFO     | scanner:_scan_loop:213 | Сканирование #560 завершено. Найдено сетапов: 0
2026-03-31 22:36:53 | INFO     | scanner:_scan_loop:190 | ═══ Сканирование #561 ═══
2026-03-31 22:37:36 | INFO     | scanner:_scan_loop:213 | Сканирование #561 завершено. Найдено сетапов: 0
2026-03-31 22:38:36 | INFO     | scanner:_scan_loop:190 | ═══ Сканирование #562 ═══
2026-03-31 22:39:08 | INFO     | scanner:_scan_loop:213 | Сканирование #562 завершено. Найдено сетапов: 0
2026-03-31 22:40:08 | INFO     | scanner:_scan_loop:190 | ═══ Сканирование #563 ═══
2026-03-31 22:40:12 | ERROR    | scanner:get_klines:88 | Ошибка загрузки данных DOGEUSDT 15: 'x-bapi-limit-reset-timestamp'
2026-03-31 22:40:45 | INFO     | scanner:_scan_loop:213 | Сканирование #563 завершено. Найдено сетапов: 0
2026-03-31 22:41:45 | INFO     | scanner:_scan_loop:190 | ═══ Сканирование #564 ═══
2026-03-31 22:42:19 | INFO     | scanner:_scan_loop:213 | Сканирование #564 завершено. Найдено сетапов: 0
2026-03-31 22:43:19 | INFO     | scanner:_scan_loop:190 | ═══ Сканирование #565 ═══
2026-03-31 22:43:53 | INFO     | scanner:_scan_loop:213 | Сканирование #565 завершено. Найдено сетапов: 0
2026-03-31 22:44:53 | INFO     | scanner:_scan_loop:190 | ═══ Сканирование #566 ═══
2026-03-31 22:45:06 | ERROR    | scanner:get_klines:88 | Ошибка загрузки данных NEARUSDT 15: 'x-bapi-limit-reset-timestamp'
2026-03-31 22:45:07 | ERROR    | scanner:get_klines:88 | Ошибка загрузки данных INJUSDT 15: 'x-bapi-limit-reset-timestamp'
2026-03-31 22:45:08 | ERROR    | scanner:get_klines:88 | Ошибка загрузки данных TIAUSDT 15: 'x-bapi-limit-reset-timestamp'
2026-03-31 22:45:13 | ERROR    | scanner:get_klines:88 | Ошибка загрузки данных MANTAUSDT 15: 'x-bapi-limit-reset-timestamp'
2026-03-31 22:45:26 | INFO     | scanner:_scan_loop:213 | Сканирование #566 завершено. Найдено сетапов: 0
2026-03-31 22:46:26 | INFO     | scanner:_scan_loop:190 | ═══ Сканирование #567 ═══
2026-03-31 22:47:00 | INFO     | scanner:_scan_loop:213 | Сканирование #567 завершено. Найдено сетапов: 0
2026-03-31 22:48:00 | INFO     | scanner:_scan_loop:190 | ═══ Сканирование #568 ═══
2026-03-31 22:48:33 | INFO     | scanner:_scan_loop:213 | Сканирование #568 завершено. Найдено сетапов: 0
2026-03-31 22:49:33 | INFO     | scanner:_scan_loop:190 | ═══ Сканирование #569 ═══
2026-03-31 22:50:06 | INFO     | scanner:_scan_loop:213 | Сканирование #569 завершено. Найдено сетапов: 0
2026-03-31 22:51:06 | INFO     | scanner:_scan_loop:190 | ═══ Сканирование #570 ═══
2026-03-31 22:51:38 | INFO     | scanner:_scan_loop:213 | Сканирование #570 завершено. Найдено сетапов: 0
2026-03-31 22:52:38 | INFO     | scanner:_scan_loop:190 | ═══ Сканирование #571 ═══
2026-03-31 22:53:24 | INFO     | scanner:_scan_loop:213 | Сканирование #571 завершено. Найдено сетапов: 0
2026-03-31 22:54:24 | INFO     | scanner:_scan_loop:190 | ═══ Сканирование #572 ═══
2026-03-31 22:55:00 | INFO     | scanner:_scan_loop:213 | Сканирование #572 завершено. Найдено сетапов: 0
2026-03-31 22:56:00 | INFO     | scanner:_scan_loop:190 | ═══ Сканирование #573 ═══
2026-03-31 22:56:32 | INFO     | scanner:_scan_loop:213 | Сканирование #573 завершено. Найдено сетапов: 0
2026-03-31 22:57:32 | INFO     | scanner:_scan_loop:190 | ═══ Сканирование #574 ═══
2026-03-31 22:58:07 | INFO     | scanner:_scan_loop:213 | Сканирование #574 завершено. Найдено сетапов: 0
2026-03-31 22:59:07 | INFO     | scanner:_scan_loop:190 | ═══ Сканирование #575 ═══
2026-03-31 22:59:42 | INFO     | scanner:_scan_loop:213 | Сканирование #575 завершено. Найдено сетапов: 0
2026-03-31 23:00:42 | INFO     | scanner:_scan_loop:190 | ═══ Сканирование #576 ═══
2026-03-31 23:01:07 | ERROR    | scanner:get_klines:88 | Ошибка загрузки данных ETCUSDT 5: 'x-bapi-limit-reset-timestamp'
2026-03-31 23:01:09 | ERROR    | scanner:get_klines:88 | Ошибка загрузки данных SNXUSDT 15: 'x-bapi-limit-reset-timestamp'
2026-03-31 23:01:16 | INFO     | scanner:_scan_loop:213 | Сканирование #576 завершено. Найдено сетапов: 0
2026-03-31 23:02:16 | INFO     | scanner:_scan_loop:190 | ═══ Сканирование #577 ═══
2026-03-31 23:02:51 | INFO     | scanner:_scan_loop:213 | Сканирование #577 завершено. Найдено сетапов: 0
2026-03-31 23:03:51 | INFO     | scanner:_scan_loop:190 | ═══ Сканирование #578 ═══
2026-03-31 23:04:27 | INFO     | scanner:_scan_loop:213 | Сканирование #578 завершено. Найдено сетапов: 0
2026-03-31 23:05:27 | INFO     | scanner:_scan_loop:190 | ═══ Сканирование #579 ═══
2026-03-31 23:06:04 | INFO     | scanner:_scan_loop:213 | Сканирование #579 завершено. Найдено сетапов: 0
2026-03-31 23:07:04 | INFO     | scanner:_scan_loop:190 | ═══ Сканирование #580 ═══
2026-03-31 23:07:40 | INFO     | scanner:_scan_loop:213 | Сканирование #580 завершено. Найдено сетапов: 0
2026-03-31 23:08:40 | INFO     | scanner:_scan_loop:190 | ═══ Сканирование #581 ═══
2026-03-31 23:09:24 | INFO     | scanner:_scan_loop:213 | Сканирование #581 завершено. Найдено сетапов: 0
2026-03-31 23:10:24 | INFO     | scanner:_scan_loop:190 | ═══ Сканирование #582 ═══
2026-03-31 23:10:56 | INFO     | scanner:_scan_loop:213 | Сканирование #582 завершено. Найдено сетапов: 0
2026-03-31 23:11:56 | INFO     | scanner:_scan_loop:190 | ═══ Сканирование #583 ═══
2026-03-31 23:12:30 | INFO     | scanner:_scan_loop:213 | Сканирование #583 завершено. Найдено сетапов: 0
2026-03-31 23:13:30 | INFO     | scanner:_scan_loop:190 | ═══ Сканирование #584 ═══
2026-03-31 23:14:06 | INFO     | scanner:_scan_loop:213 | Сканирование #584 завершено. Найдено сетапов: 0
2026-03-31 23:15:06 | INFO     | scanner:_scan_loop:190 | ═══ Сканирование #585 ═══
2026-03-31 23:15:09 | ERROR    | scanner:get_klines:88 | Ошибка загрузки данных SOLUSDT 15: 'x-bapi-limit-reset-timestamp'
2026-03-31 23:15:11 | ERROR    | scanner:get_klines:88 | Ошибка загрузки данных DOGEUSDT 15: 'x-bapi-limit-reset-timestamp'
2026-03-31 23:15:40 | INFO     | scanner:_scan_loop:213 | Сканирование #585 завершено. Найдено сетапов: 0
2026-03-31 23:16:40 | INFO     | scanner:_scan_loop:190 | ═══ Сканирование #586 ═══
2026-03-31 23:17:14 | INFO     | scanner:_scan_loop:213 | Сканирование #586 завершено. Найдено сетапов: 0
2026-03-31 23:18:14 | INFO     | scanner:_scan_loop:190 | ═══ Сканирование #587 ═══
2026-03-31 23:18:48 | INFO     | scanner:_scan_loop:213 | Сканирование #587 завершено. Найдено сетапов: 0
2026-03-31 23:19:48 | INFO     | scanner:_scan_loop:190 | ═══ Сканирование #588 ═══
2026-03-31 23:20:06 | ERROR    | scanner:get_klines:88 | Ошибка загрузки данных ORDIUSDT 5: 'x-bapi-limit-reset-timestamp'
2026-03-31 23:20:09 | ERROR    | scanner:get_klines:88 | Ошибка загрузки данных TRXUSDT 15: 'x-bapi-limit-reset-timestamp'
2026-03-31 23:20:18 | INFO     | scanner:_scan_loop:213 | Сканирование #588 завершено. Найдено сетапов: 0
2026-03-31 23:21:18 | INFO     | scanner:_scan_loop:190 | ═══ Сканирование #589 ═══
2026-03-31 23:21:50 | INFO     | scanner:_scan_loop:213 | Сканирование #589 завершено. Найдено сетапов: 0
2026-03-31 23:22:50 | INFO     | scanner:_scan_loop:190 | ═══ Сканирование #590 ═══
2026-03-31 23:23:20 | INFO     | scanner:_scan_loop:213 | Сканирование #590 завершено. Найдено сетапов: 0
2026-03-31 23:24:20 | INFO     | scanner:_scan_loop:190 | ═══ Сканирование #591 ═══
2026-03-31 23:25:01 | INFO     | scanner:_scan_loop:213 | Сканирование #591 завершено. Найдено сетапов: 0
2026-03-31 23:26:01 | INFO     | scanner:_scan_loop:190 | ═══ Сканирование #592 ═══
2026-03-31 23:26:34 | INFO     | scanner:_scan_loop:213 | Сканирование #592 завершено. Найдено сетапов: 0
2026-03-31 23:27:34 | INFO     | scanner:_scan_loop:190 | ═══ Сканирование #593 ═══
2026-03-31 23:28:07 | INFO     | scanner:_scan_loop:213 | Сканирование #593 завершено. Найдено сетапов: 0
2026-03-31 23:29:08 | INFO     | scanner:_scan_loop:190 | ═══ Сканирование #594 ═══
2026-03-31 23:29:37 | INFO     | scanner:_scan_loop:213 | Сканирование #594 завершено. Найдено сетапов: 0
2026-03-31 23:30:37 | INFO     | scanner:_scan_loop:190 | ═══ Сканирование #595 ═══
2026-03-31 23:31:09 | INFO     | scanner:_scan_loop:213 | Сканирование #595 завершено. Найдено сетапов: 0
2026-03-31 23:32:09 | INFO     | scanner:_scan_loop:190 | ═══ Сканирование #596 ═══
2026-03-31 23:32:41 | INFO     | scanner:_scan_loop:213 | Сканирование #596 завершено. Найдено сетапов: 0
2026-03-31 23:33:41 | INFO     | scanner:_scan_loop:190 | ═══ Сканирование #597 ═══
2026-03-31 23:34:11 | INFO     | scanner:_scan_loop:213 | Сканирование #597 завершено. Найдено сетапов: 0
2026-03-31 23:35:11 | INFO     | scanner:_scan_loop:190 | ═══ Сканирование #598 ═══
2026-03-31 23:35:42 | INFO     | scanner:_scan_loop:213 | Сканирование #598 завершено. Найдено сетапов: 0
2026-03-31 23:36:42 | INFO     | scanner:_scan_loop:190 | ═══ Сканирование #599 ═══
2026-03-31 23:37:12 | INFO     | scanner:_scan_loop:213 | Сканирование #599 завершено. Найдено сетапов: 0
2026-03-31 23:38:12 | INFO     | scanner:_scan_loop:190 | ═══ Сканирование #600 ═══
2026-03-31 23:38:43 | INFO     | scanner:_scan_loop:213 | Сканирование #600 завершено. Найдено сетапов: 0
2026-03-31 23:39:43 | INFO     | scanner:_scan_loop:190 | ═══ Сканирование #601 ═══
2026-03-31 23:40:06 | ERROR    | scanner:get_klines:88 | Ошибка загрузки данных JUPUSDT 5: 'x-bapi-limit-reset-timestamp'
2026-03-31 23:40:26 | INFO     | scanner:_scan_loop:213 | Сканирование #601 завершено. Найдено сетапов: 0
2026-03-31 23:41:26 | INFO     | scanner:_scan_loop:190 | ═══ Сканирование #602 ═══
2026-03-31 23:41:56 | INFO     | scanner:_scan_loop:213 | Сканирование #602 завершено. Найдено сетапов: 0
2026-03-31 23:42:56 | INFO     | scanner:_scan_loop:190 | ═══ Сканирование #603 ═══
2026-03-31 23:43:26 | INFO     | scanner:_scan_loop:213 | Сканирование #603 завершено. Найдено сетапов: 0
2026-03-31 23:44:26 | INFO     | scanner:_scan_loop:190 | ═══ Сканирование #604 ═══
2026-03-31 23:44:58 | INFO     | scanner:_scan_loop:213 | Сканирование #604 завершено. Найдено сетапов: 0
2026-03-31 23:45:58 | INFO     | scanner:_scan_loop:190 | ═══ Сканирование #605 ═══
2026-03-31 23:46:29 | INFO     | scanner:_scan_loop:213 | Сканирование #605 завершено. Найдено сетапов: 0
2026-03-31 23:47:29 | INFO     | scanner:_scan_loop:190 | ═══ Сканирование #606 ═══
2026-03-31 23:48:01 | INFO     | scanner:_scan_loop:213 | Сканирование #606 завершено. Найдено сетапов: 0
2026-03-31 23:49:01 | INFO     | scanner:_scan_loop:190 | ═══ Сканирование #607 ═══
2026-03-31 23:49:31 | INFO     | scanner:_scan_loop:213 | Сканирование #607 завершено. Найдено сетапов: 0
2026-03-31 23:50:31 | INFO     | scanner:_scan_loop:190 | ═══ Сканирование #608 ═══
2026-03-31 23:51:00 | INFO     | scanner:_scan_loop:213 | Сканирование #608 завершено. Найдено сетапов: 0
2026-03-31 23:52:00 | INFO     | scanner:_scan_loop:190 | ═══ Сканирование #609 ═══
2026-03-31 23:52:31 | INFO     | scanner:_scan_loop:213 | Сканирование #609 завершено. Найдено сетапов: 0
2026-03-31 23:53:31 | INFO     | scanner:_scan_loop:190 | ═══ Сканирование #610 ═══
2026-03-31 23:54:02 | INFO     | scanner:_scan_loop:213 | Сканирование #610 завершено. Найдено сетапов: 0
2026-03-31 23:55:02 | INFO     | scanner:_scan_loop:190 | ═══ Сканирование #611 ═══
2026-03-31 23:55:42 | INFO     | scanner:_scan_loop:213 | Сканирование #611 завершено. Найдено сетапов: 0
2026-03-31 23:56:42 | INFO     | scanner:_scan_loop:190 | ═══ Сканирование #612 ═══
2026-03-31 23:57:13 | INFO     | scanner:_scan_loop:213 | Сканирование #612 завершено. Найдено сетапов: 0
2026-03-31 23:58:13 | INFO     | scanner:_scan_loop:190 | ═══ Сканирование #613 ═══
2026-03-31 23:58:46 | INFO     | scanner:_scan_loop:213 | Сканирование #613 завершено. Найдено сетапов: 0
2026-03-31 23:59:46 | INFO     | scanner:_scan_loop:190 | ═══ Сканирование #614 ═══
2026-04-01 00:00:03 | ERROR    | scanner:get_klines:88 | Ошибка загрузки данных WLDUSDT 15: 'x-bapi-limit-reset-timestamp'
2026-04-01 00:00:04 | ERROR    | scanner:get_klines:88 | Ошибка загрузки данных JUPUSDT 15: 'x-bapi-limit-reset-timestamp'
2026-04-01 00:00:07 | ERROR    | scanner:get_klines:88 | Ошибка загрузки данных IMXUSDT 5: 'x-bapi-limit-reset-timestamp'
2026-04-01 00:00:09 | ERROR    | scanner:get_klines:88 | Ошибка загрузки данных TRXUSDT 5: 'x-bapi-limit-reset-timestamp'
2026-04-01 00:00:15 | ERROR    | scanner:get_klines:88 | Ошибка загрузки данных JTOUSDT 5: 'x-bapi-limit-reset-timestamp'
2026-04-01 00:00:18 | INFO     | scanner:_scan_loop:213 | Сканирование #614 завершено. Найдено сетапов: 0
2026-04-01 00:01:18 | INFO     | scanner:_scan_loop:190 | ═══ Сканирование #615 ═══
2026-04-01 00:01:51 | INFO     | scanner:_scan_loop:213 | Сканирование #615 завершено. Найдено сетапов: 0
2026-04-01 00:02:51 | INFO     | scanner:_scan_loop:190 | ═══ Сканирование #616 ═══
2026-04-01 00:03:24 | INFO     | scanner:_scan_loop:213 | Сканирование #616 завершено. Найдено сетапов: 0
2026-04-01 00:04:24 | INFO     | scanner:_scan_loop:190 | ═══ Сканирование #617 ═══
2026-04-01 00:04:55 | INFO     | scanner:_scan_loop:213 | Сканирование #617 завершено. Найдено сетапов: 0
2026-04-01 00:05:55 | INFO     | scanner:_scan_loop:190 | ═══ Сканирование #618 ═══
2026-04-01 00:06:27 | INFO     | scanner:_scan_loop:213 | Сканирование #618 завершено. Найдено сетапов: 0
2026-04-01 00:07:27 | INFO     | scanner:_scan_loop:190 | ═══ Сканирование #619 ═══
2026-04-01 00:07:57 | INFO     | scanner:_scan_loop:213 | Сканирование #619 завершено. Найдено сетапов: 0
2026-04-01 00:08:57 | INFO     | scanner:_scan_loop:190 | ═══ Сканирование #620 ═══
2026-04-01 00:09:28 | INFO     | scanner:_scan_loop:213 | Сканирование #620 завершено. Найдено сетапов: 0
2026-04-01 00:10:28 | INFO     | scanner:_scan_loop:190 | ═══ Сканирование #621 ═══
2026-04-01 00:11:11 | INFO     | scanner:_scan_loop:213 | Сканирование #621 завершено. Найдено сетапов: 0
2026-04-01 00:12:11 | INFO     | scanner:_scan_loop:190 | ═══ Сканирование #622 ═══
2026-04-01 00:12:45 | INFO     | scanner:_scan_loop:213 | Сканирование #622 завершено. Найдено сетапов: 0
2026-04-01 00:13:45 | INFO     | scanner:_scan_loop:190 | ═══ Сканирование #623 ═══
2026-04-01 00:14:21 | INFO     | scanner:_scan_loop:213 | Сканирование #623 завершено. Найдено сетапов: 0
2026-04-01 00:15:21 | INFO     | scanner:_scan_loop:190 | ═══ Сканирование #624 ═══
2026-04-01 00:15:55 | INFO     | scanner:_scan_loop:213 | Сканирование #624 завершено. Найдено сетапов: 0
2026-04-01 00:16:55 | INFO     | scanner:_scan_loop:190 | ═══ Сканирование #625 ═══
2026-04-01 00:17:28 | INFO     | scanner:_scan_loop:213 | Сканирование #625 завершено. Найдено сетапов: 0
2026-04-01 00:18:28 | INFO     | scanner:_scan_loop:190 | ═══ Сканирование #626 ═══
2026-04-01 00:19:00 | INFO     | scanner:_scan_loop:213 | Сканирование #626 завершено. Найдено сетапов: 0
2026-04-01 00:20:00 | INFO     | scanner:_scan_loop:190 | ═══ Сканирование #627 ═══
2026-04-01 00:20:37 | INFO     | scanner:_scan_loop:213 | Сканирование #627 завершено. Найдено сетапов: 0
2026-04-01 00:21:37 | INFO     | scanner:_scan_loop:190 | ═══ Сканирование #628 ═══
2026-04-01 00:22:11 | INFO     | scanner:_scan_loop:213 | Сканирование #628 завершено. Найдено сетапов: 0
2026-04-01 00:23:11 | INFO     | scanner:_scan_loop:190 | ═══ Сканирование #629 ═══
2026-04-01 00:23:44 | INFO     | scanner:_scan_loop:213 | Сканирование #629 завершено. Найдено сетапов: 0
2026-04-01 00:24:44 | INFO     | scanner:_scan_loop:190 | ═══ Сканирование #630 ═══
2026-04-01 00:25:19 | INFO     | scanner:_scan_loop:213 | Сканирование #630 завершено. Найдено сетапов: 0
2026-04-01 00:26:19 | INFO     | scanner:_scan_loop:190 | ═══ Сканирование #631 ═══
2026-04-01 00:27:05 | INFO     | scanner:_scan_loop:213 | Сканирование #631 завершено. Найдено сетапов: 0
2026-04-01 00:28:05 | INFO     | scanner:_scan_loop:190 | ═══ Сканирование #632 ═══
2026-04-01 00:28:38 | INFO     | scanner:_scan_loop:213 | Сканирование #632 завершено. Найдено сетапов: 0
2026-04-01 00:29:38 | INFO     | scanner:_scan_loop:190 | ═══ Сканирование #633 ═══
2026-04-01 00:30:11 | INFO     | scanner:_scan_loop:213 | Сканирование #633 завершено. Найдено сетапов: 0
2026-04-01 00:31:11 | INFO     | scanner:_scan_loop:190 | ═══ Сканирование #634 ═══
2026-04-01 00:31:44 | INFO     | scanner:_scan_loop:213 | Сканирование #634 завершено. Найдено сетапов: 0
2026-04-01 00:32:44 | INFO     | scanner:_scan_loop:190 | ═══ Сканирование #635 ═══
2026-04-01 00:33:18 | INFO     | scanner:_scan_loop:213 | Сканирование #635 завершено. Найдено сетапов: 0
2026-04-01 00:34:18 | INFO     | scanner:_scan_loop:190 | ═══ Сканирование #636 ═══
2026-04-01 00:34:52 | INFO     | scanner:_scan_loop:213 | Сканирование #636 завершено. Найдено сетапов: 0
2026-04-01 00:35:52 | INFO     | scanner:_scan_loop:190 | ═══ Сканирование #637 ═══
2026-04-01 00:36:24 | INFO     | scanner:_scan_loop:213 | Сканирование #637 завершено. Найдено сетапов: 0
2026-04-01 00:37:24 | INFO     | scanner:_scan_loop:190 | ═══ Сканирование #638 ═══
2026-04-01 00:37:56 | INFO     | scanner:_scan_loop:213 | Сканирование #638 завершено. Найдено сетапов: 0
2026-04-01 00:38:56 | INFO     | scanner:_scan_loop:190 | ═══ Сканирование #639 ═══
2026-04-01 00:39:26 | INFO     | scanner:_scan_loop:213 | Сканирование #639 завершено. Найдено сетапов: 0
2026-04-01 00:40:26 | INFO     | scanner:_scan_loop:190 | ═══ Сканирование #640 ═══
2026-04-01 00:41:00 | INFO     | scanner:_scan_loop:213 | Сканирование #640 завершено. Найдено сетапов: 0
2026-04-01 00:42:00 | INFO     | scanner:_scan_loop:190 | ═══ Сканирование #641 ═══
2026-04-01 00:42:48 | INFO     | scanner:_scan_loop:213 | Сканирование #641 завершено. Найдено сетапов: 0
2026-04-01 00:43:48 | INFO     | scanner:_scan_loop:190 | ═══ Сканирование #642 ═══
2026-04-01 00:44:23 | INFO     | scanner:_scan_loop:213 | Сканирование #642 завершено. Найдено сетапов: 0
2026-04-01 00:45:23 | INFO     | scanner:_scan_loop:190 | ═══ Сканирование #643 ═══
2026-04-01 00:45:57 | INFO     | scanner:_scan_loop:213 | Сканирование #643 завершено. Найдено сетапов: 0
2026-04-01 00:46:57 | INFO     | scanner:_scan_loop:190 | ═══ Сканирование #644 ═══
2026-04-01 00:47:30 | INFO     | scanner:_scan_loop:213 | Сканирование #644 завершено. Найдено сетапов: 0
2026-04-01 00:48:30 | INFO     | scanner:_scan_loop:190 | ═══ Сканирование #645 ═══
2026-04-01 00:49:05 | INFO     | scanner:_scan_loop:213 | Сканирование #645 завершено. Найдено сетапов: 0
2026-04-01 00:50:05 | INFO     | scanner:_scan_loop:190 | ═══ Сканирование #646 ═══
2026-04-01 00:50:40 | INFO     | scanner:_scan_loop:213 | Сканирование #646 завершено. Найдено сетапов: 0
2026-04-01 00:51:40 | INFO     | scanner:_scan_loop:190 | ═══ Сканирование #647 ═══
2026-04-01 00:52:12 | INFO     | scanner:_scan_loop:213 | Сканирование #647 завершено. Найдено сетапов: 0
2026-04-01 00:53:12 | INFO     | scanner:_scan_loop:190 | ═══ Сканирование #648 ═══
2026-04-01 00:53:46 | INFO     | scanner:_scan_loop:213 | Сканирование #648 завершено. Найдено сетапов: 0
2026-04-01 00:54:46 | INFO     | scanner:_scan_loop:190 | ═══ Сканирование #649 ═══
2026-04-01 00:55:12 | ERROR    | scanner:get_klines:88 | Ошибка загрузки данных BCHUSDT 5: 'x-bapi-limit-reset-timestamp'
2026-04-01 00:55:21 | INFO     | scanner:_scan_loop:213 | Сканирование #649 завершено. Найдено сетапов: 0
2026-04-01 00:56:21 | INFO     | scanner:_scan_loop:190 | ═══ Сканирование #650 ═══
2026-04-01 00:56:53 | INFO     | scanner:_scan_loop:213 | Сканирование #650 завершено. Найдено сетапов: 0
2026-04-01 00:57:53 | INFO     | scanner:_scan_loop:190 | ═══ Сканирование #651 ═══
2026-04-01 00:58:42 | INFO     | scanner:_scan_loop:213 | Сканирование #651 завершено. Найдено сетапов: 0
2026-04-01 00:59:42 | INFO     | scanner:_scan_loop:190 | ═══ Сканирование #652 ═══
2026-04-01 01:00:02 | ERROR    | scanner:get_klines:88 | Ошибка загрузки данных MANTAUSDT 5: 'x-bapi-limit-reset-timestamp'
2026-04-01 01:00:03 | ERROR    | scanner:get_klines:88 | Ошибка загрузки данных TRXUSDT 15: 'x-bapi-limit-reset-timestamp'
2026-04-01 01:00:05 | ERROR    | scanner:get_klines:88 | Ошибка загрузки данных ETCUSDT 5: 'x-bapi-limit-reset-timestamp'
2026-04-01 01:00:05 | ERROR    | scanner:get_klines:88 | Ошибка загрузки данных AAVEUSDT 5: 'x-bapi-limit-reset-timestamp'
2026-04-01 01:00:06 | ERROR    | scanner:get_klines:88 | Ошибка загрузки данных SNXUSDT 15: 'x-bapi-limit-reset-timestamp'
2026-04-01 01:00:08 | ERROR    | scanner:get_klines:88 | Ошибка загрузки данных GMXUSDT 15: 'x-bapi-limit-reset-timestamp'
2026-04-01 01:00:08 | ERROR    | scanner:get_klines:88 | Ошибка загрузки данных GMXUSDT 5: 'x-bapi-limit-reset-timestamp'
2026-04-01 01:00:09 | ERROR    | scanner:get_klines:88 | Ошибка загрузки данных PENDLEUSDT 5: 'x-bapi-limit-reset-timestamp'
2026-04-01 01:00:14 | INFO     | scanner:_scan_loop:213 | Сканирование #652 завершено. Найдено сетапов: 0
2026-04-01 01:01:15 | INFO     | scanner:_scan_loop:190 | ═══ Сканирование #653 ═══
2026-04-01 01:01:49 | INFO     | scanner:_scan_loop:213 | Сканирование #653 завершено. Найдено сетапов: 0
2026-04-01 01:02:49 | INFO     | scanner:_scan_loop:190 | ═══ Сканирование #654 ═══
2026-04-01 01:03:23 | INFO     | scanner:_scan_loop:213 | Сканирование #654 завершено. Найдено сетапов: 0
2026-04-01 01:04:23 | INFO     | scanner:_scan_loop:190 | ═══ Сканирование #655 ═══
2026-04-01 01:04:56 | INFO     | scanner:_scan_loop:213 | Сканирование #655 завершено. Найдено сетапов: 0
2026-04-01 01:05:56 | INFO     | scanner:_scan_loop:190 | ═══ Сканирование #656 ═══
2026-04-01 01:06:25 | INFO     | scanner:_scan_loop:213 | Сканирование #656 завершено. Найдено сетапов: 0
2026-04-01 01:07:25 | INFO     | scanner:_scan_loop:190 | ═══ Сканирование #657 ═══
2026-04-01 01:07:58 | INFO     | scanner:_scan_loop:213 | Сканирование #657 завершено. Найдено сетапов: 0
2026-04-01 01:08:58 | INFO     | scanner:_scan_loop:190 | ═══ Сканирование #658 ═══
2026-04-01 01:09:28 | INFO     | scanner:_scan_loop:213 | Сканирование #658 завершено. Найдено сетапов: 0
2026-04-01 01:10:28 | INFO     | scanner:_scan_loop:190 | ═══ Сканирование #659 ═══
2026-04-01 01:10:58 | INFO     | scanner:_scan_loop:213 | Сканирование #659 завершено. Найдено сетапов: 0
2026-04-01 01:11:58 | INFO     | scanner:_scan_loop:190 | ═══ Сканирование #660 ═══
2026-04-01 01:12:31 | INFO     | scanner:_scan_loop:213 | Сканирование #660 завершено. Найдено сетапов: 0
2026-04-01 01:13:31 | INFO     | scanner:_scan_loop:190 | ═══ Сканирование #661 ═══
2026-04-01 01:14:13 | INFO     | scanner:_scan_loop:213 | Сканирование #661 завершено. Найдено сетапов: 0
2026-04-01 01:15:13 | INFO     | scanner:_scan_loop:190 | ═══ Сканирование #662 ═══
2026-04-01 01:15:44 | INFO     | scanner:_scan_loop:213 | Сканирование #662 завершено. Найдено сетапов: 0
2026-04-01 01:16:44 | INFO     | scanner:_scan_loop:190 | ═══ Сканирование #663 ═══
2026-04-01 01:17:17 | INFO     | scanner:_scan_loop:213 | Сканирование #663 завершено. Найдено сетапов: 0
2026-04-01 01:18:18 | INFO     | scanner:_scan_loop:190 | ═══ Сканирование #664 ═══
2026-04-01 01:18:53 | INFO     | scanner:_scan_loop:213 | Сканирование #664 завершено. Найдено сетапов: 0
2026-04-01 01:19:53 | INFO     | scanner:_scan_loop:190 | ═══ Сканирование #665 ═══
2026-04-01 01:20:09 | ERROR    | scanner:get_klines:88 | Ошибка загрузки данных WIFUSDT 15: 'x-bapi-limit-reset-timestamp'
2026-04-01 01:20:24 | INFO     | scanner:_scan_loop:213 | Сканирование #665 завершено. Найдено сетапов: 0
2026-04-01 01:21:24 | INFO     | scanner:_scan_loop:190 | ═══ Сканирование #666 ═══
2026-04-01 01:21:58 | INFO     | scanner:_scan_loop:213 | Сканирование #666 завершено. Найдено сетапов: 0
2026-04-01 01:22:58 | INFO     | scanner:_scan_loop:190 | ═══ Сканирование #667 ═══
2026-04-01 01:23:31 | INFO     | scanner:_scan_loop:213 | Сканирование #667 завершено. Найдено сетапов: 0
2026-04-01 01:24:31 | INFO     | scanner:_scan_loop:190 | ═══ Сканирование #668 ═══
2026-04-01 01:25:11 | INFO     | scanner:_scan_loop:213 | Сканирование #668 завершено. Найдено сетапов: 0
2026-04-01 01:26:11 | INFO     | scanner:_scan_loop:190 | ═══ Сканирование #669 ═══
2026-04-01 01:26:42 | INFO     | scanner:_scan_loop:213 | Сканирование #669 завершено. Найдено сетапов: 0
2026-04-01 01:27:42 | INFO     | scanner:_scan_loop:190 | ═══ Сканирование #670 ═══
2026-04-01 01:28:11 | INFO     | scanner:_scan_loop:213 | Сканирование #670 завершено. Найдено сетапов: 0
2026-04-01 01:29:11 | INFO     | scanner:_scan_loop:190 | ═══ Сканирование #671 ═══
2026-04-01 01:29:55 | INFO     | scanner:_scan_loop:213 | Сканирование #671 завершено. Найдено сетапов: 0
2026-04-01 01:30:55 | INFO     | scanner:_scan_loop:190 | ═══ Сканирование #672 ═══
2026-04-01 01:31:28 | INFO     | scanner:_scan_loop:213 | Сканирование #672 завершено. Найдено сетапов: 0
2026-04-01 01:32:28 | INFO     | scanner:_scan_loop:190 | ═══ Сканирование #673 ═══
2026-04-01 01:32:58 | INFO     | scanner:_scan_loop:213 | Сканирование #673 завершено. Найдено сетапов: 0
2026-04-01 01:33:58 | INFO     | scanner:_scan_loop:190 | ═══ Сканирование #674 ═══
2026-04-01 01:34:31 | INFO     | scanner:_scan_loop:213 | Сканирование #674 завершено. Найдено сетапов: 0
2026-04-01 01:35:31 | INFO     | scanner:_scan_loop:190 | ═══ Сканирование #675 ═══
2026-04-01 01:36:03 | INFO     | scanner:_scan_loop:213 | Сканирование #675 завершено. Найдено сетапов: 0
2026-04-01 01:37:03 | INFO     | scanner:_scan_loop:190 | ═══ Сканирование #676 ═══
2026-04-01 01:37:35 | INFO     | scanner:_scan_loop:213 | Сканирование #676 завершено. Найдено сетапов: 0
2026-04-01 01:38:35 | INFO     | scanner:_scan_loop:190 | ═══ Сканирование #677 ═══
2026-04-01 01:39:07 | INFO     | scanner:_scan_loop:213 | Сканирование #677 завершено. Найдено сетапов: 0
2026-04-01 01:40:07 | INFO     | scanner:_scan_loop:190 | ═══ Сканирование #678 ═══
2026-04-01 01:40:38 | INFO     | scanner:_scan_loop:213 | Сканирование #678 завершено. Найдено сетапов: 0
2026-04-01 01:41:38 | INFO     | scanner:_scan_loop:190 | ═══ Сканирование #679 ═══
2026-04-01 01:42:10 | INFO     | scanner:_scan_loop:213 | Сканирование #679 завершено. Найдено сетапов: 0
2026-04-01 01:43:10 | INFO     | scanner:_scan_loop:190 | ═══ Сканирование #680 ═══
2026-04-01 01:43:42 | INFO     | scanner:_scan_loop:213 | Сканирование #680 завершено. Найдено сетапов: 0
2026-04-01 01:44:42 | INFO     | scanner:_scan_loop:190 | ═══ Сканирование #681 ═══
2026-04-01 01:45:09 | ERROR    | scanner:get_klines:88 | Ошибка загрузки данных ORDIUSDT 5: 'x-bapi-limit-reset-timestamp'
2026-04-01 01:45:12 | ERROR    | scanner:get_klines:88 | Ошибка загрузки данных MANTAUSDT 15: 'x-bapi-limit-reset-timestamp'
2026-04-01 01:45:16 | ERROR    | scanner:get_klines:88 | Ошибка загрузки данных AAVEUSDT 5: 'x-bapi-limit-reset-timestamp'
2026-04-01 01:45:27 | INFO     | scanner:_scan_loop:213 | Сканирование #681 завершено. Найдено сетапов: 0
2026-04-01 01:46:27 | INFO     | scanner:_scan_loop:190 | ═══ Сканирование #682 ═══
2026-04-01 01:46:58 | INFO     | scanner:_scan_loop:213 | Сканирование #682 завершено. Найдено сетапов: 0
2026-04-01 01:47:59 | INFO     | scanner:_scan_loop:190 | ═══ Сканирование #683 ═══
2026-04-01 01:48:34 | INFO     | scanner:_scan_loop:213 | Сканирование #683 завершено. Найдено сетапов: 0
2026-04-01 01:49:34 | INFO     | scanner:_scan_loop:190 | ═══ Сканирование #684 ═══
2026-04-01 01:50:07 | INFO     | scanner:_scan_loop:213 | Сканирование #684 завершено. Найдено сетапов: 0
2026-04-01 01:51:07 | INFO     | scanner:_scan_loop:190 | ═══ Сканирование #685 ═══
2026-04-01 01:51:41 | INFO     | scanner:_scan_loop:213 | Сканирование #685 завершено. Найдено сетапов: 0
2026-04-01 01:52:41 | INFO     | scanner:_scan_loop:190 | ═══ Сканирование #686 ═══
2026-04-01 01:53:12 | INFO     | scanner:_scan_loop:213 | Сканирование #686 завершено. Найдено сетапов: 0
2026-04-01 01:54:12 | INFO     | scanner:_scan_loop:190 | ═══ Сканирование #687 ═══
2026-04-01 01:54:46 | INFO     | scanner:_scan_loop:213 | Сканирование #687 завершено. Найдено сетапов: 0
2026-04-01 01:55:46 | INFO     | scanner:_scan_loop:190 | ═══ Сканирование #688 ═══
2026-04-01 01:56:21 | INFO     | scanner:_scan_loop:213 | Сканирование #688 завершено. Найдено сетапов: 0
2026-04-01 01:57:22 | INFO     | scanner:_scan_loop:190 | ═══ Сканирование #689 ═══
2026-04-01 01:57:55 | INFO     | scanner:_scan_loop:213 | Сканирование #689 завершено. Найдено сетапов: 0
2026-04-01 01:58:55 | INFO     | scanner:_scan_loop:190 | ═══ Сканирование #690 ═══
2026-04-01 01:59:29 | INFO     | scanner:_scan_loop:213 | Сканирование #690 завершено. Найдено сетапов: 0
2026-04-01 02:00:29 | INFO     | scanner:_scan_loop:190 | ═══ Сканирование #691 ═══
2026-04-01 02:01:11 | INFO     | scanner:_scan_loop:213 | Сканирование #691 завершено. Найдено сетапов: 0
2026-04-01 02:02:11 | INFO     | scanner:_scan_loop:190 | ═══ Сканирование #692 ═══
2026-04-01 02:02:45 | INFO     | scanner:_scan_loop:213 | Сканирование #692 завершено. Найдено сетапов: 0
2026-04-01 02:03:45 | INFO     | scanner:_scan_loop:190 | ═══ Сканирование #693 ═══
2026-04-01 02:04:16 | INFO     | scanner:_scan_loop:213 | Сканирование #693 завершено. Найдено сетапов: 0
2026-04-01 02:05:16 | INFO     | scanner:_scan_loop:190 | ═══ Сканирование #694 ═══
2026-04-01 02:05:49 | INFO     | scanner:_scan_loop:213 | Сканирование #694 завершено. Найдено сетапов: 0
2026-04-01 02:06:49 | INFO     | scanner:_scan_loop:190 | ═══ Сканирование #695 ═══
2026-04-01 02:07:24 | INFO     | scanner:_scan_loop:213 | Сканирование #695 завершено. Найдено сетапов: 0
2026-04-01 02:08:24 | INFO     | scanner:_scan_loop:190 | ═══ Сканирование #696 ═══
2026-04-01 02:08:58 | INFO     | scanner:_scan_loop:213 | Сканирование #696 завершено. Найдено сетапов: 0
2026-04-01 02:09:58 | INFO     | scanner:_scan_loop:190 | ═══ Сканирование #697 ═══
2026-04-01 02:10:14 | ERROR    | scanner:get_klines:88 | Ошибка загрузки данных WLDUSDT 15: 'x-bapi-limit-reset-timestamp'
2026-04-01 02:10:32 | INFO     | scanner:_scan_loop:213 | Сканирование #697 завершено. Найдено сетапов: 0
2026-04-01 02:11:32 | INFO     | scanner:_scan_loop:190 | ═══ Сканирование #698 ═══
2026-04-01 02:12:04 | INFO     | scanner:_scan_loop:213 | Сканирование #698 завершено. Найдено сетапов: 0
2026-04-01 02:13:04 | INFO     | scanner:_scan_loop:190 | ═══ Сканирование #699 ═══
2026-04-01 02:13:34 | INFO     | scanner:_scan_loop:213 | Сканирование #699 завершено. Найдено сетапов: 0
2026-04-01 02:14:34 | INFO     | scanner:_scan_loop:190 | ═══ Сканирование #700 ═══
2026-04-01 02:15:05 | ERROR    | scanner:get_klines:88 | Ошибка загрузки данных ENSUSDT 15: 'x-bapi-limit-reset-timestamp'
2026-04-01 02:15:06 | INFO     | scanner:_scan_loop:213 | Сканирование #700 завершено. Найдено сетапов: 0
2026-04-01 02:16:06 | INFO     | scanner:_scan_loop:190 | ═══ Сканирование #701 ═══
2026-04-01 02:16:49 | INFO     | scanner:_scan_loop:213 | Сканирование #701 завершено. Найдено сетапов: 0
2026-04-01 02:17:49 | INFO     | scanner:_scan_loop:190 | ═══ Сканирование #702 ═══
2026-04-01 02:18:23 | INFO     | scanner:_scan_loop:213 | Сканирование #702 завершено. Найдено сетапов: 0
2026-04-01 02:19:23 | INFO     | scanner:_scan_loop:190 | ═══ Сканирование #703 ═══
2026-04-01 02:19:52 | INFO     | scanner:_scan_loop:213 | Сканирование #703 завершено. Найдено сетапов: 0
2026-04-01 02:20:52 | INFO     | scanner:_scan_loop:190 | ═══ Сканирование #704 ═══
2026-04-01 02:21:26 | INFO     | scanner:_scan_loop:213 | Сканирование #704 завершено. Найдено сетапов: 0
2026-04-01 02:22:26 | INFO     | scanner:_scan_loop:190 | ═══ Сканирование #705 ═══
2026-04-01 02:22:59 | INFO     | scanner:_scan_loop:213 | Сканирование #705 завершено. Найдено сетапов: 0
2026-04-01 02:23:59 | INFO     | scanner:_scan_loop:190 | ═══ Сканирование #706 ═══
2026-04-01 02:24:32 | INFO     | scanner:_scan_loop:213 | Сканирование #706 завершено. Найдено сетапов: 0
2026-04-01 02:25:32 | INFO     | scanner:_scan_loop:190 | ═══ Сканирование #707 ═══
2026-04-01 02:26:04 | INFO     | scanner:_scan_loop:213 | Сканирование #707 завершено. Найдено сетапов: 0
2026-04-01 02:27:04 | INFO     | scanner:_scan_loop:190 | ═══ Сканирование #708 ═══
2026-04-01 02:27:39 | INFO     | scanner:_scan_loop:213 | Сканирование #708 завершено. Найдено сетапов: 0
2026-04-01 02:28:39 | INFO     | scanner:_scan_loop:190 | ═══ Сканирование #709 ═══
2026-04-01 02:29:11 | INFO     | scanner:_scan_loop:213 | Сканирование #709 завершено. Найдено сетапов: 0
2026-04-01 02:30:11 | INFO     | scanner:_scan_loop:190 | ═══ Сканирование #710 ═══
2026-04-01 02:30:12 | ERROR    | scanner:get_klines:88 | Ошибка загрузки данных ETHUSDT 15: 'x-bapi-limit-reset-timestamp'
2026-04-01 02:30:18 | ERROR    | scanner:get_klines:88 | Ошибка загрузки данных LINKUSDT 5: 'x-bapi-limit-reset-timestamp'
2026-04-01 02:30:45 | INFO     | scanner:_scan_loop:213 | Сканирование #710 завершено. Найдено сетапов: 0
2026-04-01 02:31:45 | INFO     | scanner:_scan_loop:190 | ═══ Сканирование #711 ═══
2026-04-01 02:32:29 | INFO     | scanner:_scan_loop:213 | Сканирование #711 завершено. Найдено сетапов: 0
2026-04-01 02:33:29 | INFO     | scanner:_scan_loop:190 | ═══ Сканирование #712 ═══
2026-04-01 02:34:01 | INFO     | scanner:_scan_loop:213 | Сканирование #712 завершено. Найдено сетапов: 0
2026-04-01 02:35:01 | INFO     | scanner:_scan_loop:190 | ═══ Сканирование #713 ═══
2026-04-01 02:35:35 | INFO     | scanner:_scan_loop:213 | Сканирование #713 завершено. Найдено сетапов: 0
2026-04-01 02:36:35 | INFO     | scanner:_scan_loop:190 | ═══ Сканирование #714 ═══
2026-04-01 02:37:10 | INFO     | scanner:_scan_loop:213 | Сканирование #714 завершено. Найдено сетапов: 0
2026-04-01 02:38:10 | INFO     | scanner:_scan_loop:190 | ═══ Сканирование #715 ═══
2026-04-01 02:38:41 | INFO     | scanner:_scan_loop:213 | Сканирование #715 завершено. Найдено сетапов: 0
2026-04-01 02:39:41 | INFO     | scanner:_scan_loop:190 | ═══ Сканирование #716 ═══
2026-04-01 02:40:16 | INFO     | scanner:_scan_loop:213 | Сканирование #716 завершено. Найдено сетапов: 0
2026-04-01 02:41:16 | INFO     | scanner:_scan_loop:190 | ═══ Сканирование #717 ═══
2026-04-01 02:41:46 | INFO     | scanner:_scan_loop:213 | Сканирование #717 завершено. Найдено сетапов: 0
2026-04-01 02:42:46 | INFO     | scanner:_scan_loop:190 | ═══ Сканирование #718 ═══
2026-04-01 02:43:24 | INFO     | scanner:_scan_loop:213 | Сканирование #718 завершено. Найдено сетапов: 0
2026-04-01 02:44:24 | INFO     | scanner:_scan_loop:190 | ═══ Сканирование #719 ═══
2026-04-01 02:44:57 | INFO     | scanner:_scan_loop:213 | Сканирование #719 завершено. Найдено сетапов: 0
2026-04-01 02:45:57 | INFO     | scanner:_scan_loop:190 | ═══ Сканирование #720 ═══
2026-04-01 02:46:29 | INFO     | scanner:_scan_loop:213 | Сканирование #720 завершено. Найдено сетапов: 0
2026-04-01 02:47:29 | INFO     | scanner:_scan_loop:190 | ═══ Сканирование #721 ═══
2026-04-01 02:48:11 | INFO     | scanner:_scan_loop:213 | Сканирование #721 завершено. Найдено сетапов: 0
2026-04-01 02:49:11 | INFO     | scanner:_scan_loop:190 | ═══ Сканирование #722 ═══
2026-04-01 02:49:44 | INFO     | scanner:_scan_loop:213 | Сканирование #722 завершено. Найдено сетапов: 0
2026-04-01 02:50:44 | INFO     | scanner:_scan_loop:190 | ═══ Сканирование #723 ═══
2026-04-01 02:51:16 | INFO     | scanner:_scan_loop:213 | Сканирование #723 завершено. Найдено сетапов: 0
2026-04-01 02:52:16 | INFO     | scanner:_scan_loop:190 | ═══ Сканирование #724 ═══
2026-04-01 02:52:50 | INFO     | scanner:_scan_loop:213 | Сканирование #724 завершено. Найдено сетапов: 0
2026-04-01 02:53:50 | INFO     | scanner:_scan_loop:190 | ═══ Сканирование #725 ═══
2026-04-01 02:54:21 | INFO     | scanner:_scan_loop:213 | Сканирование #725 завершено. Найдено сетапов: 0
2026-04-01 02:55:21 | INFO     | scanner:_scan_loop:190 | ═══ Сканирование #726 ═══
2026-04-01 02:55:52 | INFO     | scanner:_scan_loop:213 | Сканирование #726 завершено. Найдено сетапов: 0
2026-04-01 02:56:52 | INFO     | scanner:_scan_loop:190 | ═══ Сканирование #727 ═══
2026-04-01 02:57:24 | INFO     | scanner:_scan_loop:213 | Сканирование #727 завершено. Найдено сетапов: 0
2026-04-01 02:58:24 | INFO     | scanner:_scan_loop:190 | ═══ Сканирование #728 ═══
2026-04-01 02:58:57 | INFO     | scanner:_scan_loop:213 | Сканирование #728 завершено. Найдено сетапов: 0
2026-04-01 02:59:57 | INFO     | scanner:_scan_loop:190 | ═══ Сканирование #729 ═══
2026-04-01 03:00:03 | ERROR    | scanner:get_klines:88 | Ошибка загрузки данных AVAXUSDT 15: 'x-bapi-limit-reset-timestamp'
2026-04-01 03:00:07 | ERROR    | scanner:get_klines:88 | Ошибка загрузки данных ATOMUSDT 5: 'x-bapi-limit-reset-timestamp'
2026-04-01 03:00:10 | ERROR    | scanner:get_klines:88 | Ошибка загрузки данных ARBUSDT 15: 'x-bapi-limit-reset-timestamp'
2026-04-01 03:00:12 | ERROR    | scanner:get_klines:88 | Ошибка загрузки данных NEARUSDT 5: 'x-bapi-limit-reset-timestamp'
2026-04-01 03:00:12 | ERROR    | scanner:get_klines:88 | Ошибка загрузки данных INJUSDT 15: 'x-bapi-limit-reset-timestamp'
2026-04-01 03:00:15 | ERROR    | scanner:get_klines:88 | Ошибка загрузки данных JUPUSDT 15: 'x-bapi-limit-reset-timestamp'
2026-04-01 03:00:18 | INFO     | risk_manager:_check_new_day:57 | Новый торговый день: 2026-04-01
2026-04-01 03:00:20 | DEBUG    | telegram_bot:send_message:50 | Сообщение отправлено в Telegram
2026-04-01 03:00:22 | ERROR    | scanner:get_klines:88 | Ошибка загрузки данных SNXUSDT 15: 'x-bapi-limit-reset-timestamp'
2026-04-01 03:00:23 | ERROR    | scanner:get_klines:88 | Ошибка загрузки данных CRVUSDT 15: 'x-bapi-limit-reset-timestamp'
2026-04-01 03:00:27 | ERROR    | scanner:get_klines:88 | Ошибка загрузки данных PYTHUSDT 15: 'x-bapi-limit-reset-timestamp'
2026-04-01 03:00:30 | INFO     | scanner:_scan_loop:213 | Сканирование #729 завершено. Найдено сетапов: 0
2026-04-01 03:01:30 | INFO     | scanner:_scan_loop:190 | ═══ Сканирование #730 ═══
2026-04-01 03:02:01 | INFO     | scanner:_scan_loop:213 | Сканирование #730 завершено. Найдено сетапов: 0
2026-04-01 03:03:01 | INFO     | scanner:_scan_loop:190 | ═══ Сканирование #731 ═══
2026-04-01 03:03:45 | INFO     | scanner:_scan_loop:213 | Сканирование #731 завершено. Найдено сетапов: 0
2026-04-01 03:04:45 | INFO     | scanner:_scan_loop:190 | ═══ Сканирование #732 ═══
2026-04-01 03:05:15 | INFO     | scanner:_scan_loop:213 | Сканирование #732 завершено. Найдено сетапов: 0
2026-04-01 03:06:15 | INFO     | scanner:_scan_loop:190 | ═══ Сканирование #733 ═══
2026-04-01 03:06:46 | INFO     | scanner:_scan_loop:213 | Сканирование #733 завершено. Найдено сетапов: 0
2026-04-01 03:07:46 | INFO     | scanner:_scan_loop:190 | ═══ Сканирование #734 ═══
2026-04-01 03:08:18 | INFO     | scanner:_scan_loop:213 | Сканирование #734 завершено. Найдено сетапов: 0
2026-04-01 03:09:18 | INFO     | scanner:_scan_loop:190 | ═══ Сканирование #735 ═══
2026-04-01 03:09:53 | INFO     | scanner:_scan_loop:213 | Сканирование #735 завершено. Найдено сетапов: 0
2026-04-01 03:10:53 | INFO     | scanner:_scan_loop:190 | ═══ Сканирование #736 ═══
2026-04-01 03:11:24 | INFO     | scanner:_scan_loop:213 | Сканирование #736 завершено. Найдено сетапов: 0
2026-04-01 03:12:24 | INFO     | scanner:_scan_loop:190 | ═══ Сканирование #737 ═══
2026-04-01 03:12:59 | INFO     | scanner:_scan_loop:213 | Сканирование #737 завершено. Найдено сетапов: 0
2026-04-01 03:13:59 | INFO     | scanner:_scan_loop:190 | ═══ Сканирование #738 ═══
2026-04-01 03:14:31 | INFO     | scanner:_scan_loop:213 | Сканирование #738 завершено. Найдено сетапов: 0
2026-04-01 03:15:31 | INFO     | scanner:_scan_loop:190 | ═══ Сканирование #739 ═══
2026-04-01 03:16:05 | INFO     | scanner:_scan_loop:213 | Сканирование #739 завершено. Найдено сетапов: 0
2026-04-01 03:17:05 | INFO     | scanner:_scan_loop:190 | ═══ Сканирование #740 ═══
2026-04-01 03:17:42 | INFO     | scanner:_scan_loop:213 | Сканирование #740 завершено. Найдено сетапов: 0
2026-04-01 03:18:42 | INFO     | scanner:_scan_loop:190 | ═══ Сканирование #741 ═══
2026-04-01 03:19:24 | INFO     | scanner:_scan_loop:213 | Сканирование #741 завершено. Найдено сетапов: 0
2026-04-01 03:20:24 | INFO     | scanner:_scan_loop:190 | ═══ Сканирование #742 ═══
2026-04-01 03:20:58 | INFO     | scanner:_scan_loop:213 | Сканирование #742 завершено. Найдено сетапов: 0
2026-04-01 03:21:58 | INFO     | scanner:_scan_loop:190 | ═══ Сканирование #743 ═══
2026-04-01 03:22:32 | INFO     | scanner:_scan_loop:213 | Сканирование #743 завершено. Найдено сетапов: 0
2026-04-01 03:23:32 | INFO     | scanner:_scan_loop:190 | ═══ Сканирование #744 ═══
2026-04-01 03:24:04 | INFO     | scanner:_scan_loop:213 | Сканирование #744 завершено. Найдено сетапов: 0
2026-04-01 03:25:04 | INFO     | scanner:_scan_loop:190 | ═══ Сканирование #745 ═══
2026-04-01 03:25:12 | ERROR    | scanner:get_klines:88 | Ошибка загрузки данных UNIUSDT 5: 'x-bapi-limit-reset-timestamp'
2026-04-01 03:25:13 | ERROR    | scanner:get_klines:88 | Ошибка загрузки данных LTCUSDT 15: 'x-bapi-limit-reset-timestamp'
2026-04-01 03:25:35 | INFO     | scanner:_scan_loop:213 | Сканирование #745 завершено. Найдено сетапов: 0
2026-04-01 03:26:35 | INFO     | scanner:_scan_loop:190 | ═══ Сканирование #746 ═══
2026-04-01 03:27:09 | INFO     | scanner:_scan_loop:213 | Сканирование #746 завершено. Найдено сетапов: 0
2026-04-01 03:28:09 | INFO     | scanner:_scan_loop:190 | ═══ Сканирование #747 ═══
2026-04-01 03:28:42 | INFO     | scanner:_scan_loop:213 | Сканирование #747 завершено. Найдено сетапов: 0
2026-04-01 03:29:42 | INFO     | scanner:_scan_loop:190 | ═══ Сканирование #748 ═══
2026-04-01 03:30:04 | ERROR    | scanner:get_klines:88 | Ошибка загрузки данных BCHUSDT 5: 'x-bapi-limit-reset-timestamp'
2026-04-01 03:30:12 | ERROR    | scanner:get_klines:88 | Ошибка загрузки данных ENSUSDT 5: 'x-bapi-limit-reset-timestamp'
2026-04-01 03:30:14 | INFO     | scanner:_scan_loop:213 | Сканирование #748 завершено. Найдено сетапов: 0
2026-04-01 03:31:14 | INFO     | scanner:_scan_loop:190 | ═══ Сканирование #749 ═══
2026-04-01 03:31:46 | INFO     | scanner:_scan_loop:213 | Сканирование #749 завершено. Найдено сетапов: 0
2026-04-01 03:32:46 | INFO     | scanner:_scan_loop:190 | ═══ Сканирование #750 ═══
2026-04-01 03:33:22 | INFO     | scanner:_scan_loop:213 | Сканирование #750 завершено. Найдено сетапов: 0
2026-04-01 03:34:22 | INFO     | scanner:_scan_loop:190 | ═══ Сканирование #751 ═══
2026-04-01 03:35:08 | INFO     | scanner:_scan_loop:213 | Сканирование #751 завершено. Найдено сетапов: 0
2026-04-01 03:36:08 | INFO     | scanner:_scan_loop:190 | ═══ Сканирование #752 ═══
2026-04-01 03:36:43 | INFO     | scanner:_scan_loop:213 | Сканирование #752 завершено. Найдено сетапов: 0
2026-04-01 03:37:43 | INFO     | scanner:_scan_loop:190 | ═══ Сканирование #753 ═══
2026-04-01 03:38:19 | INFO     | scanner:_scan_loop:213 | Сканирование #753 завершено. Найдено сетапов: 0
2026-04-01 03:39:19 | INFO     | scanner:_scan_loop:190 | ═══ Сканирование #754 ═══
2026-04-01 03:39:50 | INFO     | scanner:_scan_loop:213 | Сканирование #754 завершено. Найдено сетапов: 0
2026-04-01 03:40:50 | INFO     | scanner:_scan_loop:190 | ═══ Сканирование #755 ═══
2026-04-01 03:41:23 | INFO     | scanner:_scan_loop:213 | Сканирование #755 завершено. Найдено сетапов: 0
2026-04-01 03:42:23 | INFO     | scanner:_scan_loop:190 | ═══ Сканирование #756 ═══
2026-04-01 03:42:56 | INFO     | scanner:_scan_loop:213 | Сканирование #756 завершено. Найдено сетапов: 0
2026-04-01 03:43:56 | INFO     | scanner:_scan_loop:190 | ═══ Сканирование #757 ═══
2026-04-01 03:44:31 | INFO     | scanner:_scan_loop:213 | Сканирование #757 завершено. Найдено сетапов: 0
2026-04-01 03:45:31 | INFO     | scanner:_scan_loop:190 | ═══ Сканирование #758 ═══
2026-04-01 03:46:03 | INFO     | scanner:_scan_loop:213 | Сканирование #758 завершено. Найдено сетапов: 0
2026-04-01 03:47:03 | INFO     | scanner:_scan_loop:190 | ═══ Сканирование #759 ═══
2026-04-01 03:47:38 | INFO     | scanner:_scan_loop:213 | Сканирование #759 завершено. Найдено сетапов: 0
2026-04-01 03:48:38 | INFO     | scanner:_scan_loop:190 | ═══ Сканирование #760 ═══
2026-04-01 03:49:09 | INFO     | scanner:_scan_loop:213 | Сканирование #760 завершено. Найдено сетапов: 0
2026-04-01 03:50:09 | INFO     | scanner:_scan_loop:190 | ═══ Сканирование #761 ═══
2026-04-01 03:50:12 | ERROR    | scanner:get_klines:88 | Ошибка загрузки данных SOLUSDT 15: 'x-bapi-limit-reset-timestamp'
2026-04-01 03:50:59 | INFO     | scanner:_scan_loop:213 | Сканирование #761 завершено. Найдено сетапов: 0
2026-04-01 03:51:59 | INFO     | scanner:_scan_loop:190 | ═══ Сканирование #762 ═══
2026-04-01 03:52:32 | INFO     | scanner:_scan_loop:213 | Сканирование #762 завершено. Найдено сетапов: 0
2026-04-01 03:53:32 | INFO     | scanner:_scan_loop:190 | ═══ Сканирование #763 ═══
2026-04-01 03:54:06 | INFO     | scanner:_scan_loop:213 | Сканирование #763 завершено. Найдено сетапов: 0
2026-04-01 03:55:06 | INFO     | scanner:_scan_loop:190 | ═══ Сканирование #764 ═══
2026-04-01 03:55:41 | INFO     | scanner:_scan_loop:213 | Сканирование #764 завершено. Найдено сетапов: 0
2026-04-01 03:56:41 | INFO     | scanner:_scan_loop:190 | ═══ Сканирование #765 ═══
2026-04-01 03:57:13 | INFO     | scanner:_scan_loop:213 | Сканирование #765 завершено. Найдено сетапов: 0
2026-04-01 03:58:14 | INFO     | scanner:_scan_loop:190 | ═══ Сканирование #766 ═══
2026-04-01 03:58:48 | INFO     | scanner:_scan_loop:213 | Сканирование #766 завершено. Найдено сетапов: 0
2026-04-01 03:59:48 | INFO     | scanner:_scan_loop:190 | ═══ Сканирование #767 ═══
2026-04-01 04:00:07 | ERROR    | scanner:get_klines:88 | Ошибка загрузки данных WLDUSDT 15: 'x-bapi-limit-reset-timestamp'
2026-04-01 04:00:08 | ERROR    | scanner:get_klines:88 | Ошибка загрузки данных WLDUSDT 5: 'x-bapi-limit-reset-timestamp'
2026-04-01 04:00:08 | ERROR    | scanner:get_klines:88 | Ошибка загрузки данных JUPUSDT 15: 'x-bapi-limit-reset-timestamp'
2026-04-01 04:00:10 | ERROR    | scanner:get_klines:88 | Ошибка загрузки данных STXUSDT 15: 'x-bapi-limit-reset-timestamp'
2026-04-01 04:00:25 | INFO     | scanner:_scan_loop:213 | Сканирование #767 завершено. Найдено сетапов: 0
2026-04-01 04:01:26 | INFO     | scanner:_scan_loop:190 | ═══ Сканирование #768 ═══
2026-04-01 04:02:03 | INFO     | scanner:_scan_loop:213 | Сканирование #768 завершено. Найдено сетапов: 0
2026-04-01 04:03:03 | INFO     | scanner:_scan_loop:190 | ═══ Сканирование #769 ═══
2026-04-01 04:03:42 | INFO     | scanner:_scan_loop:213 | Сканирование #769 завершено. Найдено сетапов: 0
2026-04-01 04:04:42 | INFO     | scanner:_scan_loop:190 | ═══ Сканирование #770 ═══
2026-04-01 04:05:19 | INFO     | scanner:_scan_loop:213 | Сканирование #770 завершено. Найдено сетапов: 0
2026-04-01 04:06:19 | INFO     | scanner:_scan_loop:190 | ═══ Сканирование #771 ═══
2026-04-01 04:07:04 | INFO     | scanner:_scan_loop:213 | Сканирование #771 завершено. Найдено сетапов: 0
2026-04-01 04:08:04 | INFO     | scanner:_scan_loop:190 | ═══ Сканирование #772 ═══
2026-04-01 04:08:41 | INFO     | scanner:_scan_loop:213 | Сканирование #772 завершено. Найдено сетапов: 0
2026-04-01 04:09:41 | INFO     | scanner:_scan_loop:190 | ═══ Сканирование #773 ═══
2026-04-01 04:10:13 | INFO     | scanner:_scan_loop:213 | Сканирование #773 завершено. Найдено сетапов: 0
2026-04-01 04:11:13 | INFO     | scanner:_scan_loop:190 | ═══ Сканирование #774 ═══
2026-04-01 04:11:48 | INFO     | scanner:_scan_loop:213 | Сканирование #774 завершено. Найдено сетапов: 0
2026-04-01 04:12:48 | INFO     | scanner:_scan_loop:190 | ═══ Сканирование #775 ═══
2026-04-01 04:13:23 | INFO     | scanner:_scan_loop:213 | Сканирование #775 завершено. Найдено сетапов: 0
2026-04-01 04:14:23 | INFO     | scanner:_scan_loop:190 | ═══ Сканирование #776 ═══
2026-04-01 04:14:57 | INFO     | scanner:_scan_loop:213 | Сканирование #776 завершено. Найдено сетапов: 0
2026-04-01 04:15:57 | INFO     | scanner:_scan_loop:190 | ═══ Сканирование #777 ═══
2026-04-01 04:16:28 | INFO     | scanner:_scan_loop:213 | Сканирование #777 завершено. Найдено сетапов: 0
2026-04-01 04:17:28 | INFO     | scanner:_scan_loop:190 | ═══ Сканирование #778 ═══
2026-04-01 04:17:59 | INFO     | scanner:_scan_loop:213 | Сканирование #778 завершено. Найдено сетапов: 0
2026-04-01 04:18:59 | INFO     | scanner:_scan_loop:190 | ═══ Сканирование #779 ═══
2026-04-01 04:19:33 | INFO     | scanner:_scan_loop:213 | Сканирование #779 завершено. Найдено сетапов: 0
2026-04-01 04:20:33 | INFO     | scanner:_scan_loop:190 | ═══ Сканирование #780 ═══
2026-04-01 04:21:07 | INFO     | scanner:_scan_loop:213 | Сканирование #780 завершено. Найдено сетапов: 0
2026-04-01 04:22:07 | INFO     | scanner:_scan_loop:190 | ═══ Сканирование #781 ═══
2026-04-01 04:22:56 | INFO     | scanner:_scan_loop:213 | Сканирование #781 завершено. Найдено сетапов: 0
2026-04-01 04:23:56 | INFO     | scanner:_scan_loop:190 | ═══ Сканирование #782 ═══
2026-04-01 04:24:28 | INFO     | scanner:_scan_loop:213 | Сканирование #782 завершено. Найдено сетапов: 0
2026-04-01 04:25:28 | INFO     | scanner:_scan_loop:190 | ═══ Сканирование #783 ═══
2026-04-01 04:26:02 | INFO     | scanner:_scan_loop:213 | Сканирование #783 завершено. Найдено сетапов: 0
2026-04-01 04:27:02 | INFO     | scanner:_scan_loop:190 | ═══ Сканирование #784 ═══
2026-04-01 04:27:35 | INFO     | scanner:_scan_loop:213 | Сканирование #784 завершено. Найдено сетапов: 0
2026-04-01 04:28:35 | INFO     | scanner:_scan_loop:190 | ═══ Сканирование #785 ═══
2026-04-01 04:29:09 | INFO     | scanner:_scan_loop:213 | Сканирование #785 завершено. Найдено сетапов: 0
2026-04-01 04:30:09 | INFO     | scanner:_scan_loop:190 | ═══ Сканирование #786 ═══
2026-04-01 04:30:43 | INFO     | scanner:_scan_loop:213 | Сканирование #786 завершено. Найдено сетапов: 0
2026-04-01 04:31:43 | INFO     | scanner:_scan_loop:190 | ═══ Сканирование #787 ═══
2026-04-01 04:32:16 | INFO     | scanner:_scan_loop:213 | Сканирование #787 завершено. Найдено сетапов: 0
2026-04-01 04:33:16 | INFO     | scanner:_scan_loop:190 | ═══ Сканирование #788 ═══
2026-04-01 04:33:46 | INFO     | scanner:_scan_loop:213 | Сканирование #788 завершено. Найдено сетапов: 0
2026-04-01 04:34:46 | INFO     | scanner:_scan_loop:190 | ═══ Сканирование #789 ═══
2026-04-01 04:35:20 | INFO     | scanner:_scan_loop:213 | Сканирование #789 завершено. Найдено сетапов: 0
2026-04-01 04:36:20 | INFO     | scanner:_scan_loop:190 | ═══ Сканирование #790 ═══
2026-04-01 04:36:52 | INFO     | scanner:_scan_loop:213 | Сканирование #790 завершено. Найдено сетапов: 0
2026-04-01 04:37:52 | INFO     | scanner:_scan_loop:190 | ═══ Сканирование #791 ═══
2026-04-01 04:38:34 | INFO     | scanner:_scan_loop:213 | Сканирование #791 завершено. Найдено сетапов: 0
2026-04-01 04:39:34 | INFO     | scanner:_scan_loop:190 | ═══ Сканирование #792 ═══
2026-04-01 04:40:05 | INFO     | scanner:_scan_loop:213 | Сканирование #792 завершено. Найдено сетапов: 0
2026-04-01 04:41:05 | INFO     | scanner:_scan_loop:190 | ═══ Сканирование #793 ═══
2026-04-01 04:41:39 | INFO     | scanner:_scan_loop:213 | Сканирование #793 завершено. Найдено сетапов: 0
2026-04-01 04:42:39 | INFO     | scanner:_scan_loop:190 | ═══ Сканирование #794 ═══
2026-04-01 04:43:11 | INFO     | scanner:_scan_loop:213 | Сканирование #794 завершено. Найдено сетапов: 0
2026-04-01 04:44:11 | INFO     | scanner:_scan_loop:190 | ═══ Сканирование #795 ═══
2026-04-01 04:44:43 | INFO     | scanner:_scan_loop:213 | Сканирование #795 завершено. Найдено сетапов: 0
2026-04-01 04:45:43 | INFO     | scanner:_scan_loop:190 | ═══ Сканирование #796 ═══
2026-04-01 04:46:15 | INFO     | scanner:_scan_loop:213 | Сканирование #796 завершено. Найдено сетапов: 0
2026-04-01 04:47:15 | INFO     | scanner:_scan_loop:190 | ═══ Сканирование #797 ═══
2026-04-01 04:47:45 | INFO     | scanner:_scan_loop:213 | Сканирование #797 завершено. Найдено сетапов: 0
2026-04-01 04:48:45 | INFO     | scanner:_scan_loop:190 | ═══ Сканирование #798 ═══
2026-04-01 04:49:18 | INFO     | scanner:_scan_loop:213 | Сканирование #798 завершено. Найдено сетапов: 0
2026-04-01 04:50:18 | INFO     | scanner:_scan_loop:190 | ═══ Сканирование #799 ═══
2026-04-01 04:50:49 | INFO     | scanner:_scan_loop:213 | Сканирование #799 завершено. Найдено сетапов: 0
2026-04-01 04:51:49 | INFO     | scanner:_scan_loop:190 | ═══ Сканирование #800 ═══
2026-04-01 04:52:20 | INFO     | scanner:_scan_loop:213 | Сканирование #800 завершено. Найдено сетапов: 0
2026-04-01 04:53:20 | INFO     | scanner:_scan_loop:190 | ═══ Сканирование #801 ═══
2026-04-01 04:54:05 | INFO     | scanner:_scan_loop:213 | Сканирование #801 завершено. Найдено сетапов: 0
2026-04-01 04:55:05 | INFO     | scanner:_scan_loop:190 | ═══ Сканирование #802 ═══
2026-04-01 04:55:37 | INFO     | scanner:_scan_loop:213 | Сканирование #802 завершено. Найдено сетапов: 0
2026-04-01 04:56:37 | INFO     | scanner:_scan_loop:190 | ═══ Сканирование #803 ═══
2026-04-01 04:57:06 | INFO     | scanner:_scan_loop:213 | Сканирование #803 завершено. Найдено сетапов: 0
2026-04-01 04:58:06 | INFO     | scanner:_scan_loop:190 | ═══ Сканирование #804 ═══
2026-04-01 04:58:39 | INFO     | scanner:_scan_loop:213 | Сканирование #804 завершено. Найдено сетапов: 0
2026-04-01 04:59:39 | INFO     | scanner:_scan_loop:190 | ═══ Сканирование #805 ═══
2026-04-01 05:00:03 | ERROR    | scanner:get_klines:88 | Ошибка загрузки данных SNXUSDT 15: 'x-bapi-limit-reset-timestamp'
2026-04-01 05:00:04 | ERROR    | scanner:get_klines:88 | Ошибка загрузки данных CRVUSDT 5: 'x-bapi-limit-reset-timestamp'
2026-04-01 05:00:04 | ERROR    | scanner:get_klines:88 | Ошибка загрузки данных DYDXUSDT 15: 'x-bapi-limit-reset-timestamp'
2026-04-01 05:00:09 | ERROR    | scanner:get_klines:88 | Ошибка загрузки данных ENSUSDT 5: 'x-bapi-limit-reset-timestamp'
2026-04-01 05:00:10 | INFO     | scanner:_scan_loop:213 | Сканирование #805 завершено. Найдено сетапов: 0
2026-04-01 05:01:10 | INFO     | scanner:_scan_loop:190 | ═══ Сканирование #806 ═══
2026-04-01 05:01:41 | INFO     | scanner:_scan_loop:213 | Сканирование #806 завершено. Найдено сетапов: 0
2026-04-01 05:02:41 | INFO     | scanner:_scan_loop:190 | ═══ Сканирование #807 ═══
2026-04-01 05:03:14 | INFO     | scanner:_scan_loop:213 | Сканирование #807 завершено. Найдено сетапов: 0
2026-04-01 05:04:14 | INFO     | scanner:_scan_loop:190 | ═══ Сканирование #808 ═══
2026-04-01 05:04:50 | INFO     | scanner:_scan_loop:213 | Сканирование #808 завершено. Найдено сетапов: 0
2026-04-01 05:05:50 | INFO     | scanner:_scan_loop:190 | ═══ Сканирование #809 ═══
2026-04-01 05:06:23 | INFO     | scanner:_scan_loop:213 | Сканирование #809 завершено. Найдено сетапов: 0
2026-04-01 05:07:23 | INFO     | scanner:_scan_loop:190 | ═══ Сканирование #810 ═══
2026-04-01 05:07:54 | INFO     | scanner:_scan_loop:213 | Сканирование #810 завершено. Найдено сетапов: 0
2026-04-01 05:08:54 | INFO     | scanner:_scan_loop:190 | ═══ Сканирование #811 ═══
2026-04-01 05:09:36 | INFO     | scanner:_scan_loop:213 | Сканирование #811 завершено. Найдено сетапов: 0
2026-04-01 05:10:36 | INFO     | scanner:_scan_loop:190 | ═══ Сканирование #812 ═══
2026-04-01 05:11:07 | INFO     | scanner:_scan_loop:213 | Сканирование #812 завершено. Найдено сетапов: 0
2026-04-01 05:12:07 | INFO     | scanner:_scan_loop:190 | ═══ Сканирование #813 ═══
2026-04-01 05:12:38 | INFO     | scanner:_scan_loop:213 | Сканирование #813 завершено. Найдено сетапов: 0
2026-04-01 05:13:38 | INFO     | scanner:_scan_loop:190 | ═══ Сканирование #814 ═══
2026-04-01 05:14:09 | INFO     | scanner:_scan_loop:213 | Сканирование #814 завершено. Найдено сетапов: 0
2026-04-01 05:15:09 | INFO     | scanner:_scan_loop:190 | ═══ Сканирование #815 ═══
2026-04-01 05:15:39 | INFO     | scanner:_scan_loop:213 | Сканирование #815 завершено. Найдено сетапов: 0
2026-04-01 05:16:39 | INFO     | scanner:_scan_loop:190 | ═══ Сканирование #816 ═══
2026-04-01 05:17:12 | INFO     | scanner:_scan_loop:213 | Сканирование #816 завершено. Найдено сетапов: 0
2026-04-01 05:18:12 | INFO     | scanner:_scan_loop:190 | ═══ Сканирование #817 ═══
2026-04-01 05:18:45 | INFO     | scanner:_scan_loop:213 | Сканирование #817 завершено. Найдено сетапов: 0
2026-04-01 05:19:45 | INFO     | scanner:_scan_loop:190 | ═══ Сканирование #818 ═══
2026-04-01 05:20:17 | INFO     | scanner:_scan_loop:213 | Сканирование #818 завершено. Найдено сетапов: 0
2026-04-01 05:21:17 | INFO     | scanner:_scan_loop:190 | ═══ Сканирование #819 ═══
2026-04-01 05:21:48 | INFO     | scanner:_scan_loop:213 | Сканирование #819 завершено. Найдено сетапов: 0
2026-04-01 05:22:48 | INFO     | scanner:_scan_loop:190 | ═══ Сканирование #820 ═══
2026-04-01 05:23:21 | INFO     | scanner:_scan_loop:213 | Сканирование #820 завершено. Найдено сетапов: 0
2026-04-01 05:24:21 | INFO     | scanner:_scan_loop:190 | ═══ Сканирование #821 ═══
2026-04-01 05:25:03 | INFO     | scanner:_scan_loop:213 | Сканирование #821 завершено. Найдено сетапов: 0
2026-04-01 05:26:03 | INFO     | scanner:_scan_loop:190 | ═══ Сканирование #822 ═══
2026-04-01 05:26:33 | INFO     | scanner:_scan_loop:213 | Сканирование #822 завершено. Найдено сетапов: 0
2026-04-01 05:27:33 | INFO     | scanner:_scan_loop:190 | ═══ Сканирование #823 ═══
2026-04-01 05:28:03 | INFO     | scanner:_scan_loop:213 | Сканирование #823 завершено. Найдено сетапов: 0
2026-04-01 05:29:03 | INFO     | scanner:_scan_loop:190 | ═══ Сканирование #824 ═══
2026-04-01 05:29:36 | INFO     | scanner:_scan_loop:213 | Сканирование #824 завершено. Найдено сетапов: 0
2026-04-01 05:30:36 | INFO     | scanner:_scan_loop:190 | ═══ Сканирование #825 ═══
2026-04-01 05:31:06 | INFO     | scanner:_scan_loop:213 | Сканирование #825 завершено. Найдено сетапов: 0
2026-04-01 05:32:06 | INFO     | scanner:_scan_loop:190 | ═══ Сканирование #826 ═══
2026-04-01 05:32:36 | INFO     | scanner:_scan_loop:213 | Сканирование #826 завершено. Найдено сетапов: 0
2026-04-01 05:33:36 | INFO     | scanner:_scan_loop:190 | ═══ Сканирование #827 ═══
2026-04-01 05:34:10 | INFO     | scanner:_scan_loop:213 | Сканирование #827 завершено. Найдено сетапов: 0
2026-04-01 05:35:10 | INFO     | scanner:_scan_loop:190 | ═══ Сканирование #828 ═══
2026-04-01 05:35:40 | INFO     | scanner:_scan_loop:213 | Сканирование #828 завершено. Найдено сетапов: 0
2026-04-01 05:36:40 | INFO     | scanner:_scan_loop:190 | ═══ Сканирование #829 ═══
2026-04-01 05:37:11 | INFO     | scanner:_scan_loop:213 | Сканирование #829 завершено. Найдено сетапов: 0
2026-04-01 05:38:11 | INFO     | scanner:_scan_loop:190 | ═══ Сканирование #830 ═══
2026-04-01 05:38:40 | INFO     | scanner:_scan_loop:213 | Сканирование #830 завершено. Найдено сетапов: 0
2026-04-01 05:39:40 | INFO     | scanner:_scan_loop:190 | ═══ Сканирование #831 ═══
2026-04-01 05:40:22 | INFO     | scanner:_scan_loop:213 | Сканирование #831 завершено. Найдено сетапов: 0
2026-04-01 05:41:22 | INFO     | scanner:_scan_loop:190 | ═══ Сканирование #832 ═══
2026-04-01 05:41:52 | INFO     | scanner:_scan_loop:213 | Сканирование #832 завершено. Найдено сетапов: 0
2026-04-01 05:42:52 | INFO     | scanner:_scan_loop:190 | ═══ Сканирование #833 ═══
2026-04-01 05:43:25 | INFO     | scanner:_scan_loop:213 | Сканирование #833 завершено. Найдено сетапов: 0
2026-04-01 05:44:25 | INFO     | scanner:_scan_loop:190 | ═══ Сканирование #834 ═══
2026-04-01 05:44:55 | INFO     | scanner:_scan_loop:213 | Сканирование #834 завершено. Найдено сетапов: 0
2026-04-01 05:45:55 | INFO     | scanner:_scan_loop:190 | ═══ Сканирование #835 ═══
2026-04-01 05:46:26 | INFO     | scanner:_scan_loop:213 | Сканирование #835 завершено. Найдено сетапов: 0
2026-04-01 05:47:26 | INFO     | scanner:_scan_loop:190 | ═══ Сканирование #836 ═══
2026-04-01 05:47:55 | INFO     | scanner:_scan_loop:213 | Сканирование #836 завершено. Найдено сетапов: 0
2026-04-01 05:48:55 | INFO     | scanner:_scan_loop:190 | ═══ Сканирование #837 ═══
2026-04-01 05:49:26 | INFO     | scanner:_scan_loop:213 | Сканирование #837 завершено. Найдено сетапов: 0
2026-04-01 05:50:26 | INFO     | scanner:_scan_loop:190 | ═══ Сканирование #838 ═══
2026-04-01 05:50:56 | INFO     | scanner:_scan_loop:213 | Сканирование #838 завершено. Найдено сетапов: 0
2026-04-01 05:51:56 | INFO     | scanner:_scan_loop:190 | ═══ Сканирование #839 ═══
2026-04-01 05:52:26 | INFO     | scanner:_scan_loop:213 | Сканирование #839 завершено. Найдено сетапов: 0
2026-04-01 05:53:26 | INFO     | scanner:_scan_loop:190 | ═══ Сканирование #840 ═══
2026-04-01 05:53:56 | INFO     | scanner:_scan_loop:213 | Сканирование #840 завершено. Найдено сетапов: 0
2026-04-01 05:54:56 | INFO     | scanner:_scan_loop:190 | ═══ Сканирование #841 ═══
2026-04-01 05:55:38 | INFO     | scanner:_scan_loop:213 | Сканирование #841 завершено. Найдено сетапов: 0
2026-04-01 05:56:38 | INFO     | scanner:_scan_loop:190 | ═══ Сканирование #842 ═══
2026-04-01 05:57:07 | INFO     | scanner:_scan_loop:213 | Сканирование #842 завершено. Найдено сетапов: 0
2026-04-01 05:58:07 | INFO     | scanner:_scan_loop:190 | ═══ Сканирование #843 ═══
2026-04-01 05:58:40 | INFO     | scanner:_scan_loop:213 | Сканирование #843 завершено. Найдено сетапов: 0
2026-04-01 05:59:40 | INFO     | scanner:_scan_loop:190 | ═══ Сканирование #844 ═══
2026-04-01 06:00:05 | ERROR    | scanner:get_klines:88 | Ошибка загрузки данных GMXUSDT 5: 'x-bapi-limit-reset-timestamp'
2026-04-01 06:00:06 | ERROR    | scanner:get_klines:88 | Ошибка загрузки данных PENDLEUSDT 15: 'x-bapi-limit-reset-timestamp'
2026-04-01 06:00:07 | ERROR    | scanner:get_klines:88 | Ошибка загрузки данных PYTHUSDT 15: 'x-bapi-limit-reset-timestamp'
2026-04-01 06:00:09 | ERROR    | scanner:get_klines:88 | Ошибка загрузки данных ENSUSDT 5: 'x-bapi-limit-reset-timestamp'
2026-04-01 06:00:10 | INFO     | scanner:_scan_loop:213 | Сканирование #844 завершено. Найдено сетапов: 0
2026-04-01 06:01:10 | INFO     | scanner:_scan_loop:190 | ═══ Сканирование #845 ═══
2026-04-01 06:01:41 | INFO     | scanner:_scan_loop:213 | Сканирование #845 завершено. Найдено сетапов: 0
2026-04-01 06:02:41 | INFO     | scanner:_scan_loop:190 | ═══ Сканирование #846 ═══
2026-04-01 06:03:12 | INFO     | scanner:_scan_loop:213 | Сканирование #846 завершено. Найдено сетапов: 0
2026-04-01 06:04:12 | INFO     | scanner:_scan_loop:190 | ═══ Сканирование #847 ═══
2026-04-01 06:04:45 | INFO     | scanner:_scan_loop:213 | Сканирование #847 завершено. Найдено сетапов: 0
2026-04-01 06:05:45 | INFO     | scanner:_scan_loop:190 | ═══ Сканирование #848 ═══
2026-04-01 06:06:24 | INFO     | scanner:_scan_loop:213 | Сканирование #848 завершено. Найдено сетапов: 0
2026-04-01 06:07:24 | INFO     | scanner:_scan_loop:190 | ═══ Сканирование #849 ═══
2026-04-01 06:07:54 | INFO     | scanner:_scan_loop:213 | Сканирование #849 завершено. Найдено сетапов: 0
2026-04-01 06:08:54 | INFO     | scanner:_scan_loop:190 | ═══ Сканирование #850 ═══
2026-04-01 06:09:27 | INFO     | scanner:_scan_loop:213 | Сканирование #850 завершено. Найдено сетапов: 0
2026-04-01 06:10:27 | INFO     | scanner:_scan_loop:190 | ═══ Сканирование #851 ═══
2026-04-01 06:11:08 | INFO     | scanner:_scan_loop:213 | Сканирование #851 завершено. Найдено сетапов: 0
2026-04-01 06:12:08 | INFO     | scanner:_scan_loop:190 | ═══ Сканирование #852 ═══
2026-04-01 06:12:42 | INFO     | scanner:_scan_loop:213 | Сканирование #852 завершено. Найдено сетапов: 0
2026-04-01 06:13:42 | INFO     | scanner:_scan_loop:190 | ═══ Сканирование #853 ═══
2026-04-01 06:14:11 | INFO     | scanner:_scan_loop:213 | Сканирование #853 завершено. Найдено сетапов: 0
2026-04-01 06:15:11 | INFO     | scanner:_scan_loop:190 | ═══ Сканирование #854 ═══
2026-04-01 06:15:44 | INFO     | scanner:_scan_loop:213 | Сканирование #854 завершено. Найдено сетапов: 0
2026-04-01 06:16:44 | INFO     | scanner:_scan_loop:190 | ═══ Сканирование #855 ═══
2026-04-01 06:17:14 | INFO     | scanner:_scan_loop:213 | Сканирование #855 завершено. Найдено сетапов: 0
2026-04-01 06:18:14 | INFO     | scanner:_scan_loop:190 | ═══ Сканирование #856 ═══
2026-04-01 06:18:47 | INFO     | scanner:_scan_loop:213 | Сканирование #856 завершено. Найдено сетапов: 0
2026-04-01 06:19:47 | INFO     | scanner:_scan_loop:190 | ═══ Сканирование #857 ═══
2026-04-01 06:20:20 | INFO     | scanner:_scan_loop:213 | Сканирование #857 завершено. Найдено сетапов: 0
2026-04-01 06:21:20 | INFO     | scanner:_scan_loop:190 | ═══ Сканирование #858 ═══
2026-04-01 06:21:52 | INFO     | scanner:_scan_loop:213 | Сканирование #858 завершено. Найдено сетапов: 0
2026-04-01 06:22:52 | INFO     | scanner:_scan_loop:190 | ═══ Сканирование #859 ═══
2026-04-01 06:23:25 | INFO     | scanner:_scan_loop:213 | Сканирование #859 завершено. Найдено сетапов: 0
2026-04-01 06:24:25 | INFO     | scanner:_scan_loop:190 | ═══ Сканирование #860 ═══
2026-04-01 06:24:56 | INFO     | scanner:_scan_loop:213 | Сканирование #860 завершено. Найдено сетапов: 0
2026-04-01 06:25:56 | INFO     | scanner:_scan_loop:190 | ═══ Сканирование #861 ═══
2026-04-01 06:51:12 | INFO     | __main__:main:41 | ╔══════════════════════════════════════════╗
2026-04-01 06:51:12 | INFO     | __main__:main:42 | ║     BYBIT WAVE SCANNER v1.0              ║
2026-04-01 06:51:12 | INFO     | __main__:main:43 | ║     Elliott Wave + Trendline Breakout     ║
2026-04-01 06:51:12 | INFO     | __main__:main:44 | ║     50 Coins | USDT Perpetual             ║
2026-04-01 06:51:12 | INFO     | __main__:main:45 | ╚══════════════════════════════════════════╝
2026-04-01 06:51:12 | INFO     | scanner:start:139 | ═══ BYBIT WAVE SCANNER ЗАПУЩЕН ═══
2026-04-01 06:51:15 | DEBUG    | telegram_bot:send_message:50 | Сообщение отправлено в Telegram
2026-04-01 06:51:15 | INFO     | scanner:_scan_loop:190 | ═══ Сканирование #1 ═══
2026-04-01 06:52:01 | INFO     | scanner:_scan_loop:213 | Сканирование #1 завершено. Найдено сетапов: 0
2026-04-01 06:53:01 | INFO     | scanner:_scan_loop:190 | ═══ Сканирование #2 ═══
2026-04-01 06:53:34 | INFO     | scanner:_scan_loop:213 | Сканирование #2 завершено. Найдено сетапов: 0
2026-04-01 06:54:34 | INFO     | scanner:_scan_loop:190 | ═══ Сканирование #3 ═══
2026-04-01 06:55:07 | INFO     | scanner:_scan_loop:213 | Сканирование #3 завершено. Найдено сетапов: 0
2026-04-01 06:56:07 | INFO     | scanner:_scan_loop:190 | ═══ Сканирование #4 ═══
2026-04-01 06:56:39 | INFO     | scanner:_scan_loop:213 | Сканирование #4 завершено. Найдено сетапов: 0
2026-04-01 06:57:39 | INFO     | scanner:_scan_loop:190 | ═══ Сканирование #5 ═══
2026-04-01 06:58:11 | INFO     | scanner:_scan_loop:213 | Сканирование #5 завершено. Найдено сетапов: 0
2026-04-01 06:59:11 | INFO     | scanner:_scan_loop:190 | ═══ Сканирование #6 ═══
2026-04-01 06:59:46 | INFO     | scanner:_scan_loop:213 | Сканирование #6 завершено. Найдено сетапов: 0
2026-04-01 07:00:46 | INFO     | scanner:_scan_loop:190 | ═══ Сканирование #7 ═══
2026-04-01 07:01:21 | INFO     | scanner:_scan_loop:213 | Сканирование #7 завершено. Найдено сетапов: 0
2026-04-01 07:02:21 | INFO     | scanner:_scan_loop:190 | ═══ Сканирование #8 ═══
2026-04-01 07:02:55 | INFO     | scanner:_scan_loop:213 | Сканирование #8 завершено. Найдено сетапов: 0
2026-04-01 07:03:55 | INFO     | scanner:_scan_loop:190 | ═══ Сканирование #9 ═══
2026-04-01 07:04:31 | INFO     | scanner:_scan_loop:213 | Сканирование #9 завершено. Найдено сетапов: 0
2026-04-01 07:05:31 | INFO     | scanner:_scan_loop:190 | ═══ Сканирование #10 ═══
2026-04-01 07:06:03 | INFO     | scanner:_scan_loop:213 | Сканирование #10 завершено. Найдено сетапов: 0
2026-04-01 07:07:03 | INFO     | scanner:_scan_loop:190 | ═══ Сканирование #11 ═══
2026-04-01 07:07:49 | INFO     | scanner:_scan_loop:213 | Сканирование #11 завершено. Найдено сетапов: 0
2026-04-01 07:08:49 | INFO     | scanner:_scan_loop:190 | ═══ Сканирование #12 ═══
2026-04-01 07:09:22 | INFO     | scanner:_scan_loop:213 | Сканирование #12 завершено. Найдено сетапов: 0
2026-04-01 07:10:22 | INFO     | scanner:_scan_loop:190 | ═══ Сканирование #13 ═══
2026-04-01 07:10:56 | INFO     | scanner:_scan_loop:213 | Сканирование #13 завершено. Найдено сетапов: 0
2026-04-01 07:11:56 | INFO     | scanner:_scan_loop:190 | ═══ Сканирование #14 ═══
2026-04-01 07:12:31 | INFO     | scanner:_scan_loop:213 | Сканирование #14 завершено. Найдено сетапов: 0
2026-04-01 07:13:31 | INFO     | scanner:_scan_loop:190 | ═══ Сканирование #15 ═══
2026-04-01 07:14:04 | INFO     | scanner:_scan_loop:213 | Сканирование #15 завершено. Найдено сетапов: 0
2026-04-01 07:15:04 | INFO     | scanner:_scan_loop:190 | ═══ Сканирование #16 ═══
2026-04-01 07:15:05 | ERROR    | scanner:get_klines:88 | Ошибка загрузки данных BTCUSDT 5: 'x-bapi-limit-reset-timestamp'
2026-04-01 07:15:37 | INFO     | scanner:_scan_loop:213 | Сканирование #16 завершено. Найдено сетапов: 0
2026-04-01 07:16:37 | INFO     | scanner:_scan_loop:190 | ═══ Сканирование #17 ═══
2026-04-01 07:17:10 | INFO     | scanner:_scan_loop:213 | Сканирование #17 завершено. Найдено сетапов: 0
2026-04-01 07:18:10 | INFO     | scanner:_scan_loop:190 | ═══ Сканирование #18 ═══
2026-04-01 07:18:45 | INFO     | scanner:_scan_loop:213 | Сканирование #18 завершено. Найдено сетапов: 0
2026-04-01 07:19:45 | INFO     | scanner:_scan_loop:190 | ═══ Сканирование #19 ═══
2026-04-01 07:20:17 | INFO     | scanner:_scan_loop:213 | Сканирование #19 завершено. Найдено сетапов: 0
2026-04-01 07:21:17 | INFO     | scanner:_scan_loop:190 | ═══ Сканирование #20 ═══
2026-04-01 07:21:48 | INFO     | scanner:_scan_loop:213 | Сканирование #20 завершено. Найдено сетапов: 0
2026-04-01 07:22:48 | INFO     | scanner:_scan_loop:190 | ═══ Сканирование #21 ═══
2026-04-01 07:23:29 | INFO     | scanner:_scan_loop:213 | Сканирование #21 завершено. Найдено сетапов: 0
2026-04-01 07:24:29 | INFO     | scanner:_scan_loop:190 | ═══ Сканирование #22 ═══
2026-04-01 07:24:59 | INFO     | scanner:_scan_loop:213 | Сканирование #22 завершено. Найдено сетапов: 0
2026-04-01 07:25:59 | INFO     | scanner:_scan_loop:190 | ═══ Сканирование #23 ═══
2026-04-01 07:26:29 | INFO     | scanner:_scan_loop:213 | Сканирование #23 завершено. Найдено сетапов: 0
2026-04-01 07:27:29 | INFO     | scanner:_scan_loop:190 | ═══ Сканирование #24 ═══
2026-04-01 07:27:59 | INFO     | scanner:_scan_loop:213 | Сканирование #24 завершено. Найдено сетапов: 0
2026-04-01 07:28:59 | INFO     | scanner:_scan_loop:190 | ═══ Сканирование #25 ═══
2026-04-01 07:29:30 | INFO     | scanner:_scan_loop:213 | Сканирование #25 завершено. Найдено сетапов: 0
2026-04-01 07:30:30 | INFO     | scanner:_scan_loop:190 | ═══ Сканирование #26 ═══
2026-04-01 07:31:01 | INFO     | scanner:_scan_loop:213 | Сканирование #26 завершено. Найдено сетапов: 0
2026-04-01 07:32:01 | INFO     | scanner:_scan_loop:190 | ═══ Сканирование #27 ═══
2026-04-01 07:32:30 | INFO     | scanner:_scan_loop:213 | Сканирование #27 завершено. Найдено сетапов: 0
2026-04-01 07:33:30 | INFO     | scanner:_scan_loop:190 | ═══ Сканирование #28 ═══
2026-04-01 07:33:59 | INFO     | scanner:_scan_loop:213 | Сканирование #28 завершено. Найдено сетапов: 0
2026-04-01 07:34:59 | INFO     | scanner:_scan_loop:190 | ═══ Сканирование #29 ═══
2026-04-01 07:35:30 | INFO     | scanner:_scan_loop:213 | Сканирование #29 завершено. Найдено сетапов: 0
2026-04-01 07:36:30 | INFO     | scanner:_scan_loop:190 | ═══ Сканирование #30 ═══
2026-04-01 07:37:00 | INFO     | scanner:_scan_loop:213 | Сканирование #30 завершено. Найдено сетапов: 0
2026-04-01 07:38:00 | INFO     | scanner:_scan_loop:190 | ═══ Сканирование #31 ═══
2026-04-01 07:38:43 | INFO     | scanner:_scan_loop:213 | Сканирование #31 завершено. Найдено сетапов: 0
2026-04-01 07:39:43 | INFO     | scanner:_scan_loop:190 | ═══ Сканирование #32 ═══
2026-04-01 07:40:13 | INFO     | scanner:_scan_loop:213 | Сканирование #32 завершено. Найдено сетапов: 0
2026-04-01 07:41:13 | INFO     | scanner:_scan_loop:190 | ═══ Сканирование #33 ═══
2026-04-01 07:41:43 | INFO     | scanner:_scan_loop:213 | Сканирование #33 завершено. Найдено сетапов: 0
2026-04-01 07:42:43 | INFO     | scanner:_scan_loop:190 | ═══ Сканирование #34 ═══
2026-04-01 07:43:12 | INFO     | scanner:_scan_loop:213 | Сканирование #34 завершено. Найдено сетапов: 0
2026-04-01 07:44:12 | INFO     | scanner:_scan_loop:190 | ═══ Сканирование #35 ═══
2026-04-01 07:44:42 | INFO     | scanner:_scan_loop:213 | Сканирование #35 завершено. Найдено сетапов: 0
2026-04-01 07:45:42 | INFO     | scanner:_scan_loop:190 | ═══ Сканирование #36 ═══
2026-04-01 07:46:12 | INFO     | scanner:_scan_loop:213 | Сканирование #36 завершено. Найдено сетапов: 0
2026-04-01 07:47:12 | INFO     | scanner:_scan_loop:190 | ═══ Сканирование #37 ═══
2026-04-01 07:47:43 | INFO     | scanner:_scan_loop:213 | Сканирование #37 завершено. Найдено сетапов: 0
2026-04-01 07:48:43 | INFO     | scanner:_scan_loop:190 | ═══ Сканирование #38 ═══
2026-04-01 07:49:13 | INFO     | scanner:_scan_loop:213 | Сканирование #38 завершено. Найдено сетапов: 0
2026-04-01 07:50:13 | INFO     | scanner:_scan_loop:190 | ═══ Сканирование #39 ═══
2026-04-01 07:50:46 | INFO     | scanner:_scan_loop:213 | Сканирование #39 завершено. Найдено сетапов: 0
2026-04-01 07:51:46 | INFO     | scanner:_scan_loop:190 | ═══ Сканирование #40 ═══
2026-04-01 07:52:19 | INFO     | scanner:_scan_loop:213 | Сканирование #40 завершено. Найдено сетапов: 0
2026-04-01 07:53:19 | INFO     | scanner:_scan_loop:190 | ═══ Сканирование #41 ═══
2026-04-01 07:54:01 | INFO     | scanner:_scan_loop:213 | Сканирование #41 завершено. Найдено сетапов: 0
2026-04-01 07:55:01 | INFO     | scanner:_scan_loop:190 | ═══ Сканирование #42 ═══
2026-04-01 07:55:32 | INFO     | scanner:_scan_loop:213 | Сканирование #42 завершено. Найдено сетапов: 0
2026-04-01 07:56:32 | INFO     | scanner:_scan_loop:190 | ═══ Сканирование #43 ═══
2026-04-01 07:57:01 | INFO     | scanner:_scan_loop:213 | Сканирование #43 завершено. Найдено сетапов: 0
2026-04-01 07:58:01 | INFO     | scanner:_scan_loop:190 | ═══ Сканирование #44 ═══
2026-04-01 07:58:31 | INFO     | scanner:_scan_loop:213 | Сканирование #44 завершено. Найдено сетапов: 0
2026-04-01 07:59:31 | INFO     | scanner:_scan_loop:190 | ═══ Сканирование #45 ═══
2026-04-01 08:00:00 | INFO     | scanner:_scan_loop:213 | Сканирование #45 завершено. Найдено сетапов: 0
2026-04-01 08:01:00 | INFO     | scanner:_scan_loop:190 | ═══ Сканирование #46 ═══
2026-04-01 08:01:35 | INFO     | scanner:_scan_loop:213 | Сканирование #46 завершено. Найдено сетапов: 0
2026-04-01 08:02:35 | INFO     | scanner:_scan_loop:190 | ═══ Сканирование #47 ═══
2026-04-01 08:03:08 | INFO     | scanner:_scan_loop:213 | Сканирование #47 завершено. Найдено сетапов: 0
2026-04-01 08:04:08 | INFO     | scanner:_scan_loop:190 | ═══ Сканирование #48 ═══
2026-04-01 08:04:43 | INFO     | scanner:_scan_loop:213 | Сканирование #48 завершено. Найдено сетапов: 0
2026-04-01 08:05:43 | INFO     | scanner:_scan_loop:190 | ═══ Сканирование #49 ═══
2026-04-01 08:06:16 | INFO     | scanner:_scan_loop:213 | Сканирование #49 завершено. Найдено сетапов: 0
2026-04-01 08:07:16 | INFO     | scanner:_scan_loop:190 | ═══ Сканирование #50 ═══
2026-04-01 08:07:51 | INFO     | scanner:_scan_loop:213 | Сканирование #50 завершено. Найдено сетапов: 0
2026-04-01 08:08:51 | INFO     | scanner:_scan_loop:190 | ═══ Сканирование #51 ═══
2026-04-01 08:09:38 | INFO     | scanner:_scan_loop:213 | Сканирование #51 завершено. Найдено сетапов: 0
2026-04-01 08:10:38 | INFO     | scanner:_scan_loop:190 | ═══ Сканирование #52 ═══
2026-04-01 08:11:12 | INFO     | scanner:_scan_loop:213 | Сканирование #52 завершено. Найдено сетапов: 0
2026-04-01 08:12:12 | INFO     | scanner:_scan_loop:190 | ═══ Сканирование #53 ═══
2026-04-01 08:12:43 | INFO     | scanner:_scan_loop:213 | Сканирование #53 завершено. Найдено сетапов: 0
2026-04-01 08:13:43 | INFO     | scanner:_scan_loop:190 | ═══ Сканирование #54 ═══
2026-04-01 08:14:17 | INFO     | scanner:_scan_loop:213 | Сканирование #54 завершено. Найдено сетапов: 0
2026-04-01 08:15:17 | INFO     | scanner:_scan_loop:190 | ═══ Сканирование #55 ═══
2026-04-01 08:15:53 | INFO     | scanner:_scan_loop:213 | Сканирование #55 завершено. Найдено сетапов: 0
2026-04-01 08:16:53 | INFO     | scanner:_scan_loop:190 | ═══ Сканирование #56 ═══
2026-04-01 08:17:26 | INFO     | scanner:_scan_loop:213 | Сканирование #56 завершено. Найдено сетапов: 0
2026-04-01 08:18:26 | INFO     | scanner:_scan_loop:190 | ═══ Сканирование #57 ═══
2026-04-01 08:18:59 | INFO     | scanner:_scan_loop:213 | Сканирование #57 завершено. Найдено сетапов: 0
2026-04-01 08:19:59 | INFO     | scanner:_scan_loop:190 | ═══ Сканирование #58 ═══
2026-04-01 08:20:32 | INFO     | scanner:_scan_loop:213 | Сканирование #58 завершено. Найдено сетапов: 0
2026-04-01 08:21:32 | INFO     | scanner:_scan_loop:190 | ═══ Сканирование #59 ═══
2026-04-01 08:22:08 | INFO     | scanner:_scan_loop:213 | Сканирование #59 завершено. Найдено сетапов: 0
2026-04-01 08:23:08 | INFO     | scanner:_scan_loop:190 | ═══ Сканирование #60 ═══
2026-04-01 08:23:43 | INFO     | scanner:_scan_loop:213 | Сканирование #60 завершено. Найдено сетапов: 0
2026-04-01 08:24:43 | INFO     | scanner:_scan_loop:190 | ═══ Сканирование #61 ═══
2026-04-01 08:25:27 | INFO     | scanner:_scan_loop:213 | Сканирование #61 завершено. Найдено сетапов: 0
2026-04-01 08:26:27 | INFO     | scanner:_scan_loop:190 | ═══ Сканирование #62 ═══
2026-04-01 08:27:02 | INFO     | scanner:_scan_loop:213 | Сканирование #62 завершено. Найдено сетапов: 0
2026-04-01 08:28:02 | INFO     | scanner:_scan_loop:190 | ═══ Сканирование #63 ═══
2026-04-01 08:28:35 | INFO     | scanner:_scan_loop:213 | Сканирование #63 завершено. Найдено сетапов: 0
2026-04-01 08:29:35 | INFO     | scanner:_scan_loop:190 | ═══ Сканирование #64 ═══
2026-04-01 08:30:06 | ERROR    | scanner:get_klines:88 | Ошибка загрузки данных PYTHUSDT 5: 'x-bapi-limit-reset-timestamp'
2026-04-01 08:30:08 | ERROR    | scanner:get_klines:88 | Ошибка загрузки данных LDOUSDT 15: 'x-bapi-limit-reset-timestamp'
2026-04-01 08:30:09 | INFO     | scanner:_scan_loop:213 | Сканирование #64 завершено. Найдено сетапов: 0
2026-04-01 08:31:09 | INFO     | scanner:_scan_loop:190 | ═══ Сканирование #65 ═══
2026-04-01 08:31:42 | INFO     | scanner:_scan_loop:213 | Сканирование #65 завершено. Найдено сетапов: 0
2026-04-01 08:32:42 | INFO     | scanner:_scan_loop:190 | ═══ Сканирование #66 ═══
2026-04-01 08:33:16 | INFO     | scanner:_scan_loop:213 | Сканирование #66 завершено. Найдено сетапов: 0
2026-04-01 08:34:16 | INFO     | scanner:_scan_loop:190 | ═══ Сканирование #67 ═══
2026-04-01 08:34:48 | INFO     | scanner:_scan_loop:213 | Сканирование #67 завершено. Найдено сетапов: 0
2026-04-01 08:35:48 | INFO     | scanner:_scan_loop:190 | ═══ Сканирование #68 ═══
2026-04-01 08:36:21 | INFO     | scanner:_scan_loop:213 | Сканирование #68 завершено. Найдено сетапов: 0
2026-04-01 08:37:21 | INFO     | scanner:_scan_loop:190 | ═══ Сканирование #69 ═══
2026-04-01 08:37:54 | INFO     | scanner:_scan_loop:213 | Сканирование #69 завершено. Найдено сетапов: 0
2026-04-01 08:38:54 | INFO     | scanner:_scan_loop:190 | ═══ Сканирование #70 ═══
2026-04-01 08:39:26 | INFO     | scanner:_scan_loop:213 | Сканирование #70 завершено. Найдено сетапов: 0
2026-04-01 08:40:26 | INFO     | scanner:_scan_loop:190 | ═══ Сканирование #71 ═══
2026-04-01 08:41:12 | INFO     | scanner:_scan_loop:213 | Сканирование #71 завершено. Найдено сетапов: 0
2026-04-01 08:42:12 | INFO     | scanner:_scan_loop:190 | ═══ Сканирование #72 ═══
2026-04-01 08:42:44 | INFO     | scanner:_scan_loop:213 | Сканирование #72 завершено. Найдено сетапов: 0
2026-04-01 08:43:44 | INFO     | scanner:_scan_loop:190 | ═══ Сканирование #73 ═══
2026-04-01 08:44:19 | INFO     | scanner:_scan_loop:213 | Сканирование #73 завершено. Найдено сетапов: 0
2026-04-01 08:45:19 | INFO     | scanner:_scan_loop:190 | ═══ Сканирование #74 ═══
2026-04-01 08:45:48 | INFO     | scanner:_scan_loop:213 | Сканирование #74 завершено. Найдено сетапов: 0
2026-04-01 08:46:48 | INFO     | scanner:_scan_loop:190 | ═══ Сканирование #75 ═══
2026-04-01 08:47:17 | INFO     | scanner:_scan_loop:213 | Сканирование #75 завершено. Найдено сетапов: 0
2026-04-01 08:48:17 | INFO     | scanner:_scan_loop:190 | ═══ Сканирование #76 ═══
2026-04-01 08:48:47 | INFO     | scanner:_scan_loop:213 | Сканирование #76 завершено. Найдено сетапов: 0
2026-04-01 08:49:47 | INFO     | scanner:_scan_loop:190 | ═══ Сканирование #77 ═══
2026-04-01 08:50:17 | INFO     | scanner:_scan_loop:213 | Сканирование #77 завершено. Найдено сетапов: 0
2026-04-01 08:51:17 | INFO     | scanner:_scan_loop:190 | ═══ Сканирование #78 ═══
2026-04-01 08:51:47 | INFO     | scanner:_scan_loop:213 | Сканирование #78 завершено. Найдено сетапов: 0
2026-04-01 08:52:47 | INFO     | scanner:_scan_loop:190 | ═══ Сканирование #79 ═══
2026-04-01 08:53:17 | INFO     | scanner:_scan_loop:213 | Сканирование #79 завершено. Найдено сетапов: 0
2026-04-01 08:54:17 | INFO     | scanner:_scan_loop:190 | ═══ Сканирование #80 ═══
2026-04-01 08:54:46 | INFO     | scanner:_scan_loop:213 | Сканирование #80 завершено. Найдено сетапов: 0
2026-04-01 08:55:46 | INFO     | scanner:_scan_loop:190 | ═══ Сканирование #81 ═══
2026-04-01 08:56:26 | INFO     | scanner:_scan_loop:213 | Сканирование #81 завершено. Найдено сетапов: 0
2026-04-01 08:57:26 | INFO     | scanner:_scan_loop:190 | ═══ Сканирование #82 ═══
2026-04-01 08:57:56 | INFO     | scanner:_scan_loop:213 | Сканирование #82 завершено. Найдено сетапов: 0
2026-04-01 08:58:56 | INFO     | scanner:_scan_loop:190 | ═══ Сканирование #83 ═══
2026-04-01 08:59:25 | INFO     | scanner:_scan_loop:213 | Сканирование #83 завершено. Найдено сетапов: 0
2026-04-01 09:00:25 | INFO     | scanner:_scan_loop:190 | ═══ Сканирование #84 ═══
2026-04-01 09:00:54 | INFO     | scanner:_scan_loop:213 | Сканирование #84 завершено. Найдено сетапов: 0
2026-04-01 09:01:54 | INFO     | scanner:_scan_loop:190 | ═══ Сканирование #85 ═══
2026-04-01 09:02:24 | INFO     | scanner:_scan_loop:213 | Сканирование #85 завершено. Найдено сетапов: 0
2026-04-01 09:03:24 | INFO     | scanner:_scan_loop:190 | ═══ Сканирование #86 ═══
2026-04-01 09:03:54 | INFO     | scanner:_scan_loop:213 | Сканирование #86 завершено. Найдено сетапов: 0
2026-04-01 09:04:54 | INFO     | scanner:_scan_loop:190 | ═══ Сканирование #87 ═══
2026-04-01 09:05:23 | INFO     | scanner:_scan_loop:213 | Сканирование #87 завершено. Найдено сетапов: 0
2026-04-01 09:06:23 | INFO     | scanner:_scan_loop:190 | ═══ Сканирование #88 ═══
2026-04-01 09:06:55 | INFO     | scanner:_scan_loop:213 | Сканирование #88 завершено. Найдено сетапов: 0
2026-04-01 09:07:55 | INFO     | scanner:_scan_loop:190 | ═══ Сканирование #89 ═══
2026-04-01 09:08:24 | INFO     | scanner:_scan_loop:213 | Сканирование #89 завершено. Найдено сетапов: 0
2026-04-01 09:09:24 | INFO     | scanner:_scan_loop:190 | ═══ Сканирование #90 ═══
2026-04-01 09:09:55 | INFO     | scanner:_scan_loop:213 | Сканирование #90 завершено. Найдено сетапов: 0
2026-04-01 09:10:55 | INFO     | scanner:_scan_loop:190 | ═══ Сканирование #91 ═══
2026-04-01 09:11:37 | INFO     | scanner:_scan_loop:213 | Сканирование #91 завершено. Найдено сетапов: 0
2026-04-01 09:12:37 | INFO     | scanner:_scan_loop:190 | ═══ Сканирование #92 ═══
2026-04-01 09:13:06 | INFO     | scanner:_scan_loop:213 | Сканирование #92 завершено. Найдено сетапов: 0
2026-04-01 09:14:06 | INFO     | scanner:_scan_loop:190 | ═══ Сканирование #93 ═══
2026-04-01 09:14:37 | INFO     | scanner:_scan_loop:213 | Сканирование #93 завершено. Найдено сетапов: 0
2026-04-01 09:15:37 | INFO     | scanner:_scan_loop:190 | ═══ Сканирование #94 ═══
2026-04-01 09:16:07 | INFO     | scanner:_scan_loop:213 | Сканирование #94 завершено. Найдено сетапов: 0
2026-04-01 09:17:07 | INFO     | scanner:_scan_loop:190 | ═══ Сканирование #95 ═══
2026-04-01 09:17:37 | INFO     | scanner:_scan_loop:213 | Сканирование #95 завершено. Найдено сетапов: 0
2026-04-01 09:18:37 | INFO     | scanner:_scan_loop:190 | ═══ Сканирование #96 ═══
2026-04-01 09:19:08 | INFO     | scanner:_scan_loop:213 | Сканирование #96 завершено. Найдено сетапов: 0
2026-04-01 09:20:08 | INFO     | scanner:_scan_loop:190 | ═══ Сканирование #97 ═══
2026-04-01 09:20:37 | INFO     | scanner:_scan_loop:213 | Сканирование #97 завершено. Найдено сетапов: 0
2026-04-01 09:21:37 | INFO     | scanner:_scan_loop:190 | ═══ Сканирование #98 ═══
2026-04-01 09:22:08 | INFO     | scanner:_scan_loop:213 | Сканирование #98 завершено. Найдено сетапов: 0
2026-04-01 09:23:08 | INFO     | scanner:_scan_loop:190 | ═══ Сканирование #99 ═══
2026-04-01 09:23:37 | INFO     | scanner:_scan_loop:213 | Сканирование #99 завершено. Найдено сетапов: 0
2026-04-01 09:24:37 | INFO     | scanner:_scan_loop:190 | ═══ Сканирование #100 ═══
2026-04-01 09:25:09 | INFO     | scanner:_scan_loop:213 | Сканирование #100 завершено. Найдено сетапов: 0
2026-04-01 09:26:09 | INFO     | scanner:_scan_loop:190 | ═══ Сканирование #101 ═══
2026-04-01 09:26:50 | INFO     | scanner:_scan_loop:213 | Сканирование #101 завершено. Найдено сетапов: 0
2026-04-01 09:27:50 | INFO     | scanner:_scan_loop:190 | ═══ Сканирование #102 ═══
2026-04-01 09:28:20 | INFO     | scanner:_scan_loop:213 | Сканирование #102 завершено. Найдено сетапов: 0
2026-04-01 09:29:20 | INFO     | scanner:_scan_loop:190 | ═══ Сканирование #103 ═══
2026-04-01 09:29:52 | INFO     | scanner:_scan_loop:213 | Сканирование #103 завершено. Найдено сетапов: 0
2026-04-01 09:30:52 | INFO     | scanner:_scan_loop:190 | ═══ Сканирование #104 ═══
2026-04-01 09:31:22 | INFO     | scanner:_scan_loop:213 | Сканирование #104 завершено. Найдено сетапов: 0
2026-04-01 09:32:22 | INFO     | scanner:_scan_loop:190 | ═══ Сканирование #105 ═══
2026-04-01 09:32:51 | INFO     | scanner:_scan_loop:213 | Сканирование #105 завершено. Найдено сетапов: 0
2026-04-01 09:33:51 | INFO     | scanner:_scan_loop:190 | ═══ Сканирование #106 ═══
2026-04-01 09:34:21 | INFO     | scanner:_scan_loop:213 | Сканирование #106 завершено. Найдено сетапов: 0
2026-04-01 09:35:21 | INFO     | scanner:_scan_loop:190 | ═══ Сканирование #107 ═══
2026-04-01 09:35:53 | INFO     | scanner:_scan_loop:213 | Сканирование #107 завершено. Найдено сетапов: 0
2026-04-01 09:36:53 | INFO     | scanner:_scan_loop:190 | ═══ Сканирование #108 ═══
2026-04-01 09:37:26 | INFO     | scanner:_scan_loop:213 | Сканирование #108 завершено. Найдено сетапов: 0
2026-04-01 09:38:26 | INFO     | scanner:_scan_loop:190 | ═══ Сканирование #109 ═══
2026-04-01 09:38:58 | INFO     | scanner:_scan_loop:213 | Сканирование #109 завершено. Найдено сетапов: 0
2026-04-01 09:39:58 | INFO     | scanner:_scan_loop:190 | ═══ Сканирование #110 ═══
2026-04-01 09:40:30 | INFO     | scanner:_scan_loop:213 | Сканирование #110 завершено. Найдено сетапов: 0
2026-04-01 09:41:30 | INFO     | scanner:_scan_loop:190 | ═══ Сканирование #111 ═══
2026-04-01 09:42:17 | INFO     | scanner:_scan_loop:213 | Сканирование #111 завершено. Найдено сетапов: 0
2026-04-01 09:43:17 | INFO     | scanner:_scan_loop:190 | ═══ Сканирование #112 ═══
2026-04-01 09:43:50 | INFO     | scanner:_scan_loop:213 | Сканирование #112 завершено. Найдено сетапов: 0
2026-04-01 09:44:50 | INFO     | scanner:_scan_loop:190 | ═══ Сканирование #113 ═══
2026-04-01 09:45:09 | ERROR    | scanner:get_klines:88 | Ошибка загрузки данных JUPUSDT 15: 'x-bapi-limit-reset-timestamp'
2026-04-01 09:45:10 | ERROR    | scanner:get_klines:88 | Ошибка загрузки данных WIFUSDT 5: 'x-bapi-limit-reset-timestamp'
2026-04-01 09:45:15 | ERROR    | scanner:get_klines:88 | Ошибка загрузки данных TRXUSDT 5: 'x-bapi-limit-reset-timestamp'
2026-04-01 09:45:25 | INFO     | scanner:_scan_loop:213 | Сканирование #113 завершено. Найдено сетапов: 0
2026-04-01 09:46:25 | INFO     | scanner:_scan_loop:190 | ═══ Сканирование #114 ═══
2026-04-01 09:46:57 | INFO     | scanner:_scan_loop:213 | Сканирование #114 завершено. Найдено сетапов: 0
2026-04-01 09:47:57 | INFO     | scanner:_scan_loop:190 | ═══ Сканирование #115 ═══
2026-04-01 09:48:29 | INFO     | scanner:_scan_loop:213 | Сканирование #115 завершено. Найдено сетапов: 0
2026-04-01 09:49:29 | INFO     | scanner:_scan_loop:190 | ═══ Сканирование #116 ═══
2026-04-01 09:50:00 | INFO     | scanner:_scan_loop:213 | Сканирование #116 завершено. Найдено сетапов: 0
2026-04-01 09:51:00 | INFO     | scanner:_scan_loop:190 | ═══ Сканирование #117 ═══
2026-04-01 09:51:33 | INFO     | scanner:_scan_loop:213 | Сканирование #117 завершено. Найдено сетапов: 0
2026-04-01 09:52:33 | INFO     | scanner:_scan_loop:190 | ═══ Сканирование #118 ═══
2026-04-01 09:53:03 | INFO     | scanner:_scan_loop:213 | Сканирование #118 завершено. Найдено сетапов: 0
2026-04-01 09:54:04 | INFO     | scanner:_scan_loop:190 | ═══ Сканирование #119 ═══
2026-04-01 09:54:37 | INFO     | scanner:_scan_loop:213 | Сканирование #119 завершено. Найдено сетапов: 0
2026-04-01 09:55:37 | INFO     | scanner:_scan_loop:190 | ═══ Сканирование #120 ═══
2026-04-01 09:56:08 | INFO     | scanner:_scan_loop:213 | Сканирование #120 завершено. Найдено сетапов: 0
2026-04-01 09:57:08 | INFO     | scanner:_scan_loop:190 | ═══ Сканирование #121 ═══
2026-04-01 09:57:49 | INFO     | scanner:_scan_loop:213 | Сканирование #121 завершено. Найдено сетапов: 0
2026-04-01 09:58:49 | INFO     | scanner:_scan_loop:190 | ═══ Сканирование #122 ═══
2026-04-01 09:59:19 | INFO     | scanner:_scan_loop:213 | Сканирование #122 завершено. Найдено сетапов: 0
2026-04-01 10:00:19 | INFO     | scanner:_scan_loop:190 | ═══ Сканирование #123 ═══
2026-04-01 10:00:22 | ERROR    | scanner:get_klines:88 | Ошибка загрузки данных BNBUSDT 5: 'x-bapi-limit-reset-timestamp'
2026-04-01 10:00:30 | ERROR    | scanner:get_klines:88 | Ошибка загрузки данных APTUSDT 5: 'x-bapi-limit-reset-timestamp'
2026-04-01 10:00:51 | INFO     | scanner:_scan_loop:213 | Сканирование #123 завершено. Найдено сетапов: 0
2026-04-01 10:01:51 | INFO     | scanner:_scan_loop:190 | ═══ Сканирование #124 ═══
2026-04-01 10:02:24 | INFO     | scanner:_scan_loop:213 | Сканирование #124 завершено. Найдено сетапов: 0
2026-04-01 10:03:24 | INFO     | scanner:_scan_loop:190 | ═══ Сканирование #125 ═══
2026-04-01 10:03:55 | INFO     | scanner:_scan_loop:213 | Сканирование #125 завершено. Найдено сетапов: 0
2026-04-01 10:04:55 | INFO     | scanner:_scan_loop:190 | ═══ Сканирование #126 ═══
2026-04-01 10:05:25 | INFO     | scanner:_scan_loop:213 | Сканирование #126 завершено. Найдено сетапов: 0
2026-04-01 10:06:25 | INFO     | scanner:_scan_loop:190 | ═══ Сканирование #127 ═══
2026-04-01 10:07:00 | INFO     | scanner:_scan_loop:213 | Сканирование #127 завершено. Найдено сетапов: 0
2026-04-01 10:08:00 | INFO     | scanner:_scan_loop:190 | ═══ Сканирование #128 ═══
2026-04-01 10:08:30 | INFO     | scanner:_scan_loop:213 | Сканирование #128 завершено. Найдено сетапов: 0
2026-04-01 10:09:30 | INFO     | scanner:_scan_loop:190 | ═══ Сканирование #129 ═══
2026-04-01 10:10:02 | INFO     | scanner:_scan_loop:213 | Сканирование #129 завершено. Найдено сетапов: 0
2026-04-01 10:11:02 | INFO     | scanner:_scan_loop:190 | ═══ Сканирование #130 ═══
2026-04-01 10:11:32 | INFO     | scanner:_scan_loop:213 | Сканирование #130 завершено. Найдено сетапов: 0
2026-04-01 10:12:32 | INFO     | scanner:_scan_loop:190 | ═══ Сканирование #131 ═══
2026-04-01 10:13:18 | INFO     | scanner:_scan_loop:213 | Сканирование #131 завершено. Найдено сетапов: 0
2026-04-01 10:14:18 | INFO     | scanner:_scan_loop:190 | ═══ Сканирование #132 ═══
2026-04-01 10:14:53 | INFO     | scanner:_scan_loop:213 | Сканирование #132 завершено. Найдено сетапов: 0
2026-04-01 10:15:53 | INFO     | scanner:_scan_loop:190 | ═══ Сканирование #133 ═══
2026-04-01 10:16:24 | INFO     | scanner:_scan_loop:213 | Сканирование #133 завершено. Найдено сетапов: 0
2026-04-01 10:17:24 | INFO     | scanner:_scan_loop:190 | ═══ Сканирование #134 ═══
2026-04-01 10:17:56 | INFO     | scanner:_scan_loop:213 | Сканирование #134 завершено. Найдено сетапов: 0
2026-04-01 10:18:56 | INFO     | scanner:_scan_loop:190 | ═══ Сканирование #135 ═══
2026-04-01 10:19:30 | INFO     | scanner:_scan_loop:213 | Сканирование #135 завершено. Найдено сетапов: 0
2026-04-01 10:20:30 | INFO     | scanner:_scan_loop:190 | ═══ Сканирование #136 ═══
2026-04-01 10:21:07 | INFO     | scanner:_scan_loop:213 | Сканирование #136 завершено. Найдено сетапов: 0
2026-04-01 10:22:07 | INFO     | scanner:_scan_loop:190 | ═══ Сканирование #137 ═══
2026-04-01 10:22:37 | INFO     | scanner:_scan_loop:213 | Сканирование #137 завершено. Найдено сетапов: 0
2026-04-01 10:23:37 | INFO     | scanner:_scan_loop:190 | ═══ Сканирование #138 ═══
2026-04-01 10:24:10 | INFO     | scanner:_scan_loop:213 | Сканирование #138 завершено. Найдено сетапов: 0
2026-04-01 10:25:10 | INFO     | scanner:_scan_loop:190 | ═══ Сканирование #139 ═══
2026-04-01 10:25:40 | INFO     | scanner:_scan_loop:213 | Сканирование #139 завершено. Найдено сетапов: 0
2026-04-01 10:26:40 | INFO     | scanner:_scan_loop:190 | ═══ Сканирование #140 ═══
2026-04-01 10:27:12 | INFO     | scanner:_scan_loop:213 | Сканирование #140 завершено. Найдено сетапов: 0
2026-04-01 10:28:12 | INFO     | scanner:_scan_loop:190 | ═══ Сканирование #141 ═══
2026-04-01 10:28:55 | INFO     | scanner:_scan_loop:213 | Сканирование #141 завершено. Найдено сетапов: 0
2026-04-01 10:29:55 | INFO     | scanner:_scan_loop:190 | ═══ Сканирование #142 ═══
2026-04-01 10:30:04 | ERROR    | scanner:get_klines:88 | Ошибка загрузки данных LTCUSDT 5: 'x-bapi-limit-reset-timestamp'
2026-04-01 10:30:05 | ERROR    | scanner:get_klines:88 | Ошибка загрузки данных FILUSDT 5: 'x-bapi-limit-reset-timestamp'
2026-04-01 10:30:07 | ERROR    | scanner:get_klines:88 | Ошибка загрузки данных OPUSDT 15: 'x-bapi-limit-reset-timestamp'
2026-04-01 10:30:27 | INFO     | scanner:_scan_loop:213 | Сканирование #142 завершено. Найдено сетапов: 0
2026-04-01 10:31:27 | INFO     | scanner:_scan_loop:190 | ═══ Сканирование #143 ═══
2026-04-01 10:32:03 | INFO     | scanner:_scan_loop:213 | Сканирование #143 завершено. Найдено сетапов: 0
2026-04-01 10:33:03 | INFO     | scanner:_scan_loop:190 | ═══ Сканирование #144 ═══
2026-04-01 10:33:33 | INFO     | scanner:_scan_loop:213 | Сканирование #144 завершено. Найдено сетапов: 0
2026-04-01 10:34:33 | INFO     | scanner:_scan_loop:190 | ═══ Сканирование #145 ═══
2026-04-01 10:35:06 | INFO     | scanner:_scan_loop:213 | Сканирование #145 завершено. Найдено сетапов: 0
2026-04-01 10:36:06 | INFO     | scanner:_scan_loop:190 | ═══ Сканирование #146 ═══
2026-04-01 10:36:35 | INFO     | scanner:_scan_loop:213 | Сканирование #146 завершено. Найдено сетапов: 0
2026-04-01 10:37:35 | INFO     | scanner:_scan_loop:190 | ═══ Сканирование #147 ═══
2026-04-01 10:38:08 | INFO     | scanner:_scan_loop:213 | Сканирование #147 завершено. Найдено сетапов: 0
2026-04-01 10:39:08 | INFO     | scanner:_scan_loop:190 | ═══ Сканирование #148 ═══
2026-04-01 10:39:38 | INFO     | scanner:_scan_loop:213 | Сканирование #148 завершено. Найдено сетапов: 0
2026-04-01 10:40:38 | INFO     | scanner:_scan_loop:190 | ═══ Сканирование #149 ═══
2026-04-01 10:41:12 | INFO     | scanner:_scan_loop:213 | Сканирование #149 завершено. Найдено сетапов: 0
2026-04-01 10:42:12 | INFO     | scanner:_scan_loop:190 | ═══ Сканирование #150 ═══
2026-04-01 10:42:43 | INFO     | scanner:_scan_loop:213 | Сканирование #150 завершено. Найдено сетапов: 0
2026-04-01 10:43:43 | INFO     | scanner:_scan_loop:190 | ═══ Сканирование #151 ═══
2026-04-01 10:44:27 | INFO     | scanner:_scan_loop:213 | Сканирование #151 завершено. Найдено сетапов: 0
2026-04-01 10:45:27 | INFO     | scanner:_scan_loop:190 | ═══ Сканирование #152 ═══
2026-04-01 10:45:59 | INFO     | scanner:_scan_loop:213 | Сканирование #152 завершено. Найдено сетапов: 0
2026-04-01 10:46:59 | INFO     | scanner:_scan_loop:190 | ═══ Сканирование #153 ═══
2026-04-01 10:47:31 | INFO     | scanner:_scan_loop:213 | Сканирование #153 завершено. Найдено сетапов: 0
2026-04-01 10:48:31 | INFO     | scanner:_scan_loop:190 | ═══ Сканирование #154 ═══
2026-04-01 10:49:05 | INFO     | scanner:_scan_loop:213 | Сканирование #154 завершено. Найдено сетапов: 0
2026-04-01 10:50:05 | INFO     | scanner:_scan_loop:190 | ═══ Сканирование #155 ═══
2026-04-01 10:50:38 | INFO     | scanner:_scan_loop:213 | Сканирование #155 завершено. Найдено сетапов: 0
2026-04-01 10:51:38 | INFO     | scanner:_scan_loop:190 | ═══ Сканирование #156 ═══
2026-04-01 10:52:08 | INFO     | scanner:_scan_loop:213 | Сканирование #156 завершено. Найдено сетапов: 0
2026-04-01 10:53:08 | INFO     | scanner:_scan_loop:190 | ═══ Сканирование #157 ═══
2026-04-01 10:53:40 | INFO     | scanner:_scan_loop:213 | Сканирование #157 завершено. Найдено сетапов: 0
2026-04-01 10:54:40 | INFO     | scanner:_scan_loop:190 | ═══ Сканирование #158 ═══
2026-04-01 10:55:13 | INFO     | scanner:_scan_loop:213 | Сканирование #158 завершено. Найдено сетапов: 0
2026-04-01 10:56:13 | INFO     | scanner:_scan_loop:190 | ═══ Сканирование #159 ═══
2026-04-01 10:56:45 | INFO     | scanner:_scan_loop:213 | Сканирование #159 завершено. Найдено сетапов: 0
2026-04-01 10:57:45 | INFO     | scanner:_scan_loop:190 | ═══ Сканирование #160 ═══
2026-04-01 10:58:17 | INFO     | scanner:_scan_loop:213 | Сканирование #160 завершено. Найдено сетапов: 0
2026-04-01 10:59:17 | INFO     | scanner:_scan_loop:190 | ═══ Сканирование #161 ═══
2026-04-01 10:59:59 | INFO     | scanner:_scan_loop:213 | Сканирование #161 завершено. Найдено сетапов: 0
2026-04-01 11:00:59 | INFO     | scanner:_scan_loop:190 | ═══ Сканирование #162 ═══
2026-04-01 11:01:03 | ERROR    | scanner:get_klines:88 | Ошибка загрузки данных XRPUSDT 5: 'x-bapi-limit-reset-timestamp'
2026-04-01 11:01:07 | ERROR    | scanner:get_klines:88 | Ошибка загрузки данных DOTUSDT 15: 'x-bapi-limit-reset-timestamp'
2026-04-01 11:01:09 | ERROR    | scanner:get_klines:88 | Ошибка загрузки данных UNIUSDT 5: 'x-bapi-limit-reset-timestamp'
2026-04-01 11:01:33 | INFO     | scanner:_scan_loop:213 | Сканирование #162 завершено. Найдено сетапов: 0
2026-04-01 11:02:33 | INFO     | scanner:_scan_loop:190 | ═══ Сканирование #163 ═══
2026-04-01 11:03:04 | INFO     | scanner:_scan_loop:213 | Сканирование #163 завершено. Найдено сетапов: 0
2026-04-01 11:04:04 | INFO     | scanner:_scan_loop:190 | ═══ Сканирование #164 ═══
2026-04-01 11:04:37 | INFO     | scanner:_scan_loop:213 | Сканирование #164 завершено. Найдено сетапов: 0
2026-04-01 11:05:37 | INFO     | scanner:_scan_loop:190 | ═══ Сканирование #165 ═══
2026-04-01 11:06:06 | INFO     | scanner:_scan_loop:213 | Сканирование #165 завершено. Найдено сетапов: 0
2026-04-01 11:07:06 | INFO     | scanner:_scan_loop:190 | ═══ Сканирование #166 ═══
2026-04-01 11:07:39 | INFO     | scanner:_scan_loop:213 | Сканирование #166 завершено. Найдено сетапов: 0
2026-04-01 11:08:39 | INFO     | scanner:_scan_loop:190 | ═══ Сканирование #167 ═══
2026-04-01 11:09:10 | INFO     | scanner:_scan_loop:213 | Сканирование #167 завершено. Найдено сетапов: 0
2026-04-01 11:10:10 | INFO     | scanner:_scan_loop:190 | ═══ Сканирование #168 ═══
2026-04-01 11:10:43 | INFO     | scanner:_scan_loop:213 | Сканирование #168 завершено. Найдено сетапов: 0
2026-04-01 11:11:43 | INFO     | scanner:_scan_loop:190 | ═══ Сканирование #169 ═══
2026-04-01 11:12:14 | INFO     | scanner:_scan_loop:213 | Сканирование #169 завершено. Найдено сетапов: 0
2026-04-01 11:13:14 | INFO     | scanner:_scan_loop:190 | ═══ Сканирование #170 ═══
2026-04-01 11:13:47 | INFO     | scanner:_scan_loop:213 | Сканирование #170 завершено. Найдено сетапов: 0
2026-04-01 11:14:47 | INFO     | scanner:_scan_loop:190 | ═══ Сканирование #171 ═══
2026-04-01 11:15:05 | ERROR    | scanner:get_klines:88 | Ошибка загрузки данных INJUSDT 240: 'x-bapi-limit-reset-timestamp'
2026-04-01 11:15:06 | ERROR    | scanner:get_klines:88 | Ошибка загрузки данных INJUSDT 5: 'x-bapi-limit-reset-timestamp'
2026-04-01 11:15:07 | ERROR    | scanner:get_klines:88 | Ошибка загрузки данных SEIUSDT 5: 'x-bapi-limit-reset-timestamp'
2026-04-01 11:15:08 | ERROR    | scanner:get_klines:88 | Ошибка загрузки данных WLDUSDT 5: 'x-bapi-limit-reset-timestamp'
2026-04-01 11:15:09 | ERROR    | scanner:get_klines:88 | Ошибка загрузки данных JUPUSDT 5: 'x-bapi-limit-reset-timestamp'
2026-04-01 11:15:10 | ERROR    | scanner:get_klines:88 | Ошибка загрузки данных WIFUSDT 240: 'x-bapi-limit-reset-timestamp'
2026-04-01 11:15:32 | DEBUG    | telegram_bot:send_message:50 | Сообщение отправлено в Telegram
2026-04-01 11:15:32 | INFO     | scanner:_scan_loop:213 | Сканирование #171 завершено. Найдено сетапов: 1
2026-04-01 11:16:32 | INFO     | scanner:_scan_loop:190 | ═══ Сканирование #172 ═══
2026-04-01 11:17:03 | INFO     | scanner:_scan_loop:213 | Сканирование #172 завершено. Найдено сетапов: 1
2026-04-01 11:18:03 | INFO     | scanner:_scan_loop:190 | ═══ Сканирование #173 ═══
2026-04-01 11:18:36 | INFO     | scanner:_scan_loop:213 | Сканирование #173 завершено. Найдено сетапов: 1
2026-04-01 11:19:36 | INFO     | scanner:_scan_loop:190 | ═══ Сканирование #174 ═══
2026-04-01 11:20:05 | ERROR    | scanner:get_klines:88 | Ошибка загрузки данных PYTHUSDT 5: 'x-bapi-limit-reset-timestamp'
2026-04-01 11:20:07 | ERROR    | scanner:get_klines:88 | Ошибка загрузки данных BLURUSDT 5: 'x-bapi-limit-reset-timestamp'
2026-04-01 11:20:08 | INFO     | scanner:_scan_loop:213 | Сканирование #174 завершено. Найдено сетапов: 0
2026-04-01 11:21:08 | INFO     | scanner:_scan_loop:190 | ═══ Сканирование #175 ═══
2026-04-01 11:21:40 | INFO     | scanner:_scan_loop:213 | Сканирование #175 завершено. Найдено сетапов: 1
2026-04-01 11:22:40 | INFO     | scanner:_scan_loop:190 | ═══ Сканирование #176 ═══
2026-04-01 11:23:11 | INFO     | scanner:_scan_loop:213 | Сканирование #176 завершено. Найдено сетапов: 0
2026-04-01 11:24:11 | INFO     | scanner:_scan_loop:190 | ═══ Сканирование #177 ═══
2026-04-01 11:24:44 | INFO     | scanner:_scan_loop:213 | Сканирование #177 завершено. Найдено сетапов: 1
2026-04-01 11:25:44 | INFO     | scanner:_scan_loop:190 | ═══ Сканирование #178 ═══
2026-04-01 11:26:13 | INFO     | risk_manager:open_trade:119 | Открыта сделка: BLURUSDT SHORT @ 0.022517 | SL=0.023008926000000002 | плечо=5x
2026-04-01 11:26:13 | INFO     | position_tracker:add_position:53 | Позиция добавлена: BLURUSDT SHORT
2026-04-01 11:26:16 | DEBUG    | telegram_bot:send_message:50 | Сообщение отправлено в Telegram
2026-04-01 11:26:16 | INFO     | scanner:_scan_loop:213 | Сканирование #178 завершено. Найдено сетапов: 1
2026-04-01 11:27:16 | INFO     | scanner:_scan_loop:190 | ═══ Сканирование #179 ═══
2026-04-01 11:27:49 | INFO     | scanner:_scan_loop:213 | Сканирование #179 завершено. Найдено сетапов: 0
2026-04-01 11:28:49 | INFO     | scanner:_scan_loop:190 | ═══ Сканирование #180 ═══
2026-04-01 11:29:19 | INFO     | scanner:_scan_loop:213 | Сканирование #180 завершено. Найдено сетапов: 0
2026-04-01 11:30:19 | INFO     | scanner:_scan_loop:190 | ═══ Сканирование #181 ═══
2026-04-01 11:31:01 | INFO     | scanner:_scan_loop:213 | Сканирование #181 завершено. Найдено сетапов: 0
2026-04-01 11:32:01 | INFO     | scanner:_scan_loop:190 | ═══ Сканирование #182 ═══
2026-04-01 11:32:36 | INFO     | scanner:_scan_loop:213 | Сканирование #182 завершено. Найдено сетапов: 0
2026-04-01 11:33:36 | INFO     | scanner:_scan_loop:190 | ═══ Сканирование #183 ═══
2026-04-01 11:34:05 | INFO     | scanner:_scan_loop:213 | Сканирование #183 завершено. Найдено сетапов: 0
2026-04-01 11:35:05 | INFO     | scanner:_scan_loop:190 | ═══ Сканирование #184 ═══
2026-04-01 11:35:10 | ERROR    | scanner:get_klines:88 | Ошибка загрузки данных ADAUSDT 15: 'x-bapi-limit-reset-timestamp'
2026-04-01 11:35:13 | INFO     | risk_manager:close_trade:157 | Закрыта сделка: BLURUSDT stopped @ 0.023013 P&L: -2.20% (депозит: -2.52%)
2026-04-01 11:35:15 | DEBUG    | telegram_bot:send_message:50 | Сообщение отправлено в Telegram
2026-04-01 11:35:38 | INFO     | scanner:_scan_loop:213 | Сканирование #184 завершено. Найдено сетапов: 0
2026-04-01 11:36:38 | INFO     | scanner:_scan_loop:190 | ═══ Сканирование #185 ═══
2026-04-01 11:37:08 | INFO     | scanner:_scan_loop:213 | Сканирование #185 завершено. Найдено сетапов: 0
2026-04-01 11:38:08 | INFO     | scanner:_scan_loop:190 | ═══ Сканирование #186 ═══
2026-04-01 11:38:40 | INFO     | scanner:_scan_loop:213 | Сканирование #186 завершено. Найдено сетапов: 0
2026-04-01 11:39:40 | INFO     | scanner:_scan_loop:190 | ═══ Сканирование #187 ═══
2026-04-01 11:40:11 | ERROR    | scanner:get_klines:88 | Ошибка загрузки данных LDOUSDT 15: 'x-bapi-limit-reset-timestamp'
2026-04-01 11:40:11 | INFO     | scanner:_scan_loop:213 | Сканирование #187 завершено. Найдено сетапов: 0
2026-04-01 11:41:11 | INFO     | scanner:_scan_loop:190 | ═══ Сканирование #188 ═══
2026-04-01 11:41:43 | INFO     | scanner:_scan_loop:213 | Сканирование #188 завершено. Найдено сетапов: 0
2026-04-01 11:42:43 | INFO     | scanner:_scan_loop:190 | ═══ Сканирование #189 ═══
2026-04-01 11:43:12 | INFO     | scanner:_scan_loop:213 | Сканирование #189 завершено. Найдено сетапов: 0
2026-04-01 11:44:12 | INFO     | scanner:_scan_loop:190 | ═══ Сканирование #190 ═══
2026-04-01 11:44:42 | INFO     | scanner:_scan_loop:213 | Сканирование #190 завершено. Найдено сетапов: 0
2026-04-01 11:45:42 | INFO     | scanner:_scan_loop:190 | ═══ Сканирование #191 ═══
2026-04-01 11:46:22 | INFO     | scanner:_scan_loop:213 | Сканирование #191 завершено. Найдено сетапов: 0
2026-04-01 11:47:22 | INFO     | scanner:_scan_loop:190 | ═══ Сканирование #192 ═══
2026-04-01 11:47:55 | INFO     | scanner:_scan_loop:213 | Сканирование #192 завершено. Найдено сетапов: 0
2026-04-01 11:48:55 | INFO     | scanner:_scan_loop:190 | ═══ Сканирование #193 ═══
2026-04-01 11:49:24 | INFO     | scanner:_scan_loop:213 | Сканирование #193 завершено. Найдено сетапов: 0
2026-04-01 11:50:24 | INFO     | scanner:_scan_loop:190 | ═══ Сканирование #194 ═══
2026-04-01 11:50:56 | INFO     | scanner:_scan_loop:213 | Сканирование #194 завершено. Найдено сетапов: 0
2026-04-01 11:51:56 | INFO     | scanner:_scan_loop:190 | ═══ Сканирование #195 ═══
2026-04-01 11:52:26 | INFO     | scanner:_scan_loop:213 | Сканирование #195 завершено. Найдено сетапов: 0
2026-04-01 11:53:26 | INFO     | scanner:_scan_loop:190 | ═══ Сканирование #196 ═══
2026-04-01 11:53:56 | INFO     | scanner:_scan_loop:213 | Сканирование #196 завершено. Найдено сетапов: 0
2026-04-01 11:54:56 | INFO     | scanner:_scan_loop:190 | ═══ Сканирование #197 ═══
2026-04-01 11:55:26 | INFO     | scanner:_scan_loop:213 | Сканирование #197 завершено. Найдено сетапов: 0
2026-04-01 11:56:26 | INFO     | scanner:_scan_loop:190 | ═══ Сканирование #198 ═══
2026-04-01 11:56:57 | INFO     | scanner:_scan_loop:213 | Сканирование #198 завершено. Найдено сетапов: 1
2026-04-01 11:57:57 | INFO     | scanner:_scan_loop:190 | ═══ Сканирование #199 ═══
2026-04-01 11:58:28 | INFO     | scanner:_scan_loop:213 | Сканирование #199 завершено. Найдено сетапов: 1
2026-04-01 11:59:28 | INFO     | scanner:_scan_loop:190 | ═══ Сканирование #200 ═══
2026-04-01 12:00:01 | INFO     | scanner:_scan_loop:213 | Сканирование #200 завершено. Найдено сетапов: 1
2026-04-01 12:01:01 | INFO     | scanner:_scan_loop:190 | ═══ Сканирование #201 ═══
2026-04-01 12:01:07 | ERROR    | scanner:get_klines:88 | Ошибка загрузки данных XRPUSDT 15: 'x-bapi-limit-reset-timestamp'
2026-04-01 12:01:11 | ERROR    | scanner:get_klines:88 | Ошибка загрузки данных LINKUSDT 240: 'x-bapi-limit-reset-timestamp'
2026-04-01 12:01:46 | INFO     | scanner:_scan_loop:213 | Сканирование #201 завершено. Найдено сетапов: 0
2026-04-01 12:02:46 | INFO     | scanner:_scan_loop:190 | ═══ Сканирование #202 ═══
2026-04-01 12:03:20 | INFO     | scanner:_scan_loop:213 | Сканирование #202 завершено. Найдено сетапов: 0
2026-04-01 12:04:20 | INFO     | scanner:_scan_loop:190 | ═══ Сканирование #203 ═══
2026-04-01 12:04:52 | INFO     | scanner:_scan_loop:213 | Сканирование #203 завершено. Найдено сетапов: 0
2026-04-01 12:05:52 | INFO     | scanner:_scan_loop:190 | ═══ Сканирование #204 ═══
2026-04-01 12:06:23 | INFO     | scanner:_scan_loop:213 | Сканирование #204 завершено. Найдено сетапов: 1
2026-04-01 12:07:24 | INFO     | scanner:_scan_loop:190 | ═══ Сканирование #205 ═══
2026-04-01 12:07:56 | INFO     | scanner:_scan_loop:213 | Сканирование #205 завершено. Найдено сетапов: 0
2026-04-01 12:08:56 | INFO     | scanner:_scan_loop:190 | ═══ Сканирование #206 ═══
2026-04-01 12:09:31 | INFO     | scanner:_scan_loop:213 | Сканирование #206 завершено. Найдено сетапов: 0
2026-04-01 12:10:31 | INFO     | scanner:_scan_loop:190 | ═══ Сканирование #207 ═══
2026-04-01 12:11:04 | INFO     | scanner:_scan_loop:213 | Сканирование #207 завершено. Найдено сетапов: 0
2026-04-01 12:12:04 | INFO     | scanner:_scan_loop:190 | ═══ Сканирование #208 ═══
2026-04-01 12:12:39 | INFO     | scanner:_scan_loop:213 | Сканирование #208 завершено. Найдено сетапов: 0
2026-04-01 12:13:39 | INFO     | scanner:_scan_loop:190 | ═══ Сканирование #209 ═══
2026-04-01 12:14:12 | INFO     | scanner:_scan_loop:213 | Сканирование #209 завершено. Найдено сетапов: 0
2026-04-01 12:15:12 | INFO     | scanner:_scan_loop:190 | ═══ Сканирование #210 ═══
2026-04-01 12:15:45 | INFO     | scanner:_scan_loop:213 | Сканирование #210 завершено. Найдено сетапов: 0
2026-04-01 12:16:45 | INFO     | scanner:_scan_loop:190 | ═══ Сканирование #211 ═══
2026-04-01 12:17:25 | INFO     | scanner:_scan_loop:213 | Сканирование #211 завершено. Найдено сетапов: 0
2026-04-01 12:18:25 | INFO     | scanner:_scan_loop:190 | ═══ Сканирование #212 ═══
2026-04-01 12:18:59 | INFO     | scanner:_scan_loop:213 | Сканирование #212 завершено. Найдено сетапов: 0
2026-04-01 12:19:59 | INFO     | scanner:_scan_loop:190 | ═══ Сканирование #213 ═══
2026-04-01 12:20:32 | INFO     | scanner:_scan_loop:213 | Сканирование #213 завершено. Найдено сетапов: 0
2026-04-01 12:21:32 | INFO     | scanner:_scan_loop:190 | ═══ Сканирование #214 ═══
2026-04-01 12:22:07 | INFO     | scanner:_scan_loop:213 | Сканирование #214 завершено. Найдено сетапов: 0
2026-04-01 12:23:07 | INFO     | scanner:_scan_loop:190 | ═══ Сканирование #215 ═══
2026-04-01 12:23:40 | INFO     | scanner:_scan_loop:213 | Сканирование #215 завершено. Найдено сетапов: 0
2026-04-01 12:24:40 | INFO     | scanner:_scan_loop:190 | ═══ Сканирование #216 ═══
2026-04-01 12:25:13 | INFO     | scanner:_scan_loop:213 | Сканирование #216 завершено. Найдено сетапов: 0
2026-04-01 12:26:13 | INFO     | scanner:_scan_loop:190 | ═══ Сканирование #217 ═══
2026-04-01 12:26:46 | INFO     | scanner:_scan_loop:213 | Сканирование #217 завершено. Найдено сетапов: 0
2026-04-01 12:27:46 | INFO     | scanner:_scan_loop:190 | ═══ Сканирование #218 ═══
2026-04-01 12:28:18 | INFO     | scanner:_scan_loop:213 | Сканирование #218 завершено. Найдено сетапов: 0
2026-04-01 12:29:18 | INFO     | scanner:_scan_loop:190 | ═══ Сканирование #219 ═══
2026-04-01 12:29:55 | INFO     | scanner:_scan_loop:213 | Сканирование #219 завершено. Найдено сетапов: 0
2026-04-01 12:30:55 | INFO     | scanner:_scan_loop:190 | ═══ Сканирование #220 ═══
2026-04-01 12:31:28 | INFO     | scanner:_scan_loop:213 | Сканирование #220 завершено. Найдено сетапов: 1
2026-04-01 12:32:28 | INFO     | scanner:_scan_loop:190 | ═══ Сканирование #221 ═══
2026-04-01 12:33:11 | INFO     | scanner:_scan_loop:213 | Сканирование #221 завершено. Найдено сетапов: 0
2026-04-01 12:34:11 | INFO     | scanner:_scan_loop:190 | ═══ Сканирование #222 ═══
2026-04-01 12:34:45 | INFO     | scanner:_scan_loop:213 | Сканирование #222 завершено. Найдено сетапов: 0
2026-04-01 12:35:45 | INFO     | scanner:_scan_loop:190 | ═══ Сканирование #223 ═══
2026-04-01 12:36:21 | INFO     | scanner:_scan_loop:213 | Сканирование #223 завершено. Найдено сетапов: 0
2026-04-01 12:37:21 | INFO     | scanner:_scan_loop:190 | ═══ Сканирование #224 ═══
2026-04-01 12:37:54 | INFO     | scanner:_scan_loop:213 | Сканирование #224 завершено. Найдено сетапов: 0
2026-04-01 12:38:54 | INFO     | scanner:_scan_loop:190 | ═══ Сканирование #225 ═══
2026-04-01 12:39:27 | INFO     | scanner:_scan_loop:213 | Сканирование #225 завершено. Найдено сетапов: 0
2026-04-01 12:40:27 | INFO     | scanner:_scan_loop:190 | ═══ Сканирование #226 ═══
2026-04-01 12:41:00 | INFO     | scanner:_scan_loop:213 | Сканирование #226 завершено. Найдено сетапов: 1
2026-04-01 12:42:00 | INFO     | scanner:_scan_loop:190 | ═══ Сканирование #227 ═══
2026-04-01 12:42:33 | INFO     | scanner:_scan_loop:213 | Сканирование #227 завершено. Найдено сетапов: 1
2026-04-01 12:43:33 | INFO     | scanner:_scan_loop:190 | ═══ Сканирование #228 ═══
2026-04-01 12:44:05 | INFO     | scanner:_scan_loop:213 | Сканирование #228 завершено. Найдено сетапов: 1
2026-04-01 12:45:05 | INFO     | scanner:_scan_loop:190 | ═══ Сканирование #229 ═══
2026-04-01 12:45:08 | ERROR    | scanner:get_klines:88 | Ошибка загрузки данных BNBUSDT 15: 'x-bapi-limit-reset-timestamp'
2026-04-01 12:45:11 | ERROR    | scanner:get_klines:88 | Ошибка загрузки данных DOTUSDT 5: 'x-bapi-limit-reset-timestamp'
2026-04-01 12:45:36 | INFO     | scanner:_scan_loop:213 | Сканирование #229 завершено. Найдено сетапов: 1
2026-04-01 12:46:36 | INFO     | scanner:_scan_loop:190 | ═══ Сканирование #230 ═══
2026-04-01 12:47:07 | INFO     | scanner:_scan_loop:213 | Сканирование #230 завершено. Найдено сетапов: 0
2026-04-01 12:48:07 | INFO     | scanner:_scan_loop:190 | ═══ Сканирование #231 ═══
2026-04-01 12:48:48 | INFO     | scanner:_scan_loop:213 | Сканирование #231 завершено. Найдено сетапов: 0
2026-04-01 12:49:48 | INFO     | scanner:_scan_loop:190 | ═══ Сканирование #232 ═══
2026-04-01 12:50:08 | ERROR    | scanner:get_klines:88 | Ошибка загрузки данных STXUSDT 5: 'x-bapi-limit-reset-timestamp'
2026-04-01 12:50:11 | ERROR    | scanner:get_klines:88 | Ошибка загрузки данных ETCUSDT 15: 'x-bapi-limit-reset-timestamp'
2026-04-01 12:50:21 | INFO     | scanner:_scan_loop:213 | Сканирование #232 завершено. Найдено сетапов: 0
2026-04-01 12:51:21 | INFO     | scanner:_scan_loop:190 | ═══ Сканирование #233 ═══
2026-04-01 12:51:53 | INFO     | scanner:_scan_loop:213 | Сканирование #233 завершено. Найдено сетапов: 1
2026-04-01 12:52:53 | INFO     | scanner:_scan_loop:190 | ═══ Сканирование #234 ═══
2026-04-01 12:53:25 | INFO     | scanner:_scan_loop:213 | Сканирование #234 завершено. Найдено сетапов: 1
2026-04-01 12:54:25 | INFO     | scanner:_scan_loop:190 | ═══ Сканирование #235 ═══
2026-04-01 12:54:58 | INFO     | scanner:_scan_loop:213 | Сканирование #235 завершено. Найдено сетапов: 1
2026-04-01 12:55:58 | INFO     | scanner:_scan_loop:190 | ═══ Сканирование #236 ═══
2026-04-01 12:56:32 | INFO     | scanner:_scan_loop:213 | Сканирование #236 завершено. Найдено сетапов: 1
2026-04-01 12:57:32 | INFO     | scanner:_scan_loop:190 | ═══ Сканирование #237 ═══
2026-04-01 12:58:05 | INFO     | scanner:_scan_loop:213 | Сканирование #237 завершено. Найдено сетапов: 1
2026-04-01 12:59:05 | INFO     | scanner:_scan_loop:190 | ═══ Сканирование #238 ═══
2026-04-01 12:59:40 | INFO     | scanner:_scan_loop:213 | Сканирование #238 завершено. Найдено сетапов: 1
2026-04-01 13:00:40 | INFO     | scanner:_scan_loop:190 | ═══ Сканирование #239 ═══
2026-04-01 13:01:10 | ERROR    | scanner:get_klines:88 | Ошибка загрузки данных BLURUSDT 15: 'x-bapi-limit-reset-timestamp'
2026-04-01 13:01:12 | INFO     | scanner:_scan_loop:213 | Сканирование #239 завершено. Найдено сетапов: 1
2026-04-01 13:02:12 | INFO     | scanner:_scan_loop:190 | ═══ Сканирование #240 ═══
2026-04-01 13:02:44 | INFO     | scanner:_scan_loop:213 | Сканирование #240 завершено. Найдено сетапов: 1
2026-04-01 13:03:44 | INFO     | scanner:_scan_loop:190 | ═══ Сканирование #241 ═══
2026-04-01 13:04:29 | INFO     | scanner:_scan_loop:213 | Сканирование #241 завершено. Найдено сетапов: 1
2026-04-01 13:05:29 | INFO     | scanner:_scan_loop:190 | ═══ Сканирование #242 ═══
2026-04-01 13:06:01 | INFO     | scanner:_scan_loop:213 | Сканирование #242 завершено. Найдено сетапов: 1
2026-04-01 13:07:01 | INFO     | scanner:_scan_loop:190 | ═══ Сканирование #243 ═══
2026-04-01 13:07:39 | INFO     | scanner:_scan_loop:213 | Сканирование #243 завершено. Найдено сетапов: 1
2026-04-01 13:08:39 | INFO     | scanner:_scan_loop:190 | ═══ Сканирование #244 ═══
2026-04-01 13:09:25 | DEBUG    | telegram_bot:send_message:50 | Сообщение отправлено в Telegram
2026-04-01 13:09:25 | INFO     | scanner:_scan_loop:213 | Сканирование #244 завершено. Найдено сетапов: 2
2026-04-01 13:10:25 | INFO     | scanner:_scan_loop:190 | ═══ Сканирование #245 ═══
2026-04-01 13:10:58 | INFO     | scanner:_scan_loop:213 | Сканирование #245 завершено. Найдено сетапов: 2
2026-04-01 13:11:58 | INFO     | scanner:_scan_loop:190 | ═══ Сканирование #246 ═══
2026-04-01 13:12:32 | INFO     | scanner:_scan_loop:213 | Сканирование #246 завершено. Найдено сетапов: 2
2026-04-01 13:13:32 | INFO     | scanner:_scan_loop:190 | ═══ Сканирование #247 ═══
2026-04-01 13:14:02 | INFO     | scanner:_scan_loop:213 | Сканирование #247 завершено. Найдено сетапов: 2
2026-04-01 13:15:02 | INFO     | scanner:_scan_loop:190 | ═══ Сканирование #248 ═══
2026-04-01 13:15:07 | ERROR    | scanner:get_klines:88 | Ошибка загрузки данных ADAUSDT 15: 'x-bapi-limit-reset-timestamp'
2026-04-01 13:15:10 | ERROR    | scanner:get_klines:88 | Ошибка загрузки данных ATOMUSDT 15: 'x-bapi-limit-reset-timestamp'
2026-04-01 13:15:11 | ERROR    | scanner:get_klines:88 | Ошибка загрузки данных LTCUSDT 5: 'x-bapi-limit-reset-timestamp'
2026-04-01 13:15:12 | ERROR    | scanner:get_klines:88 | Ошибка загрузки данных APTUSDT 15: 'x-bapi-limit-reset-timestamp'
2026-04-01 13:15:33 | INFO     | scanner:_scan_loop:213 | Сканирование #248 завершено. Найдено сетапов: 2
2026-04-01 13:16:33 | INFO     | scanner:_scan_loop:190 | ═══ Сканирование #249 ═══
2026-04-01 13:17:07 | INFO     | scanner:_scan_loop:213 | Сканирование #249 завершено. Найдено сетапов: 2
2026-04-01 13:18:07 | INFO     | scanner:_scan_loop:190 | ═══ Сканирование #250 ═══
2026-04-01 13:18:37 | INFO     | scanner:_scan_loop:213 | Сканирование #250 завершено. Найдено сетапов: 2
2026-04-01 13:19:37 | INFO     | scanner:_scan_loop:190 | ═══ Сканирование #251 ═══
2026-04-01 13:20:23 | INFO     | scanner:_scan_loop:213 | Сканирование #251 завершено. Найдено сетапов: 2
2026-04-01 13:21:23 | INFO     | scanner:_scan_loop:190 | ═══ Сканирование #252 ═══
2026-04-01 13:21:55 | INFO     | scanner:_scan_loop:213 | Сканирование #252 завершено. Найдено сетапов: 2
2026-04-01 13:22:55 | INFO     | scanner:_scan_loop:190 | ═══ Сканирование #253 ═══
2026-04-01 13:23:28 | INFO     | scanner:_scan_loop:213 | Сканирование #253 завершено. Найдено сетапов: 2
2026-04-01 13:24:28 | INFO     | scanner:_scan_loop:190 | ═══ Сканирование #254 ═══
2026-04-01 13:25:00 | INFO     | scanner:_scan_loop:213 | Сканирование #254 завершено. Найдено сетапов: 2
2026-04-01 13:26:00 | INFO     | scanner:_scan_loop:190 | ═══ Сканирование #255 ═══
2026-04-01 13:26:33 | INFO     | scanner:_scan_loop:213 | Сканирование #255 завершено. Найдено сетапов: 2
2026-04-01 13:27:33 | INFO     | scanner:_scan_loop:190 | ═══ Сканирование #256 ═══
2026-04-01 13:28:05 | INFO     | scanner:_scan_loop:213 | Сканирование #256 завершено. Найдено сетапов: 2
2026-04-01 13:29:05 | INFO     | scanner:_scan_loop:190 | ═══ Сканирование #257 ═══
2026-04-01 13:29:36 | INFO     | scanner:_scan_loop:213 | Сканирование #257 завершено. Найдено сетапов: 2
2026-04-01 13:30:36 | INFO     | scanner:_scan_loop:190 | ═══ Сканирование #258 ═══
2026-04-01 13:31:08 | INFO     | scanner:_scan_loop:213 | Сканирование #258 завершено. Найдено сетапов: 2
2026-04-01 13:32:08 | INFO     | scanner:_scan_loop:190 | ═══ Сканирование #259 ═══
2026-04-01 13:32:41 | INFO     | scanner:_scan_loop:213 | Сканирование #259 завершено. Найдено сетапов: 2
2026-04-01 13:33:41 | INFO     | scanner:_scan_loop:190 | ═══ Сканирование #260 ═══
2026-04-01 13:34:13 | INFO     | scanner:_scan_loop:213 | Сканирование #260 завершено. Найдено сетапов: 2
2026-04-01 13:35:13 | INFO     | scanner:_scan_loop:190 | ═══ Сканирование #261 ═══
2026-04-01 13:35:56 | INFO     | scanner:_scan_loop:213 | Сканирование #261 завершено. Найдено сетапов: 2
2026-04-01 13:36:56 | INFO     | scanner:_scan_loop:190 | ═══ Сканирование #262 ═══
2026-04-01 13:37:29 | INFO     | scanner:_scan_loop:213 | Сканирование #262 завершено. Найдено сетапов: 2
2026-04-01 13:38:29 | INFO     | scanner:_scan_loop:190 | ═══ Сканирование #263 ═══
2026-04-01 13:39:01 | INFO     | scanner:_scan_loop:213 | Сканирование #263 завершено. Найдено сетапов: 2
2026-04-01 13:40:01 | INFO     | scanner:_scan_loop:190 | ═══ Сканирование #264 ═══
2026-04-01 13:40:08 | ERROR    | scanner:get_klines:88 | Ошибка загрузки данных LINKUSDT 15: 'x-bapi-limit-reset-timestamp'
2026-04-01 13:40:11 | ERROR    | scanner:get_klines:88 | Ошибка загрузки данных APTUSDT 15: 'x-bapi-limit-reset-timestamp'
2026-04-01 13:40:33 | INFO     | scanner:_scan_loop:213 | Сканирование #264 завершено. Найдено сетапов: 2
2026-04-01 13:41:33 | INFO     | scanner:_scan_loop:190 | ═══ Сканирование #265 ═══
2026-04-01 13:42:07 | INFO     | scanner:_scan_loop:213 | Сканирование #265 завершено. Найдено сетапов: 2
2026-04-01 13:43:07 | INFO     | scanner:_scan_loop:190 | ═══ Сканирование #266 ═══
2026-04-01 13:43:41 | INFO     | scanner:_scan_loop:213 | Сканирование #266 завершено. Найдено сетапов: 2
2026-04-01 13:44:41 | INFO     | scanner:_scan_loop:190 | ═══ Сканирование #267 ═══
2026-04-01 13:45:05 | ERROR    | scanner:get_klines:88 | Ошибка загрузки данных ETCUSDT 15: 'x-bapi-limit-reset-timestamp'
2026-04-01 13:45:07 | ERROR    | scanner:get_klines:88 | Ошибка загрузки данных CRVUSDT 15: 'x-bapi-limit-reset-timestamp'
2026-04-01 13:45:08 | ERROR    | scanner:get_klines:88 | Ошибка загрузки данных GMXUSDT 15: 'x-bapi-limit-reset-timestamp'
2026-04-01 13:45:15 | INFO     | scanner:_scan_loop:213 | Сканирование #267 завершено. Найдено сетапов: 2
2026-04-01 13:46:15 | INFO     | scanner:_scan_loop:190 | ═══ Сканирование #268 ═══
2026-04-01 13:46:50 | INFO     | scanner:_scan_loop:213 | Сканирование #268 завершено. Найдено сетапов: 1
2026-04-01 13:47:50 | INFO     | scanner:_scan_loop:190 | ═══ Сканирование #269 ═══
2026-04-01 13:48:23 | INFO     | scanner:_scan_loop:213 | Сканирование #269 завершено. Найдено сетапов: 1
2026-04-01 13:49:23 | INFO     | scanner:_scan_loop:190 | ═══ Сканирование #270 ═══
2026-04-01 13:49:55 | INFO     | scanner:_scan_loop:213 | Сканирование #270 завершено. Найдено сетапов: 2
2026-04-01 13:50:55 | INFO     | scanner:_scan_loop:190 | ═══ Сканирование #271 ═══
2026-04-01 13:51:39 | INFO     | scanner:_scan_loop:213 | Сканирование #271 завершено. Найдено сетапов: 2
2026-04-01 13:52:39 | INFO     | scanner:_scan_loop:190 | ═══ Сканирование #272 ═══
2026-04-01 13:53:13 | INFO     | scanner:_scan_loop:213 | Сканирование #272 завершено. Найдено сетапов: 2
2026-04-01 13:54:13 | INFO     | scanner:_scan_loop:190 | ═══ Сканирование #273 ═══
2026-04-01 13:54:47 | INFO     | scanner:_scan_loop:213 | Сканирование #273 завершено. Найдено сетапов: 2
2026-04-01 13:55:47 | INFO     | scanner:_scan_loop:190 | ═══ Сканирование #274 ═══
2026-04-01 13:56:22 | INFO     | scanner:_scan_loop:213 | Сканирование #274 завершено. Найдено сетапов: 2
2026-04-01 13:57:22 | INFO     | scanner:_scan_loop:190 | ═══ Сканирование #275 ═══
2026-04-01 13:57:56 | INFO     | scanner:_scan_loop:213 | Сканирование #275 завершено. Найдено сетапов: 2
2026-04-01 13:58:56 | INFO     | scanner:_scan_loop:190 | ═══ Сканирование #276 ═══
2026-04-01 13:59:31 | INFO     | scanner:_scan_loop:213 | Сканирование #276 завершено. Найдено сетапов: 2
2026-04-01 14:00:31 | INFO     | scanner:_scan_loop:190 | ═══ Сканирование #277 ═══
2026-04-01 14:01:02 | INFO     | scanner:_scan_loop:213 | Сканирование #277 завершено. Найдено сетапов: 2
2026-04-01 14:02:02 | INFO     | scanner:_scan_loop:190 | ═══ Сканирование #278 ═══
2026-04-01 14:02:39 | INFO     | scanner:_scan_loop:213 | Сканирование #278 завершено. Найдено сетапов: 1
2026-04-01 14:03:39 | INFO     | scanner:_scan_loop:190 | ═══ Сканирование #279 ═══
2026-04-01 14:04:13 | INFO     | scanner:_scan_loop:213 | Сканирование #279 завершено. Найдено сетапов: 1
2026-04-01 14:05:13 | INFO     | scanner:_scan_loop:190 | ═══ Сканирование #280 ═══
2026-04-01 14:05:45 | INFO     | scanner:_scan_loop:213 | Сканирование #280 завершено. Найдено сетапов: 1
2026-04-01 14:06:45 | INFO     | scanner:_scan_loop:190 | ═══ Сканирование #281 ═══
2026-04-01 14:07:32 | INFO     | scanner:_scan_loop:213 | Сканирование #281 завершено. Найдено сетапов: 1
2026-04-01 14:08:32 | INFO     | scanner:_scan_loop:190 | ═══ Сканирование #282 ═══
2026-04-01 14:09:04 | INFO     | scanner:_scan_loop:213 | Сканирование #282 завершено. Найдено сетапов: 1
2026-04-01 14:10:04 | INFO     | scanner:_scan_loop:190 | ═══ Сканирование #283 ═══
2026-04-01 14:10:35 | INFO     | scanner:_scan_loop:213 | Сканирование #283 завершено. Найдено сетапов: 1
2026-04-01 14:11:35 | INFO     | scanner:_scan_loop:190 | ═══ Сканирование #284 ═══
2026-04-01 14:12:08 | INFO     | scanner:_scan_loop:213 | Сканирование #284 завершено. Найдено сетапов: 2
2026-04-01 14:13:08 | INFO     | scanner:_scan_loop:190 | ═══ Сканирование #285 ═══
2026-04-01 14:13:40 | INFO     | scanner:_scan_loop:213 | Сканирование #285 завершено. Найдено сетапов: 1
2026-04-01 14:14:40 | INFO     | scanner:_scan_loop:190 | ═══ Сканирование #286 ═══
2026-04-01 14:15:04 | ERROR    | scanner:get_klines:88 | Ошибка загрузки данных TRXUSDT 15: 'x-bapi-limit-reset-timestamp'
2026-04-01 14:15:04 | ERROR    | scanner:get_klines:88 | Ошибка загрузки данных TRXUSDT 5: 'x-bapi-limit-reset-timestamp'
2026-04-01 14:15:05 | ERROR    | scanner:get_klines:88 | Ошибка загрузки данных ETCUSDT 15: 'x-bapi-limit-reset-timestamp'
2026-04-01 14:15:05 | ERROR    | scanner:get_klines:88 | Ошибка загрузки данных ETCUSDT 5: 'x-bapi-limit-reset-timestamp'
2026-04-01 14:15:13 | ERROR    | scanner:get_klines:88 | Ошибка загрузки данных ENSUSDT 15: 'x-bapi-limit-reset-timestamp'
2026-04-01 14:15:14 | INFO     | scanner:_scan_loop:213 | Сканирование #286 завершено. Найдено сетапов: 0
2026-04-01 14:16:14 | INFO     | scanner:_scan_loop:190 | ═══ Сканирование #287 ═══
2026-04-01 14:16:49 | INFO     | scanner:_scan_loop:213 | Сканирование #287 завершено. Найдено сетапов: 1
2026-04-01 14:17:49 | INFO     | scanner:_scan_loop:190 | ═══ Сканирование #288 ═══
2026-04-01 14:18:24 | INFO     | scanner:_scan_loop:213 | Сканирование #288 завершено. Найдено сетапов: 1
2026-04-01 14:19:24 | INFO     | scanner:_scan_loop:190 | ═══ Сканирование #289 ═══
2026-04-01 14:19:57 | INFO     | scanner:_scan_loop:213 | Сканирование #289 завершено. Найдено сетапов: 1
2026-04-01 14:20:57 | INFO     | scanner:_scan_loop:190 | ═══ Сканирование #290 ═══
2026-04-01 14:21:29 | INFO     | scanner:_scan_loop:213 | Сканирование #290 завершено. Найдено сетапов: 0
2026-04-01 14:22:29 | INFO     | scanner:_scan_loop:190 | ═══ Сканирование #291 ═══
2026-04-01 14:23:12 | INFO     | scanner:_scan_loop:213 | Сканирование #291 завершено. Найдено сетапов: 1
2026-04-01 14:24:12 | INFO     | scanner:_scan_loop:190 | ═══ Сканирование #292 ═══
2026-04-01 14:24:45 | INFO     | scanner:_scan_loop:213 | Сканирование #292 завершено. Найдено сетапов: 0
2026-04-01 14:25:45 | INFO     | scanner:_scan_loop:190 | ═══ Сканирование #293 ═══
2026-04-01 14:26:18 | INFO     | scanner:_scan_loop:213 | Сканирование #293 завершено. Найдено сетапов: 0
2026-04-01 14:27:18 | INFO     | scanner:_scan_loop:190 | ═══ Сканирование #294 ═══
2026-04-01 14:27:51 | INFO     | scanner:_scan_loop:213 | Сканирование #294 завершено. Найдено сетапов: 0
2026-04-01 14:28:51 | INFO     | scanner:_scan_loop:190 | ═══ Сканирование #295 ═══
2026-04-01 14:29:22 | INFO     | scanner:_scan_loop:213 | Сканирование #295 завершено. Найдено сетапов: 1
2026-04-01 14:30:22 | INFO     | scanner:_scan_loop:190 | ═══ Сканирование #296 ═══
2026-04-01 14:30:56 | INFO     | scanner:_scan_loop:213 | Сканирование #296 завершено. Найдено сетапов: 1
2026-04-01 14:31:56 | INFO     | scanner:_scan_loop:190 | ═══ Сканирование #297 ═══
2026-04-01 14:32:29 | INFO     | scanner:_scan_loop:213 | Сканирование #297 завершено. Найдено сетапов: 0
2026-04-01 14:33:29 | INFO     | scanner:_scan_loop:190 | ═══ Сканирование #298 ═══
2026-04-01 14:34:07 | INFO     | scanner:_scan_loop:213 | Сканирование #298 завершено. Найдено сетапов: 2
2026-04-01 14:35:07 | INFO     | scanner:_scan_loop:190 | ═══ Сканирование #299 ═══
2026-04-01 14:36:15 | INFO     | scanner:_scan_loop:213 | Сканирование #299 завершено. Найдено сетапов: 1
2026-04-01 14:37:15 | INFO     | scanner:_scan_loop:190 | ═══ Сканирование #300 ═══
2026-04-01 14:37:47 | INFO     | scanner:_scan_loop:213 | Сканирование #300 завершено. Найдено сетапов: 1
2026-04-01 14:38:47 | INFO     | scanner:_scan_loop:190 | ═══ Сканирование #301 ═══
2026-04-01 14:39:28 | INFO     | scanner:_scan_loop:213 | Сканирование #301 завершено. Найдено сетапов: 1
2026-04-01 14:40:28 | INFO     | scanner:_scan_loop:190 | ═══ Сканирование #302 ═══
2026-04-01 14:40:59 | INFO     | scanner:_scan_loop:213 | Сканирование #302 завершено. Найдено сетапов: 2
2026-04-01 14:41:59 | INFO     | scanner:_scan_loop:190 | ═══ Сканирование #303 ═══
2026-04-01 14:42:30 | INFO     | scanner:_scan_loop:213 | Сканирование #303 завершено. Найдено сетапов: 1
2026-04-01 14:43:30 | INFO     | scanner:_scan_loop:190 | ═══ Сканирование #304 ═══
2026-04-01 14:44:02 | INFO     | scanner:_scan_loop:213 | Сканирование #304 завершено. Найдено сетапов: 2
2026-04-01 14:45:02 | INFO     | scanner:_scan_loop:190 | ═══ Сканирование #305 ═══
2026-04-01 14:45:03 | ERROR    | scanner:get_klines:88 | Ошибка загрузки данных BTCUSDT 5: 'x-bapi-limit-reset-timestamp'
2026-04-01 14:45:04 | ERROR    | scanner:get_klines:88 | Ошибка загрузки данных SOLUSDT 15: 'x-bapi-limit-reset-timestamp'
2026-04-01 14:45:08 | ERROR    | scanner:get_klines:88 | Ошибка загрузки данных AVAXUSDT 5: 'x-bapi-limit-reset-timestamp'
2026-04-01 14:45:10 | ERROR    | scanner:get_klines:88 | Ошибка загрузки данных ATOMUSDT 15: 'x-bapi-limit-reset-timestamp'
2026-04-01 14:45:11 | ERROR    | scanner:get_klines:88 | Ошибка загрузки данных ATOMUSDT 5: 'x-bapi-limit-reset-timestamp'
2026-04-01 14:45:15 | ERROR    | scanner:get_klines:88 | Ошибка загрузки данных NEARUSDT 15: 'x-bapi-limit-reset-timestamp'
2026-04-01 14:45:33 | INFO     | scanner:_scan_loop:213 | Сканирование #305 завершено. Найдено сетапов: 2
2026-04-01 14:46:33 | INFO     | scanner:_scan_loop:190 | ═══ Сканирование #306 ═══
2026-04-01 14:47:40 | INFO     | scanner:_scan_loop:213 | Сканирование #306 завершено. Найдено сетапов: 2
2026-04-01 14:48:40 | INFO     | scanner:_scan_loop:190 | ═══ Сканирование #307 ═══
2026-04-01 14:49:25 | INFO     | scanner:_scan_loop:213 | Сканирование #307 завершено. Найдено сетапов: 2
2026-04-01 14:50:25 | INFO     | scanner:_scan_loop:190 | ═══ Сканирование #308 ═══
2026-04-01 14:50:57 | INFO     | scanner:_scan_loop:213 | Сканирование #308 завершено. Найдено сетапов: 2
2026-04-01 14:51:57 | INFO     | scanner:_scan_loop:190 | ═══ Сканирование #309 ═══
2026-04-01 14:52:30 | INFO     | scanner:_scan_loop:213 | Сканирование #309 завершено. Найдено сетапов: 2
2026-04-01 14:53:30 | INFO     | scanner:_scan_loop:190 | ═══ Сканирование #310 ═══
2026-04-01 14:54:04 | INFO     | scanner:_scan_loop:213 | Сканирование #310 завершено. Найдено сетапов: 2
2026-04-01 14:55:04 | INFO     | scanner:_scan_loop:190 | ═══ Сканирование #311 ═══
2026-04-01 14:55:45 | INFO     | scanner:_scan_loop:213 | Сканирование #311 завершено. Найдено сетапов: 2
2026-04-01 14:56:45 | INFO     | scanner:_scan_loop:190 | ═══ Сканирование #312 ═══
2026-04-01 14:57:17 | INFO     | scanner:_scan_loop:213 | Сканирование #312 завершено. Найдено сетапов: 2
2026-04-01 14:58:17 | INFO     | scanner:_scan_loop:190 | ═══ Сканирование #313 ═══
2026-04-01 14:58:51 | INFO     | scanner:_scan_loop:213 | Сканирование #313 завершено. Найдено сетапов: 2
2026-04-01 14:59:51 | INFO     | scanner:_scan_loop:190 | ═══ Сканирование #314 ═══
2026-04-01 15:00:05 | ERROR    | scanner:get_klines:88 | Ошибка загрузки данных NEARUSDT 5: 'x-bapi-limit-reset-timestamp'
2026-04-01 15:00:12 | ERROR    | scanner:get_klines:88 | Ошибка загрузки данных MANTAUSDT 5: 'x-bapi-limit-reset-timestamp'
2026-04-01 15:00:18 | ERROR    | scanner:get_klines:88 | Ошибка загрузки данных PENDLEUSDT 15: 'x-bapi-limit-reset-timestamp'
2026-04-01 15:00:19 | ERROR    | scanner:get_klines:88 | Ошибка загрузки данных JTOUSDT 15: 'x-bapi-limit-reset-timestamp'
2026-04-01 15:00:20 | ERROR    | scanner:get_klines:88 | Ошибка загрузки данных PYTHUSDT 5: 'x-bapi-limit-reset-timestamp'
2026-04-01 15:00:25 | INFO     | scanner:_scan_loop:213 | Сканирование #314 завершено. Найдено сетапов: 2
2026-04-01 15:01:25 | INFO     | scanner:_scan_loop:190 | ═══ Сканирование #315 ═══
2026-04-01 15:02:07 | INFO     | scanner:_scan_loop:213 | Сканирование #315 завершено. Найдено сетапов: 2
2026-04-01 15:03:07 | INFO     | scanner:_scan_loop:190 | ═══ Сканирование #316 ═══
2026-04-01 15:03:38 | INFO     | scanner:_scan_loop:213 | Сканирование #316 завершено. Найдено сетапов: 2
2026-04-01 15:04:38 | INFO     | scanner:_scan_loop:190 | ═══ Сканирование #317 ═══
2026-04-01 15:05:06 | ERROR    | scanner:get_klines:88 | Ошибка загрузки данных PENDLEUSDT 5: 'x-bapi-limit-reset-timestamp'
2026-04-01 15:05:08 | ERROR    | scanner:get_klines:88 | Ошибка загрузки данных BLURUSDT 5: 'x-bapi-limit-reset-timestamp'
2026-04-01 15:05:10 | INFO     | scanner:_scan_loop:213 | Сканирование #317 завершено. Найдено сетапов: 0
2026-04-01 15:06:10 | INFO     | scanner:_scan_loop:190 | ═══ Сканирование #318 ═══
2026-04-01 15:06:41 | INFO     | scanner:_scan_loop:213 | Сканирование #318 завершено. Найдено сетапов: 1
2026-04-01 15:07:41 | INFO     | scanner:_scan_loop:190 | ═══ Сканирование #319 ═══
2026-04-01 15:08:12 | INFO     | scanner:_scan_loop:213 | Сканирование #319 завершено. Найдено сетапов: 2
2026-04-01 15:09:12 | INFO     | scanner:_scan_loop:190 | ═══ Сканирование #320 ═══
2026-04-01 15:09:45 | INFO     | scanner:_scan_loop:213 | Сканирование #320 завершено. Найдено сетапов: 2
2026-04-01 15:10:45 | INFO     | scanner:_scan_loop:190 | ═══ Сканирование #321 ═══
2026-04-01 15:11:28 | INFO     | scanner:_scan_loop:213 | Сканирование #321 завершено. Найдено сетапов: 2
2026-04-01 15:12:28 | INFO     | scanner:_scan_loop:190 | ═══ Сканирование #322 ═══
2026-04-01 15:12:59 | INFO     | scanner:_scan_loop:213 | Сканирование #322 завершено. Найдено сетапов: 2
2026-04-01 15:13:59 | INFO     | scanner:_scan_loop:190 | ═══ Сканирование #323 ═══
2026-04-01 15:14:30 | INFO     | scanner:_scan_loop:213 | Сканирование #323 завершено. Найдено сетапов: 2
2026-04-01 15:15:30 | INFO     | scanner:_scan_loop:190 | ═══ Сканирование #324 ═══
2026-04-01 15:16:05 | INFO     | scanner:_scan_loop:213 | Сканирование #324 завершено. Найдено сетапов: 2
2026-04-01 15:17:05 | INFO     | scanner:_scan_loop:190 | ═══ Сканирование #325 ═══
2026-04-01 15:17:36 | INFO     | scanner:_scan_loop:213 | Сканирование #325 завершено. Найдено сетапов: 1
2026-04-01 15:18:36 | INFO     | scanner:_scan_loop:190 | ═══ Сканирование #326 ═══
2026-04-01 15:19:09 | INFO     | scanner:_scan_loop:213 | Сканирование #326 завершено. Найдено сетапов: 2
2026-04-01 15:20:09 | INFO     | scanner:_scan_loop:190 | ═══ Сканирование #327 ═══
2026-04-01 15:20:44 | INFO     | scanner:_scan_loop:213 | Сканирование #327 завершено. Найдено сетапов: 1
2026-04-01 15:21:44 | INFO     | scanner:_scan_loop:190 | ═══ Сканирование #328 ═══
2026-04-01 15:22:15 | INFO     | scanner:_scan_loop:213 | Сканирование #328 завершено. Найдено сетапов: 1
2026-04-01 15:23:15 | INFO     | scanner:_scan_loop:190 | ═══ Сканирование #329 ═══
2026-04-01 15:23:47 | INFO     | scanner:_scan_loop:213 | Сканирование #329 завершено. Найдено сетапов: 2
2026-04-01 15:24:47 | INFO     | scanner:_scan_loop:190 | ═══ Сканирование #330 ═══
2026-04-01 15:25:06 | ERROR    | scanner:get_klines:88 | Ошибка загрузки данных STXUSDT 5: 'x-bapi-limit-reset-timestamp'
2026-04-01 15:25:18 | INFO     | scanner:_scan_loop:213 | Сканирование #330 завершено. Найдено сетапов: 1
2026-04-01 15:26:18 | INFO     | scanner:_scan_loop:190 | ═══ Сканирование #331 ═══
2026-04-01 15:27:02 | INFO     | scanner:_scan_loop:213 | Сканирование #331 завершено. Найдено сетапов: 1
2026-04-01 15:28:02 | INFO     | scanner:_scan_loop:190 | ═══ Сканирование #332 ═══
2026-04-01 15:28:36 | DEBUG    | telegram_bot:send_message:50 | Сообщение отправлено в Telegram
2026-04-01 15:28:36 | INFO     | scanner:_scan_loop:213 | Сканирование #332 завершено. Найдено сетапов: 1
2026-04-01 15:29:36 | INFO     | scanner:_scan_loop:190 | ═══ Сканирование #333 ═══
2026-04-01 15:30:04 | ERROR    | scanner:get_klines:88 | Ошибка загрузки данных PYTHUSDT 15: 'x-bapi-limit-reset-timestamp'
2026-04-01 15:30:05 | ERROR    | scanner:get_klines:88 | Ошибка загрузки данных STRKUSDT 15: 'x-bapi-limit-reset-timestamp'
2026-04-01 15:30:07 | INFO     | scanner:_scan_loop:213 | Сканирование #333 завершено. Найдено сетапов: 1
2026-04-01 15:31:07 | INFO     | scanner:_scan_loop:190 | ═══ Сканирование #334 ═══
2026-04-01 15:31:41 | INFO     | scanner:_scan_loop:213 | Сканирование #334 завершено. Найдено сетапов: 1
2026-04-01 15:32:41 | INFO     | scanner:_scan_loop:190 | ═══ Сканирование #335 ═══
2026-04-01 15:33:13 | INFO     | scanner:_scan_loop:213 | Сканирование #335 завершено. Найдено сетапов: 1
2026-04-01 15:34:13 | INFO     | scanner:_scan_loop:190 | ═══ Сканирование #336 ═══
2026-04-01 15:34:44 | INFO     | scanner:_scan_loop:213 | Сканирование #336 завершено. Найдено сетапов: 1
2026-04-01 15:35:44 | INFO     | scanner:_scan_loop:190 | ═══ Сканирование #337 ═══
2026-04-01 15:36:16 | INFO     | scanner:_scan_loop:213 | Сканирование #337 завершено. Найдено сетапов: 1
2026-04-01 15:37:16 | INFO     | scanner:_scan_loop:190 | ═══ Сканирование #338 ═══
2026-04-01 15:37:48 | INFO     | scanner:_scan_loop:213 | Сканирование #338 завершено. Найдено сетапов: 1
2026-04-01 15:38:48 | INFO     | scanner:_scan_loop:190 | ═══ Сканирование #339 ═══
2026-04-01 15:39:18 | INFO     | scanner:_scan_loop:213 | Сканирование #339 завершено. Найдено сетапов: 1
2026-04-01 15:40:18 | INFO     | scanner:_scan_loop:190 | ═══ Сканирование #340 ═══
2026-04-01 15:40:49 | INFO     | scanner:_scan_loop:213 | Сканирование #340 завершено. Найдено сетапов: 1
2026-04-01 15:41:49 | INFO     | scanner:_scan_loop:190 | ═══ Сканирование #341 ═══
2026-04-01 15:42:31 | INFO     | scanner:_scan_loop:213 | Сканирование #341 завершено. Найдено сетапов: 1
2026-04-01 15:43:31 | INFO     | scanner:_scan_loop:190 | ═══ Сканирование #342 ═══
2026-04-01 15:44:05 | INFO     | scanner:_scan_loop:213 | Сканирование #342 завершено. Найдено сетапов: 1
2026-04-01 15:45:05 | INFO     | scanner:_scan_loop:190 | ═══ Сканирование #343 ═══
2026-04-01 15:45:07 | ERROR    | scanner:get_klines:88 | Ошибка загрузки данных SOLUSDT 5: 'x-bapi-limit-reset-timestamp'
2026-04-01 15:45:08 | ERROR    | scanner:get_klines:88 | Ошибка загрузки данных XRPUSDT 15: 'x-bapi-limit-reset-timestamp'
2026-04-01 15:45:09 | ERROR    | scanner:get_klines:88 | Ошибка загрузки данных XRPUSDT 5: 'x-bapi-limit-reset-timestamp'
2026-04-01 15:45:11 | ERROR    | scanner:get_klines:88 | Ошибка загрузки данных DOTUSDT 5: 'x-bapi-limit-reset-timestamp'
2026-04-01 15:45:12 | ERROR    | scanner:get_klines:88 | Ошибка загрузки данных UNIUSDT 15: 'x-bapi-limit-reset-timestamp'
2026-04-01 15:45:37 | INFO     | scanner:_scan_loop:213 | Сканирование #343 завершено. Найдено сетапов: 0
2026-04-01 15:46:37 | INFO     | scanner:_scan_loop:190 | ═══ Сканирование #344 ═══
2026-04-01 15:47:11 | INFO     | scanner:_scan_loop:213 | Сканирование #344 завершено. Найдено сетапов: 1
2026-04-01 15:48:11 | INFO     | scanner:_scan_loop:190 | ═══ Сканирование #345 ═══
2026-04-01 15:48:42 | INFO     | scanner:_scan_loop:213 | Сканирование #345 завершено. Найдено сетапов: 1
2026-04-01 15:49:42 | INFO     | scanner:_scan_loop:190 | ═══ Сканирование #346 ═══
2026-04-01 15:50:06 | ERROR    | scanner:get_klines:88 | Ошибка загрузки данных DYDXUSDT 15: 'x-bapi-limit-reset-timestamp'
2026-04-01 15:50:12 | INFO     | scanner:_scan_loop:213 | Сканирование #346 завершено. Найдено сетапов: 1
2026-04-01 15:51:12 | INFO     | scanner:_scan_loop:190 | ═══ Сканирование #347 ═══
2026-04-01 15:51:46 | INFO     | scanner:_scan_loop:213 | Сканирование #347 завершено. Найдено сетапов: 1
2026-04-01 15:52:46 | INFO     | scanner:_scan_loop:190 | ═══ Сканирование #348 ═══
2026-04-01 15:53:17 | INFO     | scanner:_scan_loop:213 | Сканирование #348 завершено. Найдено сетапов: 1
2026-04-01 15:54:17 | INFO     | scanner:_scan_loop:190 | ═══ Сканирование #349 ═══
2026-04-01 15:54:49 | INFO     | scanner:_scan_loop:213 | Сканирование #349 завершено. Найдено сетапов: 1
2026-04-01 15:55:49 | INFO     | scanner:_scan_loop:190 | ═══ Сканирование #350 ═══
2026-04-01 15:56:19 | INFO     | scanner:_scan_loop:213 | Сканирование #350 завершено. Найдено сетапов: 1
2026-04-01 15:57:19 | INFO     | scanner:_scan_loop:190 | ═══ Сканирование #351 ═══
2026-04-01 15:58:02 | INFO     | scanner:_scan_loop:213 | Сканирование #351 завершено. Найдено сетапов: 1
2026-04-01 15:59:02 | INFO     | scanner:_scan_loop:190 | ═══ Сканирование #352 ═══
2026-04-01 15:59:35 | INFO     | scanner:_scan_loop:213 | Сканирование #352 завершено. Найдено сетапов: 1
2026-04-01 16:00:35 | INFO     | scanner:_scan_loop:190 | ═══ Сканирование #353 ═══
2026-04-01 16:01:06 | ERROR    | scanner:get_klines:88 | Ошибка загрузки данных LDOUSDT 15: 'x-bapi-limit-reset-timestamp'
2026-04-01 16:01:07 | ERROR    | scanner:get_klines:88 | Ошибка загрузки данных LDOUSDT 5: 'x-bapi-limit-reset-timestamp'
2026-04-01 16:01:07 | INFO     | scanner:_scan_loop:213 | Сканирование #353 завершено. Найдено сетапов: 1
2026-04-01 16:02:07 | INFO     | scanner:_scan_loop:190 | ═══ Сканирование #354 ═══
2026-04-01 16:02:37 | INFO     | scanner:_scan_loop:213 | Сканирование #354 завершено. Найдено сетапов: 1
2026-04-01 16:03:37 | INFO     | scanner:_scan_loop:190 | ═══ Сканирование #355 ═══
2026-04-01 16:04:08 | INFO     | scanner:_scan_loop:213 | Сканирование #355 завершено. Найдено сетапов: 2
2026-04-01 16:05:08 | INFO     | scanner:_scan_loop:190 | ═══ Сканирование #356 ═══
2026-04-01 16:05:39 | INFO     | scanner:_scan_loop:213 | Сканирование #356 завершено. Найдено сетапов: 2
2026-04-01 16:06:39 | INFO     | scanner:_scan_loop:190 | ═══ Сканирование #357 ═══
2026-04-01 16:07:11 | INFO     | scanner:_scan_loop:213 | Сканирование #357 завершено. Найдено сетапов: 2
2026-04-01 16:08:11 | INFO     | scanner:_scan_loop:190 | ═══ Сканирование #358 ═══
2026-04-01 16:08:45 | INFO     | scanner:_scan_loop:213 | Сканирование #358 завершено. Найдено сетапов: 1
2026-04-01 16:09:45 | INFO     | scanner:_scan_loop:190 | ═══ Сканирование #359 ═══
2026-04-01 16:10:16 | INFO     | scanner:_scan_loop:213 | Сканирование #359 завершено. Найдено сетапов: 2
2026-04-01 16:11:16 | INFO     | scanner:_scan_loop:190 | ═══ Сканирование #360 ═══
2026-04-01 16:11:48 | INFO     | scanner:_scan_loop:213 | Сканирование #360 завершено. Найдено сетапов: 2
2026-04-01 16:12:48 | INFO     | scanner:_scan_loop:190 | ═══ Сканирование #361 ═══
2026-04-01 16:13:30 | INFO     | scanner:_scan_loop:213 | Сканирование #361 завершено. Найдено сетапов: 2
2026-04-01 16:14:30 | INFO     | scanner:_scan_loop:190 | ═══ Сканирование #362 ═══
2026-04-01 16:15:03 | INFO     | scanner:_scan_loop:213 | Сканирование #362 завершено. Найдено сетапов: 2
2026-04-01 16:16:03 | INFO     | scanner:_scan_loop:190 | ═══ Сканирование #363 ═══
2026-04-01 16:16:32 | INFO     | scanner:_scan_loop:213 | Сканирование #363 завершено. Найдено сетапов: 1
2026-04-01 16:17:32 | INFO     | scanner:_scan_loop:190 | ═══ Сканирование #364 ═══
2026-04-01 16:18:03 | INFO     | scanner:_scan_loop:213 | Сканирование #364 завершено. Найдено сетапов: 1
2026-04-01 16:19:03 | INFO     | scanner:_scan_loop:190 | ═══ Сканирование #365 ═══
2026-04-01 16:19:35 | INFO     | scanner:_scan_loop:213 | Сканирование #365 завершено. Найдено сетапов: 1
2026-04-01 16:20:35 | INFO     | scanner:_scan_loop:190 | ═══ Сканирование #366 ═══
2026-04-01 16:21:06 | INFO     | scanner:_scan_loop:213 | Сканирование #366 завершено. Найдено сетапов: 1
2026-04-01 16:22:06 | INFO     | scanner:_scan_loop:190 | ═══ Сканирование #367 ═══
2026-04-01 16:22:38 | INFO     | scanner:_scan_loop:213 | Сканирование #367 завершено. Найдено сетапов: 1
2026-04-01 16:23:38 | INFO     | scanner:_scan_loop:190 | ═══ Сканирование #368 ═══
2026-04-01 16:24:09 | INFO     | scanner:_scan_loop:213 | Сканирование #368 завершено. Найдено сетапов: 1
2026-04-01 16:25:09 | INFO     | scanner:_scan_loop:190 | ═══ Сканирование #369 ═══
2026-04-01 16:25:16 | ERROR    | scanner:get_klines:88 | Ошибка загрузки данных UNIUSDT 5: 'x-bapi-limit-reset-timestamp'
2026-04-01 16:25:39 | INFO     | scanner:_scan_loop:213 | Сканирование #369 завершено. Найдено сетапов: 1
2026-04-01 16:26:39 | INFO     | scanner:_scan_loop:190 | ═══ Сканирование #370 ═══
2026-04-01 16:27:09 | INFO     | scanner:_scan_loop:213 | Сканирование #370 завершено. Найдено сетапов: 1
2026-04-01 16:28:09 | INFO     | scanner:_scan_loop:190 | ═══ Сканирование #371 ═══
2026-04-01 16:28:53 | INFO     | scanner:_scan_loop:213 | Сканирование #371 завершено. Найдено сетапов: 2
2026-04-01 16:29:53 | INFO     | scanner:_scan_loop:190 | ═══ Сканирование #372 ═══
2026-04-01 16:30:08 | ERROR    | scanner:get_klines:88 | Ошибка загрузки данных SEIUSDT 5: 'x-bapi-limit-reset-timestamp'
2026-04-01 16:30:11 | ERROR    | scanner:get_klines:88 | Ошибка загрузки данных ORDIUSDT 15: 'x-bapi-limit-reset-timestamp'
2026-04-01 16:30:12 | ERROR    | scanner:get_klines:88 | Ошибка загрузки данных IMXUSDT 15: 'x-bapi-limit-reset-timestamp'
2026-04-01 16:30:20 | ERROR    | scanner:get_klines:88 | Ошибка загрузки данных PENDLEUSDT 5: 'x-bapi-limit-reset-timestamp'
2026-04-01 16:30:24 | INFO     | scanner:_scan_loop:213 | Сканирование #372 завершено. Найдено сетапов: 2
2026-04-01 16:31:24 | INFO     | scanner:_scan_loop:190 | ═══ Сканирование #373 ═══
2026-04-01 16:31:54 | INFO     | scanner:_scan_loop:213 | Сканирование #373 завершено. Найдено сетапов: 2
2026-04-01 16:32:54 | INFO     | scanner:_scan_loop:190 | ═══ Сканирование #374 ═══
2026-04-01 16:33:25 | INFO     | scanner:_scan_loop:213 | Сканирование #374 завершено. Найдено сетапов: 2
2026-04-01 16:34:25 | INFO     | scanner:_scan_loop:190 | ═══ Сканирование #375 ═══
2026-04-01 16:34:57 | INFO     | scanner:_scan_loop:213 | Сканирование #375 завершено. Найдено сетапов: 2
2026-04-01 16:35:57 | INFO     | scanner:_scan_loop:190 | ═══ Сканирование #376 ═══
2026-04-01 16:36:30 | INFO     | scanner:_scan_loop:213 | Сканирование #376 завершено. Найдено сетапов: 1
2026-04-01 16:37:30 | INFO     | scanner:_scan_loop:190 | ═══ Сканирование #377 ═══
2026-04-01 16:38:00 | INFO     | scanner:_scan_loop:213 | Сканирование #377 завершено. Найдено сетапов: 2
2026-04-01 16:39:00 | INFO     | scanner:_scan_loop:190 | ═══ Сканирование #378 ═══
2026-04-01 16:39:30 | INFO     | scanner:_scan_loop:213 | Сканирование #378 завершено. Найдено сетапов: 1
2026-04-01 16:40:30 | INFO     | scanner:_scan_loop:190 | ═══ Сканирование #379 ═══
2026-04-01 16:41:05 | DEBUG    | telegram_bot:send_message:50 | Сообщение отправлено в Telegram
2026-04-01 16:41:05 | INFO     | scanner:_scan_loop:213 | Сканирование #379 завершено. Найдено сетапов: 1
2026-04-01 16:42:05 | INFO     | scanner:_scan_loop:190 | ═══ Сканирование #380 ═══
2026-04-01 16:42:36 | INFO     | scanner:_scan_loop:213 | Сканирование #380 завершено. Найдено сетапов: 1
2026-04-01 16:43:36 | INFO     | scanner:_scan_loop:190 | ═══ Сканирование #381 ═══
2026-04-01 16:44:17 | INFO     | scanner:_scan_loop:213 | Сканирование #381 завершено. Найдено сетапов: 1
2026-04-01 16:45:17 | INFO     | scanner:_scan_loop:190 | ═══ Сканирование #382 ═══
2026-04-01 16:45:49 | INFO     | scanner:_scan_loop:213 | Сканирование #382 завершено. Найдено сетапов: 0
2026-04-01 16:46:49 | INFO     | scanner:_scan_loop:190 | ═══ Сканирование #383 ═══
2026-04-01 16:47:21 | INFO     | scanner:_scan_loop:213 | Сканирование #383 завершено. Найдено сетапов: 0
2026-04-01 16:48:21 | INFO     | scanner:_scan_loop:190 | ═══ Сканирование #384 ═══
2026-04-01 16:48:52 | INFO     | scanner:_scan_loop:213 | Сканирование #384 завершено. Найдено сетапов: 0
2026-04-01 16:49:52 | INFO     | scanner:_scan_loop:190 | ═══ Сканирование #385 ═══
2026-04-01 16:50:06 | ERROR    | scanner:get_klines:88 | Ошибка загрузки данных TIAUSDT 15: 'x-bapi-limit-reset-timestamp'
2026-04-01 16:50:26 | INFO     | scanner:_scan_loop:213 | Сканирование #385 завершено. Найдено сетапов: 0
2026-04-01 16:51:26 | INFO     | scanner:_scan_loop:190 | ═══ Сканирование #386 ═══
2026-04-01 16:51:58 | INFO     | scanner:_scan_loop:213 | Сканирование #386 завершено. Найдено сетапов: 0
2026-04-01 16:52:58 | INFO     | scanner:_scan_loop:190 | ═══ Сканирование #387 ═══
2026-04-01 16:53:31 | INFO     | scanner:_scan_loop:213 | Сканирование #387 завершено. Найдено сетапов: 0
2026-04-01 16:54:31 | INFO     | scanner:_scan_loop:190 | ═══ Сканирование #388 ═══
2026-04-01 16:55:02 | INFO     | scanner:_scan_loop:213 | Сканирование #388 завершено. Найдено сетапов: 0
2026-04-01 16:56:02 | INFO     | scanner:_scan_loop:190 | ═══ Сканирование #389 ═══
2026-04-01 16:56:34 | INFO     | scanner:_scan_loop:213 | Сканирование #389 завершено. Найдено сетапов: 0
2026-04-01 16:57:34 | INFO     | scanner:_scan_loop:190 | ═══ Сканирование #390 ═══
2026-04-01 16:58:05 | INFO     | scanner:_scan_loop:213 | Сканирование #390 завершено. Найдено сетапов: 0
2026-04-01 16:59:05 | INFO     | scanner:_scan_loop:190 | ═══ Сканирование #391 ═══
2026-04-01 16:59:47 | INFO     | scanner:_scan_loop:213 | Сканирование #391 завершено. Найдено сетапов: 0
2026-04-01 17:00:47 | INFO     | scanner:_scan_loop:190 | ═══ Сканирование #392 ═══
2026-04-01 17:01:20 | INFO     | scanner:_scan_loop:213 | Сканирование #392 завершено. Найдено сетапов: 0
2026-04-01 17:02:20 | INFO     | scanner:_scan_loop:190 | ═══ Сканирование #393 ═══
2026-04-01 17:02:52 | INFO     | scanner:_scan_loop:213 | Сканирование #393 завершено. Найдено сетапов: 0
2026-04-01 17:03:52 | INFO     | scanner:_scan_loop:190 | ═══ Сканирование #394 ═══
2026-04-01 17:04:24 | INFO     | scanner:_scan_loop:213 | Сканирование #394 завершено. Найдено сетапов: 1
2026-04-01 17:05:24 | INFO     | scanner:_scan_loop:190 | ═══ Сканирование #395 ═══
2026-04-01 17:05:54 | INFO     | scanner:_scan_loop:213 | Сканирование #395 завершено. Найдено сетапов: 1
2026-04-01 17:06:54 | INFO     | scanner:_scan_loop:190 | ═══ Сканирование #396 ═══
2026-04-01 17:07:29 | INFO     | scanner:_scan_loop:213 | Сканирование #396 завершено. Найдено сетапов: 1
2026-04-01 17:08:29 | INFO     | scanner:_scan_loop:190 | ═══ Сканирование #397 ═══
2026-04-01 17:09:05 | INFO     | scanner:_scan_loop:213 | Сканирование #397 завершено. Найдено сетапов: 1
2026-04-01 17:10:05 | INFO     | scanner:_scan_loop:190 | ═══ Сканирование #398 ═══
2026-04-01 17:10:41 | INFO     | scanner:_scan_loop:213 | Сканирование #398 завершено. Найдено сетапов: 1
2026-04-01 17:11:41 | INFO     | scanner:_scan_loop:190 | ═══ Сканирование #399 ═══
2026-04-01 17:11:58 | ERROR    | scanner:get_klines:88 | Ошибка загрузки данных BNBUSDT 5: HTTPSConnectionPool(host='api.bybit.com', port=443): Read timed out. (read timeout=10)
2026-04-01 17:12:29 | INFO     | scanner:_scan_loop:213 | Сканирование #399 завершено. Найдено сетапов: 0
2026-04-01 17:13:29 | INFO     | scanner:_scan_loop:190 | ═══ Сканирование #400 ═══
2026-04-01 17:14:02 | INFO     | scanner:_scan_loop:213 | Сканирование #400 завершено. Найдено сетапов: 0
2026-04-01 17:15:02 | INFO     | scanner:_scan_loop:190 | ═══ Сканирование #401 ═══
2026-04-01 17:15:06 | ERROR    | scanner:get_klines:88 | Ошибка загрузки данных XRPUSDT 240: 'x-bapi-limit-reset-timestamp'
2026-04-01 17:15:08 | ERROR    | scanner:get_klines:88 | Ошибка загрузки данных ADAUSDT 15: 'x-bapi-limit-reset-timestamp'
2026-04-01 17:15:12 | ERROR    | scanner:get_klines:88 | Ошибка загрузки данных UNIUSDT 15: 'x-bapi-limit-reset-timestamp'
2026-04-01 17:15:43 | INFO     | scanner:_scan_loop:213 | Сканирование #401 завершено. Найдено сетапов: 0
2026-04-01 17:16:43 | INFO     | scanner:_scan_loop:190 | ═══ Сканирование #402 ═══
2026-04-01 17:17:13 | INFO     | scanner:_scan_loop:213 | Сканирование #402 завершено. Найдено сетапов: 0
2026-04-01 17:18:13 | INFO     | scanner:_scan_loop:190 | ═══ Сканирование #403 ═══
2026-04-01 17:18:46 | INFO     | scanner:_scan_loop:213 | Сканирование #403 завершено. Найдено сетапов: 0
2026-04-01 17:19:46 | INFO     | scanner:_scan_loop:190 | ═══ Сканирование #404 ═══
2026-04-01 17:20:15 | INFO     | scanner:_scan_loop:213 | Сканирование #404 завершено. Найдено сетапов: 0
2026-04-01 17:21:15 | INFO     | scanner:_scan_loop:190 | ═══ Сканирование #405 ═══
2026-04-01 17:21:48 | INFO     | scanner:_scan_loop:213 | Сканирование #405 завершено. Найдено сетапов: 0
2026-04-01 17:22:48 | INFO     | scanner:_scan_loop:190 | ═══ Сканирование #406 ═══
2026-04-01 17:23:19 | INFO     | scanner:_scan_loop:213 | Сканирование #406 завершено. Найдено сетапов: 0
2026-04-01 17:24:19 | INFO     | scanner:_scan_loop:190 | ═══ Сканирование #407 ═══
2026-04-01 17:24:50 | INFO     | scanner:_scan_loop:213 | Сканирование #407 завершено. Найдено сетапов: 0
2026-04-01 17:25:50 | INFO     | scanner:_scan_loop:190 | ═══ Сканирование #408 ═══
2026-04-01 17:26:22 | INFO     | scanner:_scan_loop:213 | Сканирование #408 завершено. Найдено сетапов: 0
2026-04-01 17:27:22 | INFO     | scanner:_scan_loop:190 | ═══ Сканирование #409 ═══
2026-04-01 17:27:55 | INFO     | scanner:_scan_loop:213 | Сканирование #409 завершено. Найдено сетапов: 0
2026-04-01 17:28:55 | INFO     | scanner:_scan_loop:190 | ═══ Сканирование #410 ═══
2026-04-01 17:29:26 | INFO     | scanner:_scan_loop:213 | Сканирование #410 завершено. Найдено сетапов: 0
2026-04-01 17:30:26 | INFO     | scanner:_scan_loop:190 | ═══ Сканирование #411 ═══
2026-04-01 17:31:12 | INFO     | scanner:_scan_loop:213 | Сканирование #411 завершено. Найдено сетапов: 0
2026-04-01 17:32:12 | INFO     | scanner:_scan_loop:190 | ═══ Сканирование #412 ═══
2026-04-01 17:32:49 | INFO     | scanner:_scan_loop:213 | Сканирование #412 завершено. Найдено сетапов: 0
2026-04-01 17:33:49 | INFO     | scanner:_scan_loop:190 | ═══ Сканирование #413 ═══
2026-04-01 17:34:23 | INFO     | scanner:_scan_loop:213 | Сканирование #413 завершено. Найдено сетапов: 0
2026-04-01 17:35:23 | INFO     | scanner:_scan_loop:190 | ═══ Сканирование #414 ═══
2026-04-01 17:35:57 | INFO     | scanner:_scan_loop:213 | Сканирование #414 завершено. Найдено сетапов: 0
2026-04-01 17:36:57 | INFO     | scanner:_scan_loop:190 | ═══ Сканирование #415 ═══
2026-04-01 17:37:30 | INFO     | scanner:_scan_loop:213 | Сканирование #415 завершено. Найдено сетапов: 0
2026-04-01 17:38:30 | INFO     | scanner:_scan_loop:190 | ═══ Сканирование #416 ═══
2026-04-01 17:39:05 | INFO     | scanner:_scan_loop:213 | Сканирование #416 завершено. Найдено сетапов: 0
2026-04-01 17:40:05 | INFO     | scanner:_scan_loop:190 | ═══ Сканирование #417 ═══
2026-04-01 17:40:38 | INFO     | scanner:_scan_loop:213 | Сканирование #417 завершено. Найдено сетапов: 1
2026-04-01 17:41:38 | INFO     | scanner:_scan_loop:190 | ═══ Сканирование #418 ═══
2026-04-01 17:42:11 | INFO     | scanner:_scan_loop:213 | Сканирование #418 завершено. Найдено сетапов: 1
2026-04-01 17:43:11 | INFO     | scanner:_scan_loop:190 | ═══ Сканирование #419 ═══
2026-04-01 17:43:42 | INFO     | scanner:_scan_loop:213 | Сканирование #419 завершено. Найдено сетапов: 1
2026-04-01 17:44:42 | INFO     | scanner:_scan_loop:190 | ═══ Сканирование #420 ═══
2026-04-01 17:45:08 | ERROR    | scanner:get_klines:88 | Ошибка загрузки данных TRXUSDT 5: 'x-bapi-limit-reset-timestamp'
2026-04-01 17:45:11 | ERROR    | scanner:get_klines:88 | Ошибка загрузки данных SNXUSDT 5: 'x-bapi-limit-reset-timestamp'
2026-04-01 17:45:16 | ERROR    | scanner:get_klines:88 | Ошибка загрузки данных BLURUSDT 5: 'x-bapi-limit-reset-timestamp'
2026-04-01 17:45:18 | INFO     | scanner:_scan_loop:213 | Сканирование #420 завершено. Найдено сетапов: 0
2026-04-01 17:46:18 | INFO     | scanner:_scan_loop:190 | ═══ Сканирование #421 ═══
2026-04-01 17:47:00 | INFO     | scanner:_scan_loop:213 | Сканирование #421 завершено. Найдено сетапов: 1
2026-04-01 17:48:00 | INFO     | scanner:_scan_loop:190 | ═══ Сканирование #422 ═══
2026-04-01 17:48:33 | INFO     | scanner:_scan_loop:213 | Сканирование #422 завершено. Найдено сетапов: 1
2026-04-01 17:49:33 | INFO     | scanner:_scan_loop:190 | ═══ Сканирование #423 ═══
2026-04-01 17:50:08 | INFO     | scanner:_scan_loop:213 | Сканирование #423 завершено. Найдено сетапов: 1
2026-04-01 17:51:08 | INFO     | scanner:_scan_loop:190 | ═══ Сканирование #424 ═══
2026-04-01 17:51:39 | INFO     | scanner:_scan_loop:213 | Сканирование #424 завершено. Найдено сетапов: 1
2026-04-01 17:52:39 | INFO     | scanner:_scan_loop:190 | ═══ Сканирование #425 ═══
2026-04-01 17:53:13 | INFO     | scanner:_scan_loop:213 | Сканирование #425 завершено. Найдено сетапов: 1
2026-04-01 17:54:13 | INFO     | scanner:_scan_loop:190 | ═══ Сканирование #426 ═══
2026-04-01 17:54:45 | INFO     | scanner:_scan_loop:213 | Сканирование #426 завершено. Найдено сетапов: 1
2026-04-01 17:55:45 | INFO     | scanner:_scan_loop:190 | ═══ Сканирование #427 ═══
2026-04-01 17:56:16 | INFO     | scanner:_scan_loop:213 | Сканирование #427 завершено. Найдено сетапов: 1
2026-04-01 17:57:16 | INFO     | scanner:_scan_loop:190 | ═══ Сканирование #428 ═══
2026-04-01 17:57:47 | INFO     | scanner:_scan_loop:213 | Сканирование #428 завершено. Найдено сетапов: 1
2026-04-01 17:58:47 | INFO     | scanner:_scan_loop:190 | ═══ Сканирование #429 ═══
2026-04-01 17:59:20 | INFO     | scanner:_scan_loop:213 | Сканирование #429 завершено. Найдено сетапов: 1
2026-04-01 18:00:20 | INFO     | scanner:_scan_loop:190 | ═══ Сканирование #430 ═══
2026-04-01 18:00:21 | ERROR    | scanner:get_klines:88 | Ошибка загрузки данных BTCUSDT 15: 'x-bapi-limit-reset-timestamp'
2026-04-01 18:00:26 | ERROR    | scanner:get_klines:88 | Ошибка загрузки данных AVAXUSDT 15: 'x-bapi-limit-reset-timestamp'
2026-04-01 18:00:50 | INFO     | scanner:_scan_loop:213 | Сканирование #430 завершено. Найдено сетапов: 1
2026-04-01 18:01:50 | INFO     | scanner:_scan_loop:190 | ═══ Сканирование #431 ═══
2026-04-01 18:02:36 | INFO     | scanner:_scan_loop:213 | Сканирование #431 завершено. Найдено сетапов: 1
2026-04-01 18:03:36 | INFO     | scanner:_scan_loop:190 | ═══ Сканирование #432 ═══
2026-04-01 18:04:10 | INFO     | scanner:_scan_loop:213 | Сканирование #432 завершено. Найдено сетапов: 1
2026-04-01 18:05:10 | INFO     | scanner:_scan_loop:190 | ═══ Сканирование #433 ═══
2026-04-01 18:05:46 | INFO     | scanner:_scan_loop:213 | Сканирование #433 завершено. Найдено сетапов: 1
2026-04-01 18:06:46 | INFO     | scanner:_scan_loop:190 | ═══ Сканирование #434 ═══
2026-04-01 18:07:18 | INFO     | scanner:_scan_loop:213 | Сканирование #434 завершено. Найдено сетапов: 1
2026-04-01 18:08:18 | INFO     | scanner:_scan_loop:190 | ═══ Сканирование #435 ═══
2026-04-01 18:08:50 | INFO     | scanner:_scan_loop:213 | Сканирование #435 завершено. Найдено сетапов: 1
2026-04-01 18:09:50 | INFO     | scanner:_scan_loop:190 | ═══ Сканирование #436 ═══
2026-04-01 18:10:24 | INFO     | scanner:_scan_loop:213 | Сканирование #436 завершено. Найдено сетапов: 1
2026-04-01 18:11:24 | INFO     | scanner:_scan_loop:190 | ═══ Сканирование #437 ═══
2026-04-01 18:11:55 | INFO     | scanner:_scan_loop:213 | Сканирование #437 завершено. Найдено сетапов: 1
2026-04-01 18:12:55 | INFO     | scanner:_scan_loop:190 | ═══ Сканирование #438 ═══
2026-04-01 18:13:29 | INFO     | scanner:_scan_loop:213 | Сканирование #438 завершено. Найдено сетапов: 1
2026-04-01 18:14:29 | INFO     | scanner:_scan_loop:190 | ═══ Сканирование #439 ═══
2026-04-01 18:15:03 | INFO     | scanner:_scan_loop:213 | Сканирование #439 завершено. Найдено сетапов: 1
2026-04-01 18:16:03 | INFO     | scanner:_scan_loop:190 | ═══ Сканирование #440 ═══
2026-04-01 18:16:35 | INFO     | scanner:_scan_loop:213 | Сканирование #440 завершено. Найдено сетапов: 1
2026-04-01 18:17:35 | INFO     | scanner:_scan_loop:190 | ═══ Сканирование #441 ═══
2026-04-01 18:18:15 | INFO     | scanner:_scan_loop:213 | Сканирование #441 завершено. Найдено сетапов: 1
2026-04-01 18:19:15 | INFO     | scanner:_scan_loop:190 | ═══ Сканирование #442 ═══
2026-04-01 18:19:49 | INFO     | scanner:_scan_loop:213 | Сканирование #442 завершено. Найдено сетапов: 1
2026-04-01 18:20:49 | INFO     | scanner:_scan_loop:190 | ═══ Сканирование #443 ═══
2026-04-01 18:21:19 | INFO     | scanner:_scan_loop:213 | Сканирование #443 завершено. Найдено сетапов: 1
2026-04-01 18:22:19 | INFO     | scanner:_scan_loop:190 | ═══ Сканирование #444 ═══
2026-04-01 18:22:52 | INFO     | scanner:_scan_loop:213 | Сканирование #444 завершено. Найдено сетапов: 1
2026-04-01 18:23:52 | INFO     | scanner:_scan_loop:190 | ═══ Сканирование #445 ═══
2026-04-01 18:24:24 | INFO     | scanner:_scan_loop:213 | Сканирование #445 завершено. Найдено сетапов: 1
2026-04-01 18:25:24 | INFO     | scanner:_scan_loop:190 | ═══ Сканирование #446 ═══
2026-04-01 18:25:58 | INFO     | scanner:_scan_loop:213 | Сканирование #446 завершено. Найдено сетапов: 1
2026-04-01 18:26:58 | INFO     | scanner:_scan_loop:190 | ═══ Сканирование #447 ═══
2026-04-01 18:27:31 | INFO     | scanner:_scan_loop:213 | Сканирование #447 завершено. Найдено сетапов: 1
2026-04-01 18:28:31 | INFO     | scanner:_scan_loop:190 | ═══ Сканирование #448 ═══
2026-04-01 18:29:03 | INFO     | scanner:_scan_loop:213 | Сканирование #448 завершено. Найдено сетапов: 1
2026-04-01 18:30:03 | INFO     | scanner:_scan_loop:190 | ═══ Сканирование #449 ═══
2026-04-01 18:30:06 | ERROR    | scanner:get_klines:88 | Ошибка загрузки данных BNBUSDT 5: 'x-bapi-limit-reset-timestamp'
2026-04-01 18:30:07 | ERROR    | scanner:get_klines:88 | Ошибка загрузки данных DOGEUSDT 5: 'x-bapi-limit-reset-timestamp'
2026-04-01 18:30:08 | ERROR    | scanner:get_klines:88 | Ошибка загрузки данных AVAXUSDT 5: 'x-bapi-limit-reset-timestamp'
2026-04-01 18:30:10 | ERROR    | scanner:get_klines:88 | Ошибка загрузки данных LINKUSDT 5: 'x-bapi-limit-reset-timestamp'
2026-04-01 18:30:11 | ERROR    | scanner:get_klines:88 | Ошибка загрузки данных ATOMUSDT 5: 'x-bapi-limit-reset-timestamp'
2026-04-01 18:30:19 | ERROR    | scanner:get_klines:88 | Ошибка загрузки данных SEIUSDT 5: 'x-bapi-limit-reset-timestamp'
2026-04-01 18:30:35 | INFO     | scanner:_scan_loop:213 | Сканирование #449 завершено. Найдено сетапов: 1
2026-04-01 18:31:35 | INFO     | scanner:_scan_loop:190 | ═══ Сканирование #450 ═══
2026-04-01 18:32:08 | INFO     | scanner:_scan_loop:213 | Сканирование #450 завершено. Найдено сетапов: 1
2026-04-01 18:33:08 | INFO     | scanner:_scan_loop:190 | ═══ Сканирование #451 ═══
2026-04-01 18:33:53 | INFO     | scanner:_scan_loop:213 | Сканирование #451 завершено. Найдено сетапов: 1
2026-04-01 18:34:53 | INFO     | scanner:_scan_loop:190 | ═══ Сканирование #452 ═══
2026-04-01 18:35:26 | INFO     | scanner:_scan_loop:213 | Сканирование #452 завершено. Найдено сетапов: 1
2026-04-01 18:36:26 | INFO     | scanner:_scan_loop:190 | ═══ Сканирование #453 ═══
2026-04-01 18:37:00 | INFO     | scanner:_scan_loop:213 | Сканирование #453 завершено. Найдено сетапов: 1
2026-04-01 18:38:00 | INFO     | scanner:_scan_loop:190 | ═══ Сканирование #454 ═══
2026-04-01 18:38:30 | INFO     | scanner:_scan_loop:213 | Сканирование #454 завершено. Найдено сетапов: 1
2026-04-01 18:39:30 | INFO     | scanner:_scan_loop:190 | ═══ Сканирование #455 ═══
2026-04-01 18:40:05 | INFO     | scanner:_scan_loop:213 | Сканирование #455 завершено. Найдено сетапов: 1
2026-04-01 18:41:05 | INFO     | scanner:_scan_loop:190 | ═══ Сканирование #456 ═══
2026-04-01 18:41:36 | INFO     | scanner:_scan_loop:213 | Сканирование #456 завершено. Найдено сетапов: 1
2026-04-01 18:42:36 | INFO     | scanner:_scan_loop:190 | ═══ Сканирование #457 ═══
2026-04-01 18:43:07 | INFO     | scanner:_scan_loop:213 | Сканирование #457 завершено. Найдено сетапов: 1
2026-04-01 18:44:07 | INFO     | scanner:_scan_loop:190 | ═══ Сканирование #458 ═══
2026-04-01 18:44:40 | INFO     | scanner:_scan_loop:213 | Сканирование #458 завершено. Найдено сетапов: 1
2026-04-01 18:45:40 | INFO     | scanner:_scan_loop:190 | ═══ Сканирование #459 ═══
2026-04-01 18:46:12 | INFO     | scanner:_scan_loop:213 | Сканирование #459 завершено. Найдено сетапов: 1
2026-04-01 18:47:12 | INFO     | scanner:_scan_loop:190 | ═══ Сканирование #460 ═══
2026-04-01 18:47:42 | INFO     | scanner:_scan_loop:213 | Сканирование #460 завершено. Найдено сетапов: 1
2026-04-01 18:48:42 | INFO     | scanner:_scan_loop:190 | ═══ Сканирование #461 ═══
2026-04-01 18:49:23 | INFO     | scanner:_scan_loop:213 | Сканирование #461 завершено. Найдено сетапов: 1
2026-04-01 18:50:23 | INFO     | scanner:_scan_loop:190 | ═══ Сканирование #462 ═══
2026-04-01 18:50:58 | INFO     | scanner:_scan_loop:213 | Сканирование #462 завершено. Найдено сетапов: 1
2026-04-01 18:51:58 | INFO     | scanner:_scan_loop:190 | ═══ Сканирование #463 ═══
2026-04-01 18:52:31 | INFO     | scanner:_scan_loop:213 | Сканирование #463 завершено. Найдено сетапов: 1
2026-04-01 18:53:31 | INFO     | scanner:_scan_loop:190 | ═══ Сканирование #464 ═══
2026-04-01 18:54:06 | INFO     | scanner:_scan_loop:213 | Сканирование #464 завершено. Найдено сетапов: 1
2026-04-01 18:55:06 | INFO     | scanner:_scan_loop:190 | ═══ Сканирование #465 ═══
2026-04-01 18:55:40 | INFO     | scanner:_scan_loop:213 | Сканирование #465 завершено. Найдено сетапов: 1
2026-04-01 18:56:40 | INFO     | scanner:_scan_loop:190 | ═══ Сканирование #466 ═══
2026-04-01 18:57:12 | INFO     | scanner:_scan_loop:213 | Сканирование #466 завершено. Найдено сетапов: 1
2026-04-01 18:58:12 | INFO     | scanner:_scan_loop:190 | ═══ Сканирование #467 ═══
2026-04-01 18:58:46 | INFO     | scanner:_scan_loop:213 | Сканирование #467 завершено. Найдено сетапов: 1
2026-04-01 18:59:46 | INFO     | scanner:_scan_loop:190 | ═══ Сканирование #468 ═══
2026-04-01 19:00:03 | ERROR    | scanner:get_klines:88 | Ошибка загрузки данных SEIUSDT 15: 'x-bapi-limit-reset-timestamp'
2026-04-01 19:00:03 | ERROR    | scanner:get_klines:88 | Ошибка загрузки данных SEIUSDT 5: 'x-bapi-limit-reset-timestamp'
2026-04-01 19:00:07 | ERROR    | scanner:get_klines:88 | Ошибка загрузки данных ORDIUSDT 15: 'x-bapi-limit-reset-timestamp'
2026-04-01 19:00:08 | ERROR    | scanner:get_klines:88 | Ошибка загрузки данных STXUSDT 5: 'x-bapi-limit-reset-timestamp'
2026-04-01 19:00:19 | ERROR    | scanner:get_klines:88 | Ошибка загрузки данных STRKUSDT 5: 'x-bapi-limit-reset-timestamp'
2026-04-01 19:00:21 | INFO     | scanner:_scan_loop:213 | Сканирование #468 завершено. Найдено сетапов: 1
2026-04-01 19:01:21 | INFO     | scanner:_scan_loop:190 | ═══ Сканирование #469 ═══
2026-04-01 19:01:52 | INFO     | scanner:_scan_loop:213 | Сканирование #469 завершено. Найдено сетапов: 1
2026-04-01 19:02:52 | INFO     | scanner:_scan_loop:190 | ═══ Сканирование #470 ═══
2026-04-01 19:03:24 | INFO     | scanner:_scan_loop:213 | Сканирование #470 завершено. Найдено сетапов: 1
2026-04-01 19:04:24 | INFO     | scanner:_scan_loop:190 | ═══ Сканирование #471 ═══
2026-04-01 19:05:04 | INFO     | scanner:_scan_loop:213 | Сканирование #471 завершено. Найдено сетапов: 1
2026-04-01 19:06:04 | INFO     | scanner:_scan_loop:190 | ═══ Сканирование #472 ═══
2026-04-01 19:06:41 | INFO     | scanner:_scan_loop:213 | Сканирование #472 завершено. Найдено сетапов: 1
2026-04-01 19:07:41 | INFO     | scanner:_scan_loop:190 | ═══ Сканирование #473 ═══
2026-04-01 19:08:13 | INFO     | scanner:_scan_loop:213 | Сканирование #473 завершено. Найдено сетапов: 1
2026-04-01 19:09:13 | INFO     | scanner:_scan_loop:190 | ═══ Сканирование #474 ═══
2026-04-01 19:09:44 | INFO     | scanner:_scan_loop:213 | Сканирование #474 завершено. Найдено сетапов: 0
2026-04-01 19:10:44 | INFO     | scanner:_scan_loop:190 | ═══ Сканирование #475 ═══
2026-04-01 19:11:15 | INFO     | scanner:_scan_loop:213 | Сканирование #475 завершено. Найдено сетапов: 0
2026-04-01 19:12:15 | INFO     | scanner:_scan_loop:190 | ═══ Сканирование #476 ═══
2026-04-01 19:12:48 | INFO     | scanner:_scan_loop:213 | Сканирование #476 завершено. Найдено сетапов: 1
2026-04-01 19:13:48 | INFO     | scanner:_scan_loop:190 | ═══ Сканирование #477 ═══
2026-04-01 19:14:18 | INFO     | scanner:_scan_loop:213 | Сканирование #477 завершено. Найдено сетапов: 1
2026-04-01 19:15:18 | INFO     | scanner:_scan_loop:190 | ═══ Сканирование #478 ═══
2026-04-01 19:15:49 | INFO     | scanner:_scan_loop:213 | Сканирование #478 завершено. Найдено сетапов: 1
2026-04-01 19:16:49 | INFO     | scanner:_scan_loop:190 | ═══ Сканирование #479 ═══
2026-04-01 19:17:24 | INFO     | scanner:_scan_loop:213 | Сканирование #479 завершено. Найдено сетапов: 1
2026-04-01 19:18:24 | INFO     | scanner:_scan_loop:190 | ═══ Сканирование #480 ═══
2026-04-01 19:19:01 | INFO     | scanner:_scan_loop:213 | Сканирование #480 завершено. Найдено сетапов: 1
2026-04-01 19:20:01 | INFO     | scanner:_scan_loop:190 | ═══ Сканирование #481 ═══
2026-04-01 19:20:11 | ERROR    | scanner:get_klines:88 | Ошибка загрузки данных ATOMUSDT 240: 'x-bapi-limit-reset-timestamp'
2026-04-01 19:20:45 | INFO     | scanner:_scan_loop:213 | Сканирование #481 завершено. Найдено сетапов: 1
2026-04-01 19:21:45 | INFO     | scanner:_scan_loop:190 | ═══ Сканирование #482 ═══
2026-04-01 19:22:16 | INFO     | scanner:_scan_loop:213 | Сканирование #482 завершено. Найдено сетапов: 1
2026-04-01 19:23:16 | INFO     | scanner:_scan_loop:190 | ═══ Сканирование #483 ═══
2026-04-01 19:23:53 | INFO     | scanner:_scan_loop:213 | Сканирование #483 завершено. Найдено сетапов: 1
2026-04-01 19:24:53 | INFO     | scanner:_scan_loop:190 | ═══ Сканирование #484 ═══
2026-04-01 19:25:29 | INFO     | scanner:_scan_loop:213 | Сканирование #484 завершено. Найдено сетапов: 1
2026-04-01 19:26:29 | INFO     | scanner:_scan_loop:190 | ═══ Сканирование #485 ═══
2026-04-01 19:27:01 | INFO     | scanner:_scan_loop:213 | Сканирование #485 завершено. Найдено сетапов: 1
2026-04-01 19:28:01 | INFO     | scanner:_scan_loop:190 | ═══ Сканирование #486 ═══
2026-04-01 19:28:33 | INFO     | scanner:_scan_loop:213 | Сканирование #486 завершено. Найдено сетапов: 1
2026-04-01 19:29:33 | INFO     | scanner:_scan_loop:190 | ═══ Сканирование #487 ═══
2026-04-01 19:30:04 | ERROR    | scanner:get_klines:88 | Ошибка загрузки данных GMXUSDT 15: 'x-bapi-limit-reset-timestamp'
2026-04-01 19:30:04 | ERROR    | scanner:get_klines:88 | Ошибка загрузки данных GMXUSDT 5: 'x-bapi-limit-reset-timestamp'
2026-04-01 19:30:05 | ERROR    | scanner:get_klines:88 | Ошибка загрузки данных PENDLEUSDT 15: 'x-bapi-limit-reset-timestamp'
2026-04-01 19:30:10 | INFO     | scanner:_scan_loop:213 | Сканирование #487 завершено. Найдено сетапов: 1
2026-04-01 19:31:10 | INFO     | scanner:_scan_loop:190 | ═══ Сканирование #488 ═══
2026-04-01 19:31:43 | INFO     | scanner:_scan_loop:213 | Сканирование #488 завершено. Найдено сетапов: 1
2026-04-01 19:32:43 | INFO     | scanner:_scan_loop:190 | ═══ Сканирование #489 ═══
2026-04-01 19:33:16 | INFO     | scanner:_scan_loop:213 | Сканирование #489 завершено. Найдено сетапов: 1
2026-04-01 19:34:16 | INFO     | scanner:_scan_loop:190 | ═══ Сканирование #490 ═══
2026-04-01 19:34:48 | INFO     | scanner:_scan_loop:213 | Сканирование #490 завершено. Найдено сетапов: 1
2026-04-01 19:35:48 | INFO     | scanner:_scan_loop:190 | ═══ Сканирование #491 ═══
2026-04-01 19:36:39 | INFO     | scanner:_scan_loop:213 | Сканирование #491 завершено. Найдено сетапов: 1
2026-04-01 19:37:39 | INFO     | scanner:_scan_loop:190 | ═══ Сканирование #492 ═══
2026-04-01 19:38:12 | INFO     | scanner:_scan_loop:213 | Сканирование #492 завершено. Найдено сетапов: 1
2026-04-01 19:39:12 | INFO     | scanner:_scan_loop:190 | ═══ Сканирование #493 ═══
2026-04-01 19:39:46 | INFO     | scanner:_scan_loop:213 | Сканирование #493 завершено. Найдено сетапов: 1
2026-04-01 19:40:46 | INFO     | scanner:_scan_loop:190 | ═══ Сканирование #494 ═══
2026-04-01 19:41:20 | INFO     | scanner:_scan_loop:213 | Сканирование #494 завершено. Найдено сетапов: 1
2026-04-01 19:42:20 | INFO     | scanner:_scan_loop:190 | ═══ Сканирование #495 ═══
2026-04-01 19:43:02 | INFO     | scanner:_scan_loop:213 | Сканирование #495 завершено. Найдено сетапов: 1
2026-04-01 19:44:02 | INFO     | scanner:_scan_loop:190 | ═══ Сканирование #496 ═══
2026-04-01 19:44:35 | INFO     | scanner:_scan_loop:213 | Сканирование #496 завершено. Найдено сетапов: 1
2026-04-01 19:45:35 | INFO     | scanner:_scan_loop:190 | ═══ Сканирование #497 ═══
2026-04-01 19:46:10 | INFO     | scanner:_scan_loop:213 | Сканирование #497 завершено. Найдено сетапов: 1
2026-04-01 19:47:10 | INFO     | scanner:_scan_loop:190 | ═══ Сканирование #498 ═══
2026-04-01 19:47:43 | INFO     | scanner:_scan_loop:213 | Сканирование #498 завершено. Найдено сетапов: 1
2026-04-01 19:48:43 | INFO     | scanner:_scan_loop:190 | ═══ Сканирование #499 ═══
2026-04-01 19:49:13 | INFO     | scanner:_scan_loop:213 | Сканирование #499 завершено. Найдено сетапов: 1
2026-04-01 19:50:14 | INFO     | scanner:_scan_loop:190 | ═══ Сканирование #500 ═══
2026-04-01 19:50:48 | INFO     | scanner:_scan_loop:213 | Сканирование #500 завершено. Найдено сетапов: 1
2026-04-01 19:51:48 | INFO     | scanner:_scan_loop:190 | ═══ Сканирование #501 ═══
2026-04-01 19:52:31 | INFO     | scanner:_scan_loop:213 | Сканирование #501 завершено. Найдено сетапов: 1
2026-04-01 19:53:31 | INFO     | scanner:_scan_loop:190 | ═══ Сканирование #502 ═══
2026-04-01 19:54:03 | INFO     | scanner:_scan_loop:213 | Сканирование #502 завершено. Найдено сетапов: 1
2026-04-01 19:55:04 | INFO     | scanner:_scan_loop:190 | ═══ Сканирование #503 ═══
2026-04-01 19:55:37 | INFO     | scanner:_scan_loop:213 | Сканирование #503 завершено. Найдено сетапов: 1
2026-04-01 19:56:37 | INFO     | scanner:_scan_loop:190 | ═══ Сканирование #504 ═══
2026-04-01 19:57:09 | INFO     | scanner:_scan_loop:213 | Сканирование #504 завершено. Найдено сетапов: 1
2026-04-01 19:58:09 | INFO     | scanner:_scan_loop:190 | ═══ Сканирование #505 ═══
2026-04-01 19:58:43 | INFO     | scanner:_scan_loop:213 | Сканирование #505 завершено. Найдено сетапов: 1
2026-04-01 19:59:43 | INFO     | scanner:_scan_loop:190 | ═══ Сканирование #506 ═══
2026-04-01 20:00:02 | ERROR    | scanner:get_klines:88 | Ошибка загрузки данных SEIUSDT 5: 'x-bapi-limit-reset-timestamp'
2026-04-01 20:00:08 | ERROR    | scanner:get_klines:88 | Ошибка загрузки данных MANTAUSDT 15: 'x-bapi-limit-reset-timestamp'
2026-04-01 20:00:21 | INFO     | scanner:_scan_loop:213 | Сканирование #506 завершено. Найдено сетапов: 1
2026-04-01 20:01:21 | INFO     | scanner:_scan_loop:190 | ═══ Сканирование #507 ═══
2026-04-01 20:02:12 | INFO     | scanner:_scan_loop:213 | Сканирование #507 завершено. Найдено сетапов: 1
2026-04-01 20:03:12 | INFO     | scanner:_scan_loop:190 | ═══ Сканирование #508 ═══
2026-04-01 20:03:52 | INFO     | scanner:_scan_loop:213 | Сканирование #508 завершено. Найдено сетапов: 1
2026-04-01 20:04:52 | INFO     | scanner:_scan_loop:190 | ═══ Сканирование #509 ═══
2026-04-01 20:05:05 | ERROR    | scanner:get_klines:88 | Ошибка загрузки данных OPUSDT 15: 'x-bapi-limit-reset-timestamp'
2026-04-01 20:05:07 | ERROR    | scanner:get_klines:88 | Ошибка загрузки данных INJUSDT 15: 'x-bapi-limit-reset-timestamp'
2026-04-01 20:05:28 | INFO     | scanner:_scan_loop:213 | Сканирование #509 завершено. Найдено сетапов: 1
2026-04-01 20:06:28 | INFO     | scanner:_scan_loop:190 | ═══ Сканирование #510 ═══
2026-04-01 20:07:07 | INFO     | scanner:_scan_loop:213 | Сканирование #510 завершено. Найдено сетапов: 1
2026-04-01 20:08:07 | INFO     | scanner:_scan_loop:190 | ═══ Сканирование #511 ═══
2026-04-01 20:08:58 | INFO     | scanner:_scan_loop:213 | Сканирование #511 завершено. Найдено сетапов: 1
2026-04-01 20:09:58 | INFO     | scanner:_scan_loop:190 | ═══ Сканирование #512 ═══
2026-04-01 20:10:46 | INFO     | scanner:_scan_loop:213 | Сканирование #512 завершено. Найдено сетапов: 1
2026-04-01 20:11:46 | INFO     | scanner:_scan_loop:190 | ═══ Сканирование #513 ═══
2026-04-01 20:12:27 | INFO     | scanner:_scan_loop:213 | Сканирование #513 завершено. Найдено сетапов: 1
2026-04-01 20:13:27 | INFO     | scanner:_scan_loop:190 | ═══ Сканирование #514 ═══
2026-04-01 20:14:09 | INFO     | scanner:_scan_loop:213 | Сканирование #514 завершено. Найдено сетапов: 1
2026-04-01 20:15:09 | INFO     | scanner:_scan_loop:190 | ═══ Сканирование #515 ═══
2026-04-01 20:15:12 | ERROR    | scanner:get_klines:88 | Ошибка загрузки данных ETHUSDT 15: 'x-bapi-limit-reset-timestamp'
2026-04-01 20:15:48 | INFO     | scanner:_scan_loop:213 | Сканирование #515 завершено. Найдено сетапов: 1
2026-04-01 20:16:48 | INFO     | scanner:_scan_loop:190 | ═══ Сканирование #516 ═══
2026-04-01 20:17:31 | DEBUG    | telegram_bot:send_message:50 | Сообщение отправлено в Telegram
2026-04-01 20:17:31 | INFO     | scanner:_scan_loop:213 | Сканирование #516 завершено. Найдено сетапов: 2
2026-04-01 20:18:31 | INFO     | scanner:_scan_loop:190 | ═══ Сканирование #517 ═══
2026-04-01 20:19:15 | INFO     | scanner:_scan_loop:213 | Сканирование #517 завершено. Найдено сетапов: 2
2026-04-01 20:20:15 | INFO     | scanner:_scan_loop:190 | ═══ Сканирование #518 ═══
2026-04-01 20:21:02 | INFO     | scanner:_scan_loop:213 | Сканирование #518 завершено. Найдено сетапов: 2
2026-04-01 20:22:02 | INFO     | scanner:_scan_loop:190 | ═══ Сканирование #519 ═══
2026-04-01 20:22:47 | INFO     | scanner:_scan_loop:213 | Сканирование #519 завершено. Найдено сетапов: 2
2026-04-01 20:23:47 | INFO     | scanner:_scan_loop:190 | ═══ Сканирование #520 ═══
2026-04-01 20:24:46 | INFO     | scanner:_scan_loop:213 | Сканирование #520 завершено. Найдено сетапов: 2
2026-04-01 20:25:46 | INFO     | scanner:_scan_loop:190 | ═══ Сканирование #521 ═══
2026-04-01 20:26:29 | INFO     | scanner:_scan_loop:213 | Сканирование #521 завершено. Найдено сетапов: 2
2026-04-01 20:27:29 | INFO     | scanner:_scan_loop:190 | ═══ Сканирование #522 ═══
2026-04-01 20:28:06 | INFO     | scanner:_scan_loop:213 | Сканирование #522 завершено. Найдено сетапов: 2
2026-04-01 20:29:06 | INFO     | scanner:_scan_loop:190 | ═══ Сканирование #523 ═══
2026-04-01 20:29:43 | INFO     | scanner:_scan_loop:213 | Сканирование #523 завершено. Найдено сетапов: 2
2026-04-01 20:30:43 | INFO     | scanner:_scan_loop:190 | ═══ Сканирование #524 ═══
2026-04-01 20:31:25 | INFO     | scanner:_scan_loop:213 | Сканирование #524 завершено. Найдено сетапов: 2
2026-04-01 20:32:25 | INFO     | scanner:_scan_loop:190 | ═══ Сканирование #525 ═══
2026-04-01 20:33:09 | INFO     | scanner:_scan_loop:213 | Сканирование #525 завершено. Найдено сетапов: 2
2026-04-01 20:34:09 | INFO     | scanner:_scan_loop:190 | ═══ Сканирование #526 ═══
2026-04-01 20:34:47 | INFO     | scanner:_scan_loop:213 | Сканирование #526 завершено. Найдено сетапов: 2
2026-04-01 20:35:47 | INFO     | scanner:_scan_loop:190 | ═══ Сканирование #527 ═══
2026-04-01 20:36:20 | INFO     | scanner:_scan_loop:213 | Сканирование #527 завершено. Найдено сетапов: 2
2026-04-01 20:37:20 | INFO     | scanner:_scan_loop:190 | ═══ Сканирование #528 ═══
2026-04-01 20:37:55 | INFO     | scanner:_scan_loop:213 | Сканирование #528 завершено. Найдено сетапов: 2
2026-04-01 20:38:55 | INFO     | scanner:_scan_loop:190 | ═══ Сканирование #529 ═══
2026-04-01 20:39:35 | INFO     | scanner:_scan_loop:213 | Сканирование #529 завершено. Найдено сетапов: 2
2026-04-01 20:40:35 | INFO     | scanner:_scan_loop:190 | ═══ Сканирование #530 ═══
2026-04-01 20:41:14 | INFO     | scanner:_scan_loop:213 | Сканирование #530 завершено. Найдено сетапов: 2
2026-04-01 20:42:14 | INFO     | scanner:_scan_loop:190 | ═══ Сканирование #531 ═══
2026-04-01 20:42:46 | INFO     | scanner:_scan_loop:213 | Сканирование #531 завершено. Найдено сетапов: 2
2026-04-01 20:43:46 | INFO     | scanner:_scan_loop:190 | ═══ Сканирование #532 ═══
2026-04-01 20:44:20 | INFO     | scanner:_scan_loop:213 | Сканирование #532 завершено. Найдено сетапов: 2
2026-04-01 20:45:20 | INFO     | scanner:_scan_loop:190 | ═══ Сканирование #533 ═══
2026-04-01 20:45:54 | INFO     | scanner:_scan_loop:213 | Сканирование #533 завершено. Найдено сетапов: 3
2026-04-01 20:46:54 | INFO     | scanner:_scan_loop:190 | ═══ Сканирование #534 ═══
2026-04-01 20:47:28 | INFO     | scanner:_scan_loop:213 | Сканирование #534 завершено. Найдено сетапов: 3
2026-04-01 20:48:28 | INFO     | scanner:_scan_loop:190 | ═══ Сканирование #535 ═══
2026-04-01 20:49:03 | DEBUG    | telegram_bot:send_message:50 | Сообщение отправлено в Telegram
2026-04-01 20:49:03 | INFO     | scanner:_scan_loop:213 | Сканирование #535 завершено. Найдено сетапов: 3
2026-04-01 20:50:03 | INFO     | scanner:_scan_loop:190 | ═══ Сканирование #536 ═══
2026-04-01 20:50:36 | INFO     | scanner:_scan_loop:213 | Сканирование #536 завершено. Найдено сетапов: 3
2026-04-01 20:51:36 | INFO     | scanner:_scan_loop:190 | ═══ Сканирование #537 ═══
2026-04-01 20:52:11 | INFO     | scanner:_scan_loop:213 | Сканирование #537 завершено. Найдено сетапов: 3
2026-04-01 20:53:11 | INFO     | scanner:_scan_loop:190 | ═══ Сканирование #538 ═══
2026-04-01 20:53:44 | INFO     | scanner:_scan_loop:213 | Сканирование #538 завершено. Найдено сетапов: 3
2026-04-01 20:54:44 | INFO     | scanner:_scan_loop:190 | ═══ Сканирование #539 ═══
2026-04-01 20:55:12 | ERROR    | scanner:get_klines:88 | Ошибка загрузки данных IMXUSDT 5: 'x-bapi-limit-reset-timestamp'
2026-04-01 20:55:14 | ERROR    | scanner:get_klines:88 | Ошибка загрузки данных BCHUSDT 15: 'x-bapi-limit-reset-timestamp'
2026-04-01 20:55:24 | INFO     | scanner:_scan_loop:213 | Сканирование #539 завершено. Найдено сетапов: 3
2026-04-01 20:56:24 | INFO     | scanner:_scan_loop:190 | ═══ Сканирование #540 ═══
2026-04-01 20:57:00 | INFO     | scanner:_scan_loop:213 | Сканирование #540 завершено. Найдено сетапов: 3
2026-04-01 20:58:00 | INFO     | scanner:_scan_loop:190 | ═══ Сканирование #541 ═══
2026-04-01 20:58:35 | INFO     | scanner:_scan_loop:213 | Сканирование #541 завершено. Найдено сетапов: 3
2026-04-01 20:59:35 | INFO     | scanner:_scan_loop:190 | ═══ Сканирование #542 ═══
2026-04-01 21:00:03 | ERROR    | scanner:get_klines:88 | Ошибка загрузки данных JTOUSDT 5: 'x-bapi-limit-reset-timestamp'
2026-04-01 21:00:04 | ERROR    | scanner:get_klines:88 | Ошибка загрузки данных PYTHUSDT 5: 'x-bapi-limit-reset-timestamp'
2026-04-01 21:00:06 | ERROR    | scanner:get_klines:88 | Ошибка загрузки данных LDOUSDT 15: 'x-bapi-limit-reset-timestamp'
2026-04-01 21:00:07 | INFO     | scanner:_scan_loop:213 | Сканирование #542 завершено. Найдено сетапов: 3
2026-04-01 21:01:07 | INFO     | scanner:_scan_loop:190 | ═══ Сканирование #543 ═══
2026-04-01 21:01:45 | INFO     | scanner:_scan_loop:213 | Сканирование #543 завершено. Найдено сетапов: 3
2026-04-01 21:02:45 | INFO     | scanner:_scan_loop:190 | ═══ Сканирование #544 ═══
2026-04-01 21:03:20 | ERROR    | scanner:get_klines:88 | Ошибка загрузки данных BCHUSDT 15: HTTPSConnectionPool(host='api.bybit.com', port=443): Read timed out. (read timeout=10)
2026-04-01 21:03:31 | ERROR    | scanner:get_klines:88 | Ошибка загрузки данных BCHUSDT 5: HTTPSConnectionPool(host='api.bybit.com', port=443): Max retries exceeded with url: /v5/market/kline?category=linear&interval=5&limit=500&symbol=BCHUSDT (Caused by NameResolutionError("HTTPSConnection(host='api.bybit.com', port=443): Failed to resolve 'api.bybit.com' ([Errno 11001] getaddrinfo failed)"))
2026-04-01 21:03:44 | INFO     | scanner:_scan_loop:213 | Сканирование #544 завершено. Найдено сетапов: 3
2026-04-01 21:04:44 | INFO     | scanner:_scan_loop:190 | ═══ Сканирование #545 ═══
2026-04-01 21:05:18 | INFO     | scanner:_scan_loop:213 | Сканирование #545 завершено. Найдено сетапов: 3
2026-04-01 21:06:18 | INFO     | scanner:_scan_loop:190 | ═══ Сканирование #546 ═══
2026-04-01 21:06:50 | INFO     | scanner:_scan_loop:213 | Сканирование #546 завершено. Найдено сетапов: 3
2026-04-01 21:07:50 | INFO     | scanner:_scan_loop:190 | ═══ Сканирование #547 ═══
2026-04-01 21:08:23 | INFO     | scanner:_scan_loop:213 | Сканирование #547 завершено. Найдено сетапов: 3
2026-04-01 21:09:23 | INFO     | scanner:_scan_loop:190 | ═══ Сканирование #548 ═══
2026-04-01 21:09:55 | INFO     | scanner:_scan_loop:213 | Сканирование #548 завершено. Найдено сетапов: 3
2026-04-01 21:10:55 | INFO     | scanner:_scan_loop:190 | ═══ Сканирование #549 ═══
2026-04-01 21:11:36 | INFO     | scanner:_scan_loop:213 | Сканирование #549 завершено. Найдено сетапов: 3
2026-04-01 21:12:36 | INFO     | scanner:_scan_loop:190 | ═══ Сканирование #550 ═══
2026-04-01 21:13:11 | INFO     | scanner:_scan_loop:213 | Сканирование #550 завершено. Найдено сетапов: 3
2026-04-01 21:14:11 | INFO     | scanner:_scan_loop:190 | ═══ Сканирование #551 ═══
2026-04-01 21:14:44 | INFO     | scanner:_scan_loop:213 | Сканирование #551 завершено. Найдено сетапов: 3
2026-04-01 21:15:44 | INFO     | scanner:_scan_loop:190 | ═══ Сканирование #552 ═══
2026-04-01 21:16:17 | INFO     | scanner:_scan_loop:213 | Сканирование #552 завершено. Найдено сетапов: 3
2026-04-01 21:17:17 | INFO     | scanner:_scan_loop:190 | ═══ Сканирование #553 ═══
2026-04-01 21:17:49 | INFO     | scanner:_scan_loop:213 | Сканирование #553 завершено. Найдено сетапов: 3
2026-04-01 21:18:49 | INFO     | scanner:_scan_loop:190 | ═══ Сканирование #554 ═══
2026-04-01 21:19:23 | DEBUG    | telegram_bot:send_message:50 | Сообщение отправлено в Telegram
2026-04-01 21:19:23 | INFO     | scanner:_scan_loop:213 | Сканирование #554 завершено. Найдено сетапов: 3
2026-04-01 21:20:23 | INFO     | scanner:_scan_loop:190 | ═══ Сканирование #555 ═══
2026-04-01 21:20:56 | INFO     | scanner:_scan_loop:213 | Сканирование #555 завершено. Найдено сетапов: 3
2026-04-01 21:21:56 | INFO     | scanner:_scan_loop:190 | ═══ Сканирование #556 ═══
2026-04-01 21:22:28 | INFO     | scanner:_scan_loop:213 | Сканирование #556 завершено. Найдено сетапов: 3
2026-04-01 21:23:28 | INFO     | scanner:_scan_loop:190 | ═══ Сканирование #557 ═══
2026-04-01 21:24:02 | INFO     | scanner:_scan_loop:213 | Сканирование #557 завершено. Найдено сетапов: 3
2026-04-01 21:25:02 | INFO     | scanner:_scan_loop:190 | ═══ Сканирование #558 ═══
2026-04-01 21:25:10 | ERROR    | scanner:get_klines:88 | Ошибка загрузки данных LINKUSDT 5: 'x-bapi-limit-reset-timestamp'
2026-04-01 21:25:11 | ERROR    | scanner:get_klines:88 | Ошибка загрузки данных ATOMUSDT 5: 'x-bapi-limit-reset-timestamp'
2026-04-01 21:25:33 | INFO     | scanner:_scan_loop:213 | Сканирование #558 завершено. Найдено сетапов: 3
2026-04-01 21:26:33 | INFO     | scanner:_scan_loop:190 | ═══ Сканирование #559 ═══
2026-04-01 21:27:16 | INFO     | scanner:_scan_loop:213 | Сканирование #559 завершено. Найдено сетапов: 3
2026-04-01 21:28:16 | INFO     | scanner:_scan_loop:190 | ═══ Сканирование #560 ═══
2026-04-01 21:28:53 | INFO     | scanner:_scan_loop:213 | Сканирование #560 завершено. Найдено сетапов: 3
2026-04-01 21:29:53 | INFO     | scanner:_scan_loop:190 | ═══ Сканирование #561 ═══
2026-04-01 21:30:03 | ERROR    | scanner:get_klines:88 | Ошибка загрузки данных ATOMUSDT 240: 'x-bapi-limit-reset-timestamp'
2026-04-01 21:30:04 | ERROR    | scanner:get_klines:88 | Ошибка загрузки данных ATOMUSDT 5: 'x-bapi-limit-reset-timestamp'
2026-04-01 21:30:23 | ERROR    | scanner:get_klines:88 | Ошибка загрузки данных GMXUSDT 5: 'x-bapi-limit-reset-timestamp'
2026-04-01 21:30:28 | INFO     | scanner:_scan_loop:213 | Сканирование #561 завершено. Найдено сетапов: 3
2026-04-01 21:31:28 | INFO     | scanner:_scan_loop:190 | ═══ Сканирование #562 ═══
2026-04-01 21:32:05 | INFO     | scanner:_scan_loop:213 | Сканирование #562 завершено. Найдено сетапов: 3
2026-04-01 21:33:05 | INFO     | scanner:_scan_loop:190 | ═══ Сканирование #563 ═══
2026-04-01 21:33:39 | INFO     | scanner:_scan_loop:213 | Сканирование #563 завершено. Найдено сетапов: 3
2026-04-01 21:34:39 | INFO     | scanner:_scan_loop:190 | ═══ Сканирование #564 ═══
2026-04-01 21:35:11 | INFO     | scanner:_scan_loop:213 | Сканирование #564 завершено. Найдено сетапов: 3
2026-04-01 21:36:11 | INFO     | scanner:_scan_loop:190 | ═══ Сканирование #565 ═══
2026-04-01 21:36:42 | INFO     | scanner:_scan_loop:213 | Сканирование #565 завершено. Найдено сетапов: 3
2026-04-01 21:37:42 | INFO     | scanner:_scan_loop:190 | ═══ Сканирование #566 ═══
2026-04-01 21:38:16 | INFO     | scanner:_scan_loop:213 | Сканирование #566 завершено. Найдено сетапов: 3
2026-04-01 21:39:16 | INFO     | scanner:_scan_loop:190 | ═══ Сканирование #567 ═══
2026-04-01 21:39:49 | INFO     | scanner:_scan_loop:213 | Сканирование #567 завершено. Найдено сетапов: 3
2026-04-01 21:40:49 | INFO     | scanner:_scan_loop:190 | ═══ Сканирование #568 ═══
2026-04-01 21:41:24 | INFO     | scanner:_scan_loop:213 | Сканирование #568 завершено. Найдено сетапов: 2
2026-04-01 21:42:24 | INFO     | scanner:_scan_loop:190 | ═══ Сканирование #569 ═══
2026-04-01 21:43:02 | INFO     | scanner:_scan_loop:213 | Сканирование #569 завершено. Найдено сетапов: 3
2026-04-01 21:44:02 | INFO     | scanner:_scan_loop:190 | ═══ Сканирование #570 ═══
2026-04-01 21:44:41 | INFO     | scanner:_scan_loop:213 | Сканирование #570 завершено. Найдено сетапов: 3
2026-04-01 21:45:41 | INFO     | scanner:_scan_loop:190 | ═══ Сканирование #571 ═══
2026-04-01 21:46:15 | INFO     | scanner:_scan_loop:213 | Сканирование #571 завершено. Найдено сетапов: 3
2026-04-01 21:47:15 | INFO     | scanner:_scan_loop:190 | ═══ Сканирование #572 ═══
2026-04-01 21:47:49 | INFO     | scanner:_scan_loop:213 | Сканирование #572 завершено. Найдено сетапов: 3
2026-04-01 21:48:49 | INFO     | scanner:_scan_loop:190 | ═══ Сканирование #573 ═══
2026-04-01 21:49:20 | INFO     | scanner:_scan_loop:213 | Сканирование #573 завершено. Найдено сетапов: 3
2026-04-01 21:50:20 | INFO     | scanner:_scan_loop:190 | ═══ Сканирование #574 ═══
2026-04-01 21:50:53 | INFO     | scanner:_scan_loop:213 | Сканирование #574 завершено. Найдено сетапов: 3
2026-04-01 21:51:53 | INFO     | scanner:_scan_loop:190 | ═══ Сканирование #575 ═══
2026-04-01 21:52:26 | INFO     | scanner:_scan_loop:213 | Сканирование #575 завершено. Найдено сетапов: 3
2026-04-01 21:53:26 | INFO     | scanner:_scan_loop:190 | ═══ Сканирование #576 ═══
2026-04-01 21:53:59 | INFO     | scanner:_scan_loop:213 | Сканирование #576 завершено. Найдено сетапов: 3
2026-04-01 21:54:59 | INFO     | scanner:_scan_loop:190 | ═══ Сканирование #577 ═══
2026-04-01 21:55:11 | ERROR    | scanner:get_klines:88 | Ошибка загрузки данных OPUSDT 15: 'x-bapi-limit-reset-timestamp'
2026-04-01 21:55:34 | INFO     | scanner:_scan_loop:213 | Сканирование #577 завершено. Найдено сетапов: 3
2026-04-01 21:56:34 | INFO     | scanner:_scan_loop:190 | ═══ Сканирование #578 ═══
2026-04-01 21:57:06 | INFO     | scanner:_scan_loop:213 | Сканирование #578 завершено. Найдено сетапов: 3
2026-04-01 21:58:06 | INFO     | scanner:_scan_loop:190 | ═══ Сканирование #579 ═══
2026-04-01 21:58:43 | INFO     | scanner:_scan_loop:213 | Сканирование #579 завершено. Найдено сетапов: 3
2026-04-01 21:59:43 | INFO     | scanner:_scan_loop:190 | ═══ Сканирование #580 ═══
2026-04-01 22:00:04 | ERROR    | scanner:get_klines:88 | Ошибка загрузки данных IMXUSDT 5: 'x-bapi-limit-reset-timestamp'
2026-04-01 22:00:06 | ERROR    | scanner:get_klines:88 | Ошибка загрузки данных TRXUSDT 5: 'x-bapi-limit-reset-timestamp'
2026-04-01 22:00:07 | ERROR    | scanner:get_klines:88 | Ошибка загрузки данных ETCUSDT 15: 'x-bapi-limit-reset-timestamp'
2026-04-01 22:00:09 | ERROR    | scanner:get_klines:88 | Ошибка загрузки данных AAVEUSDT 5: 'x-bapi-limit-reset-timestamp'
2026-04-01 22:00:13 | ERROR    | scanner:get_klines:88 | Ошибка загрузки данных GMXUSDT 5: 'x-bapi-limit-reset-timestamp'
2026-04-01 22:00:16 | ERROR    | scanner:get_klines:88 | Ошибка загрузки данных PYTHUSDT 5: 'x-bapi-limit-reset-timestamp'
2026-04-01 22:00:17 | ERROR    | scanner:get_klines:88 | Ошибка загрузки данных STRKUSDT 5: 'x-bapi-limit-reset-timestamp'
2026-04-01 22:00:20 | INFO     | scanner:_scan_loop:213 | Сканирование #580 завершено. Найдено сетапов: 3
2026-04-01 22:01:20 | INFO     | scanner:_scan_loop:190 | ═══ Сканирование #581 ═══
2026-04-01 22:01:56 | INFO     | scanner:_scan_loop:213 | Сканирование #581 завершено. Найдено сетапов: 3
2026-04-01 22:02:56 | INFO     | scanner:_scan_loop:190 | ═══ Сканирование #582 ═══
2026-04-01 22:03:27 | INFO     | scanner:_scan_loop:213 | Сканирование #582 завершено. Найдено сетапов: 3
2026-04-01 22:04:27 | INFO     | scanner:_scan_loop:190 | ═══ Сканирование #583 ═══
2026-04-01 22:05:02 | INFO     | scanner:_scan_loop:213 | Сканирование #583 завершено. Найдено сетапов: 2
2026-04-01 22:06:02 | INFO     | scanner:_scan_loop:190 | ═══ Сканирование #584 ═══
2026-04-01 22:06:33 | INFO     | scanner:_scan_loop:213 | Сканирование #584 завершено. Найдено сетапов: 2
2026-04-01 22:07:33 | INFO     | scanner:_scan_loop:190 | ═══ Сканирование #585 ═══
2026-04-01 22:08:07 | INFO     | scanner:_scan_loop:213 | Сканирование #585 завершено. Найдено сетапов: 2
2026-04-01 22:09:07 | INFO     | scanner:_scan_loop:190 | ═══ Сканирование #586 ═══
2026-04-01 22:09:42 | INFO     | scanner:_scan_loop:213 | Сканирование #586 завершено. Найдено сетапов: 2
2026-04-01 22:10:42 | INFO     | scanner:_scan_loop:190 | ═══ Сканирование #587 ═══
2026-04-01 22:11:15 | INFO     | scanner:_scan_loop:213 | Сканирование #587 завершено. Найдено сетапов: 2
2026-04-01 22:12:15 | INFO     | scanner:_scan_loop:190 | ═══ Сканирование #588 ═══
2026-04-01 22:12:47 | INFO     | scanner:_scan_loop:213 | Сканирование #588 завершено. Найдено сетапов: 2
2026-04-01 22:13:47 | INFO     | scanner:_scan_loop:190 | ═══ Сканирование #589 ═══
2026-04-01 22:14:26 | INFO     | scanner:_scan_loop:213 | Сканирование #589 завершено. Найдено сетапов: 2
2026-04-01 22:15:26 | INFO     | scanner:_scan_loop:190 | ═══ Сканирование #590 ═══
2026-04-01 22:16:03 | INFO     | scanner:_scan_loop:213 | Сканирование #590 завершено. Найдено сетапов: 3
2026-04-01 22:17:03 | INFO     | scanner:_scan_loop:190 | ═══ Сканирование #591 ═══
2026-04-01 22:17:34 | INFO     | scanner:_scan_loop:213 | Сканирование #591 завершено. Найдено сетапов: 3
2026-04-01 22:18:34 | INFO     | scanner:_scan_loop:190 | ═══ Сканирование #592 ═══
2026-04-01 22:19:06 | INFO     | scanner:_scan_loop:213 | Сканирование #592 завершено. Найдено сетапов: 3
2026-04-01 22:20:06 | INFO     | scanner:_scan_loop:190 | ═══ Сканирование #593 ═══
2026-04-01 22:20:36 | INFO     | scanner:_scan_loop:213 | Сканирование #593 завершено. Найдено сетапов: 3
2026-04-01 22:21:36 | INFO     | scanner:_scan_loop:190 | ═══ Сканирование #594 ═══
2026-04-01 22:22:09 | INFO     | scanner:_scan_loop:213 | Сканирование #594 завершено. Найдено сетапов: 3
2026-04-01 22:23:09 | INFO     | scanner:_scan_loop:190 | ═══ Сканирование #595 ═══
2026-04-01 22:23:42 | INFO     | scanner:_scan_loop:213 | Сканирование #595 завершено. Найдено сетапов: 3
2026-04-01 22:24:42 | INFO     | scanner:_scan_loop:190 | ═══ Сканирование #596 ═══
2026-04-01 22:25:15 | INFO     | scanner:_scan_loop:213 | Сканирование #596 завершено. Найдено сетапов: 3
2026-04-01 22:26:15 | INFO     | scanner:_scan_loop:190 | ═══ Сканирование #597 ═══
2026-04-01 22:26:45 | INFO     | scanner:_scan_loop:213 | Сканирование #597 завершено. Найдено сетапов: 3
2026-04-01 22:27:45 | INFO     | scanner:_scan_loop:190 | ═══ Сканирование #598 ═══
2026-04-01 22:28:18 | INFO     | scanner:_scan_loop:213 | Сканирование #598 завершено. Найдено сетапов: 3
2026-04-01 22:29:18 | INFO     | scanner:_scan_loop:190 | ═══ Сканирование #599 ═══
2026-04-01 22:29:55 | INFO     | scanner:_scan_loop:213 | Сканирование #599 завершено. Найдено сетапов: 3
2026-04-01 22:30:55 | INFO     | scanner:_scan_loop:190 | ═══ Сканирование #600 ═══
2026-04-01 22:31:30 | INFO     | scanner:_scan_loop:213 | Сканирование #600 завершено. Найдено сетапов: 3
2026-04-01 22:32:30 | INFO     | scanner:_scan_loop:190 | ═══ Сканирование #601 ═══
2026-04-01 22:33:05 | DEBUG    | telegram_bot:send_message:50 | Сообщение отправлено в Telegram
2026-04-01 22:33:05 | INFO     | scanner:_scan_loop:213 | Сканирование #601 завершено. Найдено сетапов: 2
2026-04-01 22:34:05 | INFO     | scanner:_scan_loop:190 | ═══ Сканирование #602 ═══
2026-04-01 22:34:38 | INFO     | scanner:_scan_loop:213 | Сканирование #602 завершено. Найдено сетапов: 2
2026-04-01 22:35:38 | INFO     | scanner:_scan_loop:190 | ═══ Сканирование #603 ═══
2026-04-01 22:36:09 | INFO     | scanner:_scan_loop:213 | Сканирование #603 завершено. Найдено сетапов: 2
2026-04-01 22:37:09 | INFO     | scanner:_scan_loop:190 | ═══ Сканирование #604 ═══
2026-04-01 22:37:43 | INFO     | scanner:_scan_loop:213 | Сканирование #604 завершено. Найдено сетапов: 2
2026-04-01 22:38:43 | INFO     | scanner:_scan_loop:190 | ═══ Сканирование #605 ═══
2026-04-01 22:39:15 | INFO     | scanner:_scan_loop:213 | Сканирование #605 завершено. Найдено сетапов: 2
2026-04-01 22:40:15 | INFO     | scanner:_scan_loop:190 | ═══ Сканирование #606 ═══
2026-04-01 22:40:53 | INFO     | scanner:_scan_loop:213 | Сканирование #606 завершено. Найдено сетапов: 2
2026-04-01 22:41:53 | INFO     | scanner:_scan_loop:190 | ═══ Сканирование #607 ═══
2026-04-01 22:42:32 | INFO     | scanner:_scan_loop:213 | Сканирование #607 завершено. Найдено сетапов: 3
2026-04-01 22:43:32 | INFO     | scanner:_scan_loop:190 | ═══ Сканирование #608 ═══
2026-04-01 22:44:09 | INFO     | scanner:_scan_loop:213 | Сканирование #608 завершено. Найдено сетапов: 3
2026-04-01 22:45:09 | INFO     | scanner:_scan_loop:190 | ═══ Сканирование #609 ═══
2026-04-01 22:45:54 | INFO     | scanner:_scan_loop:213 | Сканирование #609 завершено. Найдено сетапов: 3
2026-04-01 22:46:54 | INFO     | scanner:_scan_loop:190 | ═══ Сканирование #610 ═══
2026-04-01 22:47:34 | INFO     | scanner:_scan_loop:213 | Сканирование #610 завершено. Найдено сетапов: 3
2026-04-01 22:48:34 | INFO     | scanner:_scan_loop:190 | ═══ Сканирование #611 ═══
2026-04-01 22:49:11 | INFO     | scanner:_scan_loop:213 | Сканирование #611 завершено. Найдено сетапов: 3
2026-04-01 22:50:11 | INFO     | scanner:_scan_loop:190 | ═══ Сканирование #612 ═══
2026-04-01 22:50:45 | INFO     | scanner:_scan_loop:213 | Сканирование #612 завершено. Найдено сетапов: 2
2026-04-01 22:51:45 | INFO     | scanner:_scan_loop:190 | ═══ Сканирование #613 ═══
2026-04-01 22:52:16 | INFO     | scanner:_scan_loop:213 | Сканирование #613 завершено. Найдено сетапов: 2
2026-04-01 22:53:16 | INFO     | scanner:_scan_loop:190 | ═══ Сканирование #614 ═══
2026-04-01 22:53:50 | INFO     | scanner:_scan_loop:213 | Сканирование #614 завершено. Найдено сетапов: 3
2026-04-01 22:54:50 | INFO     | scanner:_scan_loop:190 | ═══ Сканирование #615 ═══
2026-04-01 22:55:22 | INFO     | scanner:_scan_loop:213 | Сканирование #615 завершено. Найдено сетапов: 2
2026-04-01 22:56:22 | INFO     | scanner:_scan_loop:190 | ═══ Сканирование #616 ═══
2026-04-01 22:56:53 | INFO     | scanner:_scan_loop:213 | Сканирование #616 завершено. Найдено сетапов: 1
2026-04-01 22:57:53 | INFO     | scanner:_scan_loop:190 | ═══ Сканирование #617 ═══
2026-04-01 22:58:25 | INFO     | scanner:_scan_loop:213 | Сканирование #617 завершено. Найдено сетапов: 2
2026-04-01 22:59:25 | INFO     | scanner:_scan_loop:190 | ═══ Сканирование #618 ═══
2026-04-01 22:59:55 | INFO     | scanner:_scan_loop:213 | Сканирование #618 завершено. Найдено сетапов: 1
2026-04-01 23:00:55 | INFO     | scanner:_scan_loop:190 | ═══ Сканирование #619 ═══
2026-04-01 23:01:04 | ERROR    | scanner:get_klines:88 | Ошибка загрузки данных LINKUSDT 5: 'x-bapi-limit-reset-timestamp'
2026-04-01 23:01:35 | INFO     | scanner:_scan_loop:213 | Сканирование #619 завершено. Найдено сетапов: 1
2026-04-01 23:02:35 | INFO     | scanner:_scan_loop:190 | ═══ Сканирование #620 ═══
2026-04-01 23:03:08 | INFO     | scanner:_scan_loop:213 | Сканирование #620 завершено. Найдено сетапов: 1
2026-04-01 23:04:08 | INFO     | scanner:_scan_loop:190 | ═══ Сканирование #621 ═══
2026-04-01 23:04:41 | INFO     | scanner:_scan_loop:213 | Сканирование #621 завершено. Найдено сетапов: 1
2026-04-01 23:05:41 | INFO     | scanner:_scan_loop:190 | ═══ Сканирование #622 ═══
2026-04-01 23:06:13 | INFO     | scanner:_scan_loop:213 | Сканирование #622 завершено. Найдено сетапов: 1
2026-04-01 23:07:13 | INFO     | scanner:_scan_loop:190 | ═══ Сканирование #623 ═══
2026-04-01 23:07:47 | DEBUG    | telegram_bot:send_message:50 | Сообщение отправлено в Telegram
2026-04-01 23:07:47 | INFO     | scanner:_scan_loop:213 | Сканирование #623 завершено. Найдено сетапов: 1
2026-04-01 23:08:47 | INFO     | scanner:_scan_loop:190 | ═══ Сканирование #624 ═══
2026-04-01 23:09:18 | INFO     | scanner:_scan_loop:213 | Сканирование #624 завершено. Найдено сетапов: 1
2026-04-01 23:10:18 | INFO     | scanner:_scan_loop:190 | ═══ Сканирование #625 ═══
2026-04-01 23:10:50 | INFO     | scanner:_scan_loop:213 | Сканирование #625 завершено. Найдено сетапов: 1
2026-04-01 23:11:50 | INFO     | scanner:_scan_loop:190 | ═══ Сканирование #626 ═══
2026-04-01 23:12:21 | INFO     | scanner:_scan_loop:213 | Сканирование #626 завершено. Найдено сетапов: 1
2026-04-01 23:13:21 | INFO     | scanner:_scan_loop:190 | ═══ Сканирование #627 ═══
2026-04-01 23:13:55 | INFO     | scanner:_scan_loop:213 | Сканирование #627 завершено. Найдено сетапов: 1
2026-04-01 23:14:55 | INFO     | scanner:_scan_loop:190 | ═══ Сканирование #628 ═══
2026-04-01 23:15:11 | ERROR    | scanner:get_klines:88 | Ошибка загрузки данных WLDUSDT 15: 'x-bapi-limit-reset-timestamp'
2026-04-01 23:15:25 | INFO     | scanner:_scan_loop:213 | Сканирование #628 завершено. Найдено сетапов: 1
2026-04-01 23:16:25 | INFO     | scanner:_scan_loop:190 | ═══ Сканирование #629 ═══
2026-04-01 23:17:04 | INFO     | scanner:_scan_loop:213 | Сканирование #629 завершено. Найдено сетапов: 1
2026-04-01 23:18:04 | INFO     | scanner:_scan_loop:190 | ═══ Сканирование #630 ═══
2026-04-01 23:18:40 | INFO     | scanner:_scan_loop:213 | Сканирование #630 завершено. Найдено сетапов: 1
2026-04-01 23:19:40 | INFO     | scanner:_scan_loop:190 | ═══ Сканирование #631 ═══
2026-04-01 23:20:13 | INFO     | scanner:_scan_loop:213 | Сканирование #631 завершено. Найдено сетапов: 1
2026-04-01 23:21:13 | INFO     | scanner:_scan_loop:190 | ═══ Сканирование #632 ═══
2026-04-01 23:21:45 | INFO     | scanner:_scan_loop:213 | Сканирование #632 завершено. Найдено сетапов: 1
2026-04-01 23:22:45 | INFO     | scanner:_scan_loop:190 | ═══ Сканирование #633 ═══
2026-04-01 23:23:15 | INFO     | scanner:_scan_loop:213 | Сканирование #633 завершено. Найдено сетапов: 1
2026-04-01 23:24:15 | INFO     | scanner:_scan_loop:190 | ═══ Сканирование #634 ═══
2026-04-01 23:24:47 | INFO     | scanner:_scan_loop:213 | Сканирование #634 завершено. Найдено сетапов: 1
2026-04-01 23:25:47 | INFO     | scanner:_scan_loop:190 | ═══ Сканирование #635 ═══
2026-04-01 23:26:20 | INFO     | scanner:_scan_loop:213 | Сканирование #635 завершено. Найдено сетапов: 1
2026-04-01 23:27:20 | INFO     | scanner:_scan_loop:190 | ═══ Сканирование #636 ═══
2026-04-01 23:27:52 | INFO     | scanner:_scan_loop:213 | Сканирование #636 завершено. Найдено сетапов: 1
2026-04-01 23:28:52 | INFO     | scanner:_scan_loop:190 | ═══ Сканирование #637 ═══
2026-04-01 23:29:25 | INFO     | scanner:_scan_loop:213 | Сканирование #637 завершено. Найдено сетапов: 1
2026-04-01 23:30:25 | INFO     | scanner:_scan_loop:190 | ═══ Сканирование #638 ═══
2026-04-01 23:30:57 | INFO     | scanner:_scan_loop:213 | Сканирование #638 завершено. Найдено сетапов: 1
2026-04-01 23:31:57 | INFO     | scanner:_scan_loop:190 | ═══ Сканирование #639 ═══
2026-04-01 23:32:33 | INFO     | scanner:_scan_loop:213 | Сканирование #639 завершено. Найдено сетапов: 1
2026-04-01 23:33:33 | INFO     | scanner:_scan_loop:190 | ═══ Сканирование #640 ═══
2026-04-01 23:34:09 | INFO     | scanner:_scan_loop:213 | Сканирование #640 завершено. Найдено сетапов: 1
2026-04-01 23:35:09 | INFO     | scanner:_scan_loop:190 | ═══ Сканирование #641 ═══
2026-04-01 23:35:43 | INFO     | scanner:_scan_loop:213 | Сканирование #641 завершено. Найдено сетапов: 1
2026-04-01 23:36:43 | INFO     | scanner:_scan_loop:190 | ═══ Сканирование #642 ═══
2026-04-01 23:37:14 | INFO     | scanner:_scan_loop:213 | Сканирование #642 завершено. Найдено сетапов: 1
2026-04-01 23:38:14 | INFO     | scanner:_scan_loop:190 | ═══ Сканирование #643 ═══
2026-04-01 23:38:48 | DEBUG    | telegram_bot:send_message:50 | Сообщение отправлено в Telegram
2026-04-01 23:38:48 | INFO     | scanner:_scan_loop:213 | Сканирование #643 завершено. Найдено сетапов: 1
2026-04-01 23:39:48 | INFO     | scanner:_scan_loop:190 | ═══ Сканирование #644 ═══
2026-04-01 23:40:20 | INFO     | scanner:_scan_loop:213 | Сканирование #644 завершено. Найдено сетапов: 1
2026-04-01 23:41:20 | INFO     | scanner:_scan_loop:190 | ═══ Сканирование #645 ═══
2026-04-01 23:41:53 | INFO     | scanner:_scan_loop:213 | Сканирование #645 завершено. Найдено сетапов: 1
2026-04-01 23:42:53 | INFO     | scanner:_scan_loop:190 | ═══ Сканирование #646 ═══
2026-04-01 23:43:24 | INFO     | scanner:_scan_loop:213 | Сканирование #646 завершено. Найдено сетапов: 1
2026-04-01 23:44:24 | INFO     | scanner:_scan_loop:190 | ═══ Сканирование #647 ═══
2026-04-01 23:44:58 | INFO     | scanner:_scan_loop:213 | Сканирование #647 завершено. Найдено сетапов: 1
2026-04-01 23:45:59 | INFO     | scanner:_scan_loop:190 | ═══ Сканирование #648 ═══
2026-04-01 23:46:29 | INFO     | scanner:_scan_loop:213 | Сканирование #648 завершено. Найдено сетапов: 1
2026-04-01 23:47:29 | INFO     | scanner:_scan_loop:190 | ═══ Сканирование #649 ═══
2026-04-01 23:48:07 | INFO     | scanner:_scan_loop:213 | Сканирование #649 завершено. Найдено сетапов: 1
2026-04-01 23:49:07 | INFO     | scanner:_scan_loop:190 | ═══ Сканирование #650 ═══
2026-04-01 23:49:41 | INFO     | scanner:_scan_loop:213 | Сканирование #650 завершено. Найдено сетапов: 0
2026-04-01 23:50:41 | INFO     | scanner:_scan_loop:190 | ═══ Сканирование #651 ═══
2026-04-01 23:51:15 | INFO     | scanner:_scan_loop:213 | Сканирование #651 завершено. Найдено сетапов: 0
2026-04-01 23:52:15 | INFO     | scanner:_scan_loop:190 | ═══ Сканирование #652 ═══
2026-04-01 23:52:47 | INFO     | scanner:_scan_loop:213 | Сканирование #652 завершено. Найдено сетапов: 1
2026-04-01 23:53:47 | INFO     | scanner:_scan_loop:190 | ═══ Сканирование #653 ═══
2026-04-01 23:54:21 | INFO     | scanner:_scan_loop:213 | Сканирование #653 завершено. Найдено сетапов: 0
2026-04-01 23:55:21 | INFO     | scanner:_scan_loop:190 | ═══ Сканирование #654 ═══
2026-04-01 23:55:52 | INFO     | scanner:_scan_loop:213 | Сканирование #654 завершено. Найдено сетапов: 1
2026-04-01 23:56:52 | INFO     | scanner:_scan_loop:190 | ═══ Сканирование #655 ═══
2026-04-01 23:57:25 | INFO     | scanner:_scan_loop:213 | Сканирование #655 завершено. Найдено сетапов: 1
2026-04-01 23:58:25 | INFO     | scanner:_scan_loop:190 | ═══ Сканирование #656 ═══
2026-04-01 23:58:57 | INFO     | scanner:_scan_loop:213 | Сканирование #656 завершено. Найдено сетапов: 1
2026-04-01 23:59:57 | INFO     | scanner:_scan_loop:190 | ═══ Сканирование #657 ═══
2026-04-02 00:00:03 | ERROR    | scanner:get_klines:88 | Ошибка загрузки данных ADAUSDT 5: 'x-bapi-limit-reset-timestamp'
2026-04-02 00:00:04 | ERROR    | scanner:get_klines:88 | Ошибка загрузки данных AVAXUSDT 5: 'x-bapi-limit-reset-timestamp'
2026-04-02 00:00:08 | ERROR    | scanner:get_klines:88 | Ошибка загрузки данных LTCUSDT 5: 'x-bapi-limit-reset-timestamp'
2026-04-02 00:00:10 | ERROR    | scanner:get_klines:88 | Ошибка загрузки данных ARBUSDT 5: 'x-bapi-limit-reset-timestamp'
2026-04-02 00:00:10 | ERROR    | scanner:get_klines:88 | Ошибка загрузки данных OPUSDT 15: 'x-bapi-limit-reset-timestamp'
2026-04-02 00:00:19 | ERROR    | scanner:get_klines:88 | Ошибка загрузки данных MANTAUSDT 5: 'x-bapi-limit-reset-timestamp'
2026-04-02 00:00:30 | INFO     | scanner:_scan_loop:213 | Сканирование #657 завершено. Найдено сетапов: 1
2026-04-02 00:01:30 | INFO     | scanner:_scan_loop:190 | ═══ Сканирование #658 ═══
2026-04-02 00:02:00 | INFO     | scanner:_scan_loop:213 | Сканирование #658 завершено. Найдено сетапов: 1
2026-04-02 00:03:00 | INFO     | scanner:_scan_loop:190 | ═══ Сканирование #659 ═══
2026-04-02 00:03:39 | INFO     | scanner:_scan_loop:213 | Сканирование #659 завершено. Найдено сетапов: 1
2026-04-02 00:04:39 | INFO     | scanner:_scan_loop:190 | ═══ Сканирование #660 ═══
2026-04-02 00:05:16 | INFO     | scanner:_scan_loop:213 | Сканирование #660 завершено. Найдено сетапов: 1
2026-04-02 00:06:16 | INFO     | scanner:_scan_loop:190 | ═══ Сканирование #661 ═══
2026-04-02 00:06:48 | INFO     | scanner:_scan_loop:213 | Сканирование #661 завершено. Найдено сетапов: 1
2026-04-02 00:07:48 | INFO     | scanner:_scan_loop:190 | ═══ Сканирование #662 ═══
2026-04-02 00:08:22 | INFO     | scanner:_scan_loop:213 | Сканирование #662 завершено. Найдено сетапов: 1
2026-04-02 00:09:22 | INFO     | scanner:_scan_loop:190 | ═══ Сканирование #663 ═══
2026-04-02 00:09:55 | INFO     | scanner:_scan_loop:213 | Сканирование #663 завершено. Найдено сетапов: 1
2026-04-02 00:10:55 | INFO     | scanner:_scan_loop:190 | ═══ Сканирование #664 ═══
2026-04-02 00:11:29 | INFO     | scanner:_scan_loop:213 | Сканирование #664 завершено. Найдено сетапов: 1
2026-04-02 00:12:29 | INFO     | scanner:_scan_loop:190 | ═══ Сканирование #665 ═══
2026-04-02 00:12:59 | INFO     | scanner:_scan_loop:213 | Сканирование #665 завершено. Найдено сетапов: 1
2026-04-02 00:13:59 | INFO     | scanner:_scan_loop:190 | ═══ Сканирование #666 ═══
2026-04-02 00:14:32 | INFO     | scanner:_scan_loop:213 | Сканирование #666 завершено. Найдено сетапов: 1
2026-04-02 00:15:32 | INFO     | scanner:_scan_loop:190 | ═══ Сканирование #667 ═══
2026-04-02 00:16:03 | INFO     | scanner:_scan_loop:213 | Сканирование #667 завершено. Найдено сетапов: 1
2026-04-02 00:17:03 | INFO     | scanner:_scan_loop:190 | ═══ Сканирование #668 ═══
2026-04-02 00:17:38 | INFO     | scanner:_scan_loop:213 | Сканирование #668 завершено. Найдено сетапов: 1
2026-04-02 00:18:38 | INFO     | scanner:_scan_loop:190 | ═══ Сканирование #669 ═══
2026-04-02 00:19:15 | INFO     | scanner:_scan_loop:213 | Сканирование #669 завершено. Найдено сетапов: 1
2026-04-02 00:20:15 | INFO     | scanner:_scan_loop:190 | ═══ Сканирование #670 ═══
2026-04-02 00:20:52 | INFO     | scanner:_scan_loop:213 | Сканирование #670 завершено. Найдено сетапов: 1
2026-04-02 00:21:52 | INFO     | scanner:_scan_loop:190 | ═══ Сканирование #671 ═══
2026-04-02 00:22:25 | INFO     | scanner:_scan_loop:213 | Сканирование #671 завершено. Найдено сетапов: 1
2026-04-02 00:23:25 | INFO     | scanner:_scan_loop:190 | ═══ Сканирование #672 ═══
2026-04-02 00:23:57 | INFO     | scanner:_scan_loop:213 | Сканирование #672 завершено. Найдено сетапов: 1
2026-04-02 00:24:57 | INFO     | scanner:_scan_loop:190 | ═══ Сканирование #673 ═══
2026-04-02 00:25:30 | INFO     | scanner:_scan_loop:213 | Сканирование #673 завершено. Найдено сетапов: 1
2026-04-02 00:26:30 | INFO     | scanner:_scan_loop:190 | ═══ Сканирование #674 ═══
2026-04-02 00:27:02 | INFO     | scanner:_scan_loop:213 | Сканирование #674 завершено. Найдено сетапов: 1
2026-04-02 00:28:02 | INFO     | scanner:_scan_loop:190 | ═══ Сканирование #675 ═══
2026-04-02 00:28:33 | INFO     | scanner:_scan_loop:213 | Сканирование #675 завершено. Найдено сетапов: 1
2026-04-02 00:29:33 | INFO     | scanner:_scan_loop:190 | ═══ Сканирование #676 ═══
2026-04-02 00:30:04 | ERROR    | scanner:get_klines:88 | Ошибка загрузки данных BLURUSDT 5: 'x-bapi-limit-reset-timestamp'
2026-04-02 00:30:05 | INFO     | scanner:_scan_loop:213 | Сканирование #676 завершено. Найдено сетапов: 1
2026-04-02 00:31:06 | INFO     | scanner:_scan_loop:190 | ═══ Сканирование #677 ═══
2026-04-02 00:31:38 | INFO     | scanner:_scan_loop:213 | Сканирование #677 завершено. Найдено сетапов: 1
2026-04-02 00:32:38 | INFO     | scanner:_scan_loop:190 | ═══ Сканирование #678 ═══
2026-04-02 00:33:09 | INFO     | scanner:_scan_loop:213 | Сканирование #678 завершено. Найдено сетапов: 1
2026-04-02 00:34:09 | INFO     | scanner:_scan_loop:190 | ═══ Сканирование #679 ═══
2026-04-02 00:34:48 | INFO     | scanner:_scan_loop:213 | Сканирование #679 завершено. Найдено сетапов: 1
2026-04-02 00:35:48 | INFO     | scanner:_scan_loop:190 | ═══ Сканирование #680 ═══
2026-04-02 00:36:22 | INFO     | scanner:_scan_loop:213 | Сканирование #680 завершено. Найдено сетапов: 1
2026-04-02 00:37:22 | INFO     | scanner:_scan_loop:190 | ═══ Сканирование #681 ═══
2026-04-02 00:37:56 | INFO     | scanner:_scan_loop:213 | Сканирование #681 завершено. Найдено сетапов: 1
2026-04-02 00:38:56 | INFO     | scanner:_scan_loop:190 | ═══ Сканирование #682 ═══
2026-04-02 00:39:27 | INFO     | scanner:_scan_loop:213 | Сканирование #682 завершено. Найдено сетапов: 1
2026-04-02 00:40:27 | INFO     | scanner:_scan_loop:190 | ═══ Сканирование #683 ═══
2026-04-02 00:41:00 | INFO     | scanner:_scan_loop:213 | Сканирование #683 завершено. Найдено сетапов: 1
2026-04-02 00:42:00 | INFO     | scanner:_scan_loop:190 | ═══ Сканирование #684 ═══
2026-04-02 00:42:34 | INFO     | scanner:_scan_loop:213 | Сканирование #684 завершено. Найдено сетапов: 1
2026-04-02 00:43:34 | INFO     | scanner:_scan_loop:190 | ═══ Сканирование #685 ═══
2026-04-02 00:44:06 | INFO     | scanner:_scan_loop:213 | Сканирование #685 завершено. Найдено сетапов: 1
2026-04-02 00:45:06 | INFO     | scanner:_scan_loop:190 | ═══ Сканирование #686 ═══
2026-04-02 00:45:08 | ERROR    | scanner:get_klines:88 | Ошибка загрузки данных SOLUSDT 15: 'x-bapi-limit-reset-timestamp'
2026-04-02 00:45:11 | ERROR    | scanner:get_klines:88 | Ошибка загрузки данных ADAUSDT 15: 'x-bapi-limit-reset-timestamp'
2026-04-02 00:45:38 | INFO     | scanner:_scan_loop:213 | Сканирование #686 завершено. Найдено сетапов: 1
2026-04-02 00:46:38 | INFO     | scanner:_scan_loop:190 | ═══ Сканирование #687 ═══
2026-04-02 00:47:10 | INFO     | scanner:_scan_loop:213 | Сканирование #687 завершено. Найдено сетапов: 1
2026-04-02 00:48:10 | INFO     | scanner:_scan_loop:190 | ═══ Сканирование #688 ═══
2026-04-02 00:48:43 | INFO     | scanner:_scan_loop:213 | Сканирование #688 завершено. Найдено сетапов: 1
2026-04-02 00:49:43 | INFO     | scanner:_scan_loop:190 | ═══ Сканирование #689 ═══
2026-04-02 00:50:09 | ERROR    | scanner:get_klines:88 | Ошибка загрузки данных ORDIUSDT 5: 'x-bapi-limit-reset-timestamp'
2026-04-02 00:50:22 | INFO     | scanner:_scan_loop:213 | Сканирование #689 завершено. Найдено сетапов: 1
2026-04-02 00:51:22 | INFO     | scanner:_scan_loop:190 | ═══ Сканирование #690 ═══
2026-04-02 00:51:57 | INFO     | scanner:_scan_loop:213 | Сканирование #690 завершено. Найдено сетапов: 1
2026-04-02 00:52:57 | INFO     | scanner:_scan_loop:190 | ═══ Сканирование #691 ═══
2026-04-02 00:53:35 | INFO     | scanner:_scan_loop:213 | Сканирование #691 завершено. Найдено сетапов: 1
2026-04-02 00:54:35 | INFO     | scanner:_scan_loop:190 | ═══ Сканирование #692 ═══
2026-04-02 00:55:10 | INFO     | scanner:_scan_loop:213 | Сканирование #692 завершено. Найдено сетапов: 1
2026-04-02 00:56:10 | INFO     | scanner:_scan_loop:190 | ═══ Сканирование #693 ═══
2026-04-02 00:56:47 | INFO     | scanner:_scan_loop:213 | Сканирование #693 завершено. Найдено сетапов: 1
2026-04-02 00:57:47 | INFO     | scanner:_scan_loop:190 | ═══ Сканирование #694 ═══
2026-04-02 00:58:26 | INFO     | scanner:_scan_loop:213 | Сканирование #694 завершено. Найдено сетапов: 1
2026-04-02 00:59:26 | INFO     | scanner:_scan_loop:190 | ═══ Сканирование #695 ═══
2026-04-02 01:00:02 | ERROR    | scanner:get_klines:88 | Ошибка загрузки данных DYDXUSDT 15: 'x-bapi-limit-reset-timestamp'
2026-04-02 01:00:09 | ERROR    | scanner:get_klines:88 | Ошибка загрузки данных BLURUSDT 15: 'x-bapi-limit-reset-timestamp'
2026-04-02 01:00:09 | ERROR    | scanner:get_klines:88 | Ошибка загрузки данных BLURUSDT 5: 'x-bapi-limit-reset-timestamp'
2026-04-02 01:00:10 | ERROR    | scanner:get_klines:88 | Ошибка загрузки данных ENSUSDT 15: 'x-bapi-limit-reset-timestamp'
2026-04-02 01:00:10 | ERROR    | scanner:get_klines:88 | Ошибка загрузки данных ENSUSDT 5: 'x-bapi-limit-reset-timestamp'
2026-04-02 01:00:11 | INFO     | scanner:_scan_loop:213 | Сканирование #695 завершено. Найдено сетапов: 0
2026-04-02 01:01:11 | INFO     | scanner:_scan_loop:190 | ═══ Сканирование #696 ═══
2026-04-02 01:01:56 | INFO     | scanner:_scan_loop:213 | Сканирование #696 завершено. Найдено сетапов: 1
2026-04-02 01:02:56 | INFO     | scanner:_scan_loop:190 | ═══ Сканирование #697 ═══
2026-04-02 01:03:37 | INFO     | scanner:_scan_loop:213 | Сканирование #697 завершено. Найдено сетапов: 1
2026-04-02 01:04:37 | INFO     | scanner:_scan_loop:190 | ═══ Сканирование #698 ═══
2026-04-02 01:05:05 | ERROR    | scanner:get_klines:88 | Ошибка загрузки данных STXUSDT 5: 'x-bapi-limit-reset-timestamp'
2026-04-02 01:05:19 | INFO     | scanner:_scan_loop:213 | Сканирование #698 завершено. Найдено сетапов: 1
2026-04-02 01:06:19 | INFO     | scanner:_scan_loop:190 | ═══ Сканирование #699 ═══
2026-04-02 01:07:12 | INFO     | scanner:_scan_loop:213 | Сканирование #699 завершено. Найдено сетапов: 1
2026-04-02 01:08:12 | INFO     | scanner:_scan_loop:190 | ═══ Сканирование #700 ═══
2026-04-02 01:08:44 | INFO     | scanner:_scan_loop:213 | Сканирование #700 завершено. Найдено сетапов: 1
2026-04-02 01:09:44 | INFO     | scanner:_scan_loop:190 | ═══ Сканирование #701 ═══
2026-04-02 01:10:08 | ERROR    | scanner:get_klines:88 | Ошибка загрузки данных BCHUSDT 5: 'x-bapi-limit-reset-timestamp'
2026-04-02 01:10:16 | INFO     | scanner:_scan_loop:213 | Сканирование #701 завершено. Найдено сетапов: 1
2026-04-02 01:11:16 | INFO     | scanner:_scan_loop:190 | ═══ Сканирование #702 ═══
2026-04-02 01:11:47 | INFO     | scanner:_scan_loop:213 | Сканирование #702 завершено. Найдено сетапов: 1
2026-04-02 01:12:47 | INFO     | scanner:_scan_loop:190 | ═══ Сканирование #703 ═══
2026-04-02 01:13:19 | INFO     | scanner:_scan_loop:213 | Сканирование #703 завершено. Найдено сетапов: 1
2026-04-02 01:14:19 | INFO     | scanner:_scan_loop:190 | ═══ Сканирование #704 ═══
2026-04-02 01:14:50 | INFO     | scanner:_scan_loop:213 | Сканирование #704 завершено. Найдено сетапов: 1
2026-04-02 01:15:50 | INFO     | scanner:_scan_loop:190 | ═══ Сканирование #705 ═══
2026-04-02 01:16:22 | INFO     | scanner:_scan_loop:213 | Сканирование #705 завершено. Найдено сетапов: 1
2026-04-02 01:17:22 | INFO     | scanner:_scan_loop:190 | ═══ Сканирование #706 ═══
2026-04-02 01:17:54 | INFO     | scanner:_scan_loop:213 | Сканирование #706 завершено. Найдено сетапов: 1
2026-04-02 01:18:54 | INFO     | scanner:_scan_loop:190 | ═══ Сканирование #707 ═══
2026-04-02 01:19:28 | INFO     | scanner:_scan_loop:213 | Сканирование #707 завершено. Найдено сетапов: 1
2026-04-02 01:20:28 | INFO     | scanner:_scan_loop:190 | ═══ Сканирование #708 ═══
2026-04-02 01:20:59 | INFO     | scanner:_scan_loop:213 | Сканирование #708 завершено. Найдено сетапов: 1
2026-04-02 01:21:59 | INFO     | scanner:_scan_loop:190 | ═══ Сканирование #709 ═══
2026-04-02 01:22:41 | INFO     | scanner:_scan_loop:213 | Сканирование #709 завершено. Найдено сетапов: 1
2026-04-02 01:23:42 | INFO     | scanner:_scan_loop:190 | ═══ Сканирование #710 ═══
2026-04-02 01:24:12 | INFO     | scanner:_scan_loop:213 | Сканирование #710 завершено. Найдено сетапов: 1
2026-04-02 01:25:12 | INFO     | scanner:_scan_loop:190 | ═══ Сканирование #711 ═══
2026-04-02 01:25:42 | INFO     | scanner:_scan_loop:213 | Сканирование #711 завершено. Найдено сетапов: 1
2026-04-02 01:26:42 | INFO     | scanner:_scan_loop:190 | ═══ Сканирование #712 ═══
2026-04-02 01:27:15 | INFO     | scanner:_scan_loop:213 | Сканирование #712 завершено. Найдено сетапов: 1
2026-04-02 01:28:15 | INFO     | scanner:_scan_loop:190 | ═══ Сканирование #713 ═══
2026-04-02 01:28:47 | INFO     | scanner:_scan_loop:213 | Сканирование #713 завершено. Найдено сетапов: 2
2026-04-02 01:29:47 | INFO     | scanner:_scan_loop:190 | ═══ Сканирование #714 ═══
2026-04-02 01:30:03 | ERROR    | scanner:get_klines:88 | Ошибка загрузки данных NEARUSDT 15: 'x-bapi-limit-reset-timestamp'
2026-04-02 01:30:06 | ERROR    | scanner:get_klines:88 | Ошибка загрузки данных SEIUSDT 5: 'x-bapi-limit-reset-timestamp'
2026-04-02 01:30:06 | ERROR    | scanner:get_klines:88 | Ошибка загрузки данных WLDUSDT 5: 'x-bapi-limit-reset-timestamp'
2026-04-02 01:30:19 | ERROR    | scanner:get_klines:88 | Ошибка загрузки данных PENDLEUSDT 15: 'x-bapi-limit-reset-timestamp'
2026-04-02 01:30:24 | INFO     | scanner:_scan_loop:213 | Сканирование #714 завершено. Найдено сетапов: 2
2026-04-02 01:31:24 | INFO     | scanner:_scan_loop:190 | ═══ Сканирование #715 ═══
2026-04-02 01:31:57 | INFO     | scanner:_scan_loop:213 | Сканирование #715 завершено. Найдено сетапов: 2
2026-04-02 01:32:57 | INFO     | scanner:_scan_loop:190 | ═══ Сканирование #716 ═══
2026-04-02 01:33:29 | INFO     | scanner:_scan_loop:213 | Сканирование #716 завершено. Найдено сетапов: 2
2026-04-02 01:34:29 | INFO     | scanner:_scan_loop:190 | ═══ Сканирование #717 ═══
2026-04-02 01:35:02 | INFO     | scanner:_scan_loop:213 | Сканирование #717 завершено. Найдено сетапов: 2
2026-04-02 01:36:02 | INFO     | scanner:_scan_loop:190 | ═══ Сканирование #718 ═══
2026-04-02 01:36:38 | INFO     | scanner:_scan_loop:213 | Сканирование #718 завершено. Найдено сетапов: 2
2026-04-02 01:37:38 | INFO     | scanner:_scan_loop:190 | ═══ Сканирование #719 ═══
2026-04-02 01:38:17 | INFO     | scanner:_scan_loop:213 | Сканирование #719 завершено. Найдено сетапов: 2
2026-04-02 01:39:17 | INFO     | scanner:_scan_loop:190 | ═══ Сканирование #720 ═══
2026-04-02 01:39:52 | INFO     | scanner:_scan_loop:213 | Сканирование #720 завершено. Найдено сетапов: 2
2026-04-02 01:40:52 | INFO     | scanner:_scan_loop:190 | ═══ Сканирование #721 ═══
2026-04-02 01:41:24 | INFO     | scanner:_scan_loop:213 | Сканирование #721 завершено. Найдено сетапов: 2
2026-04-02 01:42:24 | INFO     | scanner:_scan_loop:190 | ═══ Сканирование #722 ═══
2026-04-02 01:42:59 | INFO     | scanner:_scan_loop:213 | Сканирование #722 завершено. Найдено сетапов: 3
2026-04-02 01:43:59 | INFO     | scanner:_scan_loop:190 | ═══ Сканирование #723 ═══
2026-04-02 01:44:31 | INFO     | scanner:_scan_loop:213 | Сканирование #723 завершено. Найдено сетапов: 3
2026-04-02 01:45:31 | INFO     | scanner:_scan_loop:190 | ═══ Сканирование #724 ═══
2026-04-02 01:46:02 | INFO     | scanner:_scan_loop:213 | Сканирование #724 завершено. Найдено сетапов: 2
2026-04-02 01:47:02 | INFO     | scanner:_scan_loop:190 | ═══ Сканирование #725 ═══
2026-04-02 01:47:33 | INFO     | scanner:_scan_loop:213 | Сканирование #725 завершено. Найдено сетапов: 2
2026-04-02 01:48:33 | INFO     | scanner:_scan_loop:190 | ═══ Сканирование #726 ═══
2026-04-02 01:49:06 | INFO     | scanner:_scan_loop:213 | Сканирование #726 завершено. Найдено сетапов: 2
2026-04-02 01:50:06 | INFO     | scanner:_scan_loop:190 | ═══ Сканирование #727 ═══
2026-04-02 01:50:38 | INFO     | scanner:_scan_loop:213 | Сканирование #727 завершено. Найдено сетапов: 2
2026-04-02 01:51:38 | INFO     | scanner:_scan_loop:190 | ═══ Сканирование #728 ═══
2026-04-02 01:52:11 | INFO     | scanner:_scan_loop:213 | Сканирование #728 завершено. Найдено сетапов: 2
2026-04-02 01:53:11 | INFO     | scanner:_scan_loop:190 | ═══ Сканирование #729 ═══
2026-04-02 01:53:54 | INFO     | scanner:_scan_loop:213 | Сканирование #729 завершено. Найдено сетапов: 2
2026-04-02 01:54:54 | INFO     | scanner:_scan_loop:190 | ═══ Сканирование #730 ═══
2026-04-02 01:55:29 | INFO     | scanner:_scan_loop:213 | Сканирование #730 завершено. Найдено сетапов: 2
2026-04-02 01:56:29 | INFO     | scanner:_scan_loop:190 | ═══ Сканирование #731 ═══
2026-04-02 01:57:01 | INFO     | scanner:_scan_loop:213 | Сканирование #731 завершено. Найдено сетапов: 2
2026-04-02 01:58:01 | INFO     | scanner:_scan_loop:190 | ═══ Сканирование #732 ═══
2026-04-02 01:58:32 | INFO     | scanner:_scan_loop:213 | Сканирование #732 завершено. Найдено сетапов: 3
2026-04-02 01:59:32 | INFO     | scanner:_scan_loop:190 | ═══ Сканирование #733 ═══
2026-04-02 02:00:02 | ERROR    | scanner:get_klines:88 | Ошибка загрузки данных ENSUSDT 15: 'x-bapi-limit-reset-timestamp'
2026-04-02 02:00:03 | INFO     | scanner:_scan_loop:213 | Сканирование #733 завершено. Найдено сетапов: 2
2026-04-02 02:01:03 | INFO     | scanner:_scan_loop:190 | ═══ Сканирование #734 ═══
2026-04-02 02:01:38 | INFO     | scanner:_scan_loop:213 | Сканирование #734 завершено. Найдено сетапов: 2
2026-04-02 02:02:38 | INFO     | scanner:_scan_loop:190 | ═══ Сканирование #735 ═══
2026-04-02 02:03:08 | INFO     | scanner:_scan_loop:213 | Сканирование #735 завершено. Найдено сетапов: 3
2026-04-02 02:04:08 | INFO     | scanner:_scan_loop:190 | ═══ Сканирование #736 ═══
2026-04-02 02:04:42 | INFO     | scanner:_scan_loop:213 | Сканирование #736 завершено. Найдено сетапов: 2
2026-04-02 02:05:42 | INFO     | scanner:_scan_loop:190 | ═══ Сканирование #737 ═══
2026-04-02 02:06:14 | INFO     | scanner:_scan_loop:213 | Сканирование #737 завершено. Найдено сетапов: 2
2026-04-02 02:07:14 | INFO     | scanner:_scan_loop:190 | ═══ Сканирование #738 ═══
2026-04-02 02:07:46 | INFO     | scanner:_scan_loop:213 | Сканирование #738 завершено. Найдено сетапов: 2
2026-04-02 02:08:46 | INFO     | scanner:_scan_loop:190 | ═══ Сканирование #739 ═══
2026-04-02 02:09:25 | INFO     | scanner:_scan_loop:213 | Сканирование #739 завершено. Найдено сетапов: 2
2026-04-02 02:10:25 | INFO     | scanner:_scan_loop:190 | ═══ Сканирование #740 ═══
2026-04-02 02:11:00 | INFO     | scanner:_scan_loop:213 | Сканирование #740 завершено. Найдено сетапов: 2
2026-04-02 02:12:00 | INFO     | scanner:_scan_loop:190 | ═══ Сканирование #741 ═══
2026-04-02 02:12:32 | INFO     | scanner:_scan_loop:213 | Сканирование #741 завершено. Найдено сетапов: 2
2026-04-02 02:13:32 | INFO     | scanner:_scan_loop:190 | ═══ Сканирование #742 ═══
2026-04-02 02:14:06 | INFO     | scanner:_scan_loop:213 | Сканирование #742 завершено. Найдено сетапов: 2
2026-04-02 02:15:06 | INFO     | scanner:_scan_loop:190 | ═══ Сканирование #743 ═══
2026-04-02 02:15:08 | ERROR    | scanner:get_klines:88 | Ошибка загрузки данных SOLUSDT 15: 'x-bapi-limit-reset-timestamp'
2026-04-02 02:15:10 | ERROR    | scanner:get_klines:88 | Ошибка загрузки данных XRPUSDT 15: 'x-bapi-limit-reset-timestamp'
2026-04-02 02:15:10 | ERROR    | scanner:get_klines:88 | Ошибка загрузки данных DOGEUSDT 5: 'x-bapi-limit-reset-timestamp'
2026-04-02 02:15:36 | INFO     | scanner:_scan_loop:213 | Сканирование #743 завершено. Найдено сетапов: 2
2026-04-02 02:16:36 | INFO     | scanner:_scan_loop:190 | ═══ Сканирование #744 ═══
2026-04-02 02:17:09 | INFO     | scanner:_scan_loop:213 | Сканирование #744 завершено. Найдено сетапов: 2
2026-04-02 02:18:09 | INFO     | scanner:_scan_loop:190 | ═══ Сканирование #745 ═══
2026-04-02 02:18:42 | INFO     | scanner:_scan_loop:213 | Сканирование #745 завершено. Найдено сетапов: 2
2026-04-02 02:19:42 | INFO     | scanner:_scan_loop:190 | ═══ Сканирование #746 ═══
2026-04-02 02:20:14 | INFO     | scanner:_scan_loop:213 | Сканирование #746 завершено. Найдено сетапов: 2
2026-04-02 02:21:14 | INFO     | scanner:_scan_loop:190 | ═══ Сканирование #747 ═══
2026-04-02 02:21:47 | INFO     | scanner:_scan_loop:213 | Сканирование #747 завершено. Найдено сетапов: 2
2026-04-02 02:22:47 | INFO     | scanner:_scan_loop:190 | ═══ Сканирование #748 ═══
2026-04-02 02:23:18 | INFO     | scanner:_scan_loop:213 | Сканирование #748 завершено. Найдено сетапов: 2
2026-04-02 02:24:18 | INFO     | scanner:_scan_loop:190 | ═══ Сканирование #749 ═══
2026-04-02 02:24:56 | INFO     | scanner:_scan_loop:213 | Сканирование #749 завершено. Найдено сетапов: 2
2026-04-02 02:25:56 | INFO     | scanner:_scan_loop:190 | ═══ Сканирование #750 ═══
2026-04-02 02:26:27 | INFO     | scanner:_scan_loop:213 | Сканирование #750 завершено. Найдено сетапов: 2
2026-04-02 02:27:27 | INFO     | scanner:_scan_loop:190 | ═══ Сканирование #751 ═══
2026-04-02 02:28:00 | INFO     | scanner:_scan_loop:213 | Сканирование #751 завершено. Найдено сетапов: 2
2026-04-02 02:29:00 | INFO     | scanner:_scan_loop:190 | ═══ Сканирование #752 ═══
2026-04-02 02:29:35 | INFO     | scanner:_scan_loop:213 | Сканирование #752 завершено. Найдено сетапов: 2
2026-04-02 02:30:35 | INFO     | scanner:_scan_loop:190 | ═══ Сканирование #753 ═══
2026-04-02 02:31:07 | INFO     | scanner:_scan_loop:213 | Сканирование #753 завершено. Найдено сетапов: 2
2026-04-02 02:32:07 | INFO     | scanner:_scan_loop:190 | ═══ Сканирование #754 ═══
2026-04-02 02:32:38 | INFO     | scanner:_scan_loop:213 | Сканирование #754 завершено. Найдено сетапов: 2
2026-04-02 02:33:38 | INFO     | scanner:_scan_loop:190 | ═══ Сканирование #755 ═══
2026-04-02 02:34:10 | INFO     | scanner:_scan_loop:213 | Сканирование #755 завершено. Найдено сетапов: 2
2026-04-02 02:35:10 | INFO     | scanner:_scan_loop:190 | ═══ Сканирование #756 ═══
2026-04-02 02:35:39 | INFO     | scanner:_scan_loop:213 | Сканирование #756 завершено. Найдено сетапов: 2
2026-04-02 02:36:39 | INFO     | scanner:_scan_loop:190 | ═══ Сканирование #757 ═══
2026-04-02 02:37:12 | INFO     | scanner:_scan_loop:213 | Сканирование #757 завершено. Найдено сетапов: 2
2026-04-02 02:38:12 | INFO     | scanner:_scan_loop:190 | ═══ Сканирование #758 ═══
2026-04-02 02:38:44 | INFO     | scanner:_scan_loop:213 | Сканирование #758 завершено. Найдено сетапов: 2
2026-04-02 02:39:44 | INFO     | scanner:_scan_loop:190 | ═══ Сканирование #759 ═══
2026-04-02 02:40:28 | INFO     | scanner:_scan_loop:213 | Сканирование #759 завершено. Найдено сетапов: 1
2026-04-02 02:41:28 | INFO     | scanner:_scan_loop:190 | ═══ Сканирование #760 ═══
2026-04-02 02:41:59 | INFO     | scanner:_scan_loop:213 | Сканирование #760 завершено. Найдено сетапов: 1
2026-04-02 02:42:59 | INFO     | scanner:_scan_loop:190 | ═══ Сканирование #761 ═══
2026-04-02 02:43:29 | INFO     | scanner:_scan_loop:213 | Сканирование #761 завершено. Найдено сетапов: 1
2026-04-02 02:44:30 | INFO     | scanner:_scan_loop:190 | ═══ Сканирование #762 ═══
2026-04-02 02:44:59 | INFO     | scanner:_scan_loop:213 | Сканирование #762 завершено. Найдено сетапов: 1
2026-04-02 02:45:59 | INFO     | scanner:_scan_loop:190 | ═══ Сканирование #763 ═══
2026-04-02 02:46:29 | INFO     | scanner:_scan_loop:213 | Сканирование #763 завершено. Найдено сетапов: 3
2026-04-02 02:47:29 | INFO     | scanner:_scan_loop:190 | ═══ Сканирование #764 ═══
2026-04-02 02:47:59 | INFO     | scanner:_scan_loop:213 | Сканирование #764 завершено. Найдено сетапов: 2
2026-04-02 02:48:59 | INFO     | scanner:_scan_loop:190 | ═══ Сканирование #765 ═══
2026-04-02 02:49:32 | INFO     | scanner:_scan_loop:213 | Сканирование #765 завершено. Найдено сетапов: 2
2026-04-02 02:50:32 | INFO     | scanner:_scan_loop:190 | ═══ Сканирование #766 ═══
2026-04-02 02:51:04 | INFO     | scanner:_scan_loop:213 | Сканирование #766 завершено. Найдено сетапов: 2
2026-04-02 02:52:04 | INFO     | scanner:_scan_loop:190 | ═══ Сканирование #767 ═══
2026-04-02 02:52:36 | INFO     | scanner:_scan_loop:213 | Сканирование #767 завершено. Найдено сетапов: 2
2026-04-02 02:53:36 | INFO     | scanner:_scan_loop:190 | ═══ Сканирование #768 ═══
2026-04-02 02:54:06 | INFO     | scanner:_scan_loop:213 | Сканирование #768 завершено. Найдено сетапов: 2
2026-04-02 02:55:06 | INFO     | scanner:_scan_loop:190 | ═══ Сканирование #769 ═══
2026-04-02 02:55:46 | INFO     | scanner:_scan_loop:213 | Сканирование #769 завершено. Найдено сетапов: 2
2026-04-02 02:56:46 | INFO     | scanner:_scan_loop:190 | ═══ Сканирование #770 ═══
2026-04-02 02:57:18 | INFO     | scanner:_scan_loop:213 | Сканирование #770 завершено. Найдено сетапов: 2
2026-04-02 02:58:18 | INFO     | scanner:_scan_loop:190 | ═══ Сканирование #771 ═══
2026-04-02 02:58:53 | INFO     | scanner:_scan_loop:213 | Сканирование #771 завершено. Найдено сетапов: 2
2026-04-02 02:59:53 | INFO     | scanner:_scan_loop:190 | ═══ Сканирование #772 ═══
2026-04-02 03:00:02 | ERROR    | scanner:get_klines:88 | Ошибка загрузки данных LTCUSDT 15: 'x-bapi-limit-reset-timestamp'
2026-04-02 03:00:02 | ERROR    | scanner:get_klines:88 | Ошибка загрузки данных FILUSDT 15: 'x-bapi-limit-reset-timestamp'
2026-04-02 03:00:04 | ERROR    | scanner:get_klines:88 | Ошибка загрузки данных APTUSDT 15: 'x-bapi-limit-reset-timestamp'
2026-04-02 03:00:05 | ERROR    | scanner:get_klines:88 | Ошибка загрузки данных ARBUSDT 5: 'x-bapi-limit-reset-timestamp'
2026-04-02 03:00:06 | INFO     | risk_manager:_check_new_day:57 | Новый торговый день: 2026-04-02
2026-04-02 03:00:08 | ERROR    | scanner:get_klines:88 | Ошибка загрузки данных INJUSDT 5: 'x-bapi-limit-reset-timestamp'
2026-04-02 03:00:09 | DEBUG    | telegram_bot:send_message:50 | Сообщение отправлено в Telegram
2026-04-02 03:00:10 | ERROR    | scanner:get_klines:88 | Ошибка загрузки данных JUPUSDT 15: 'x-bapi-limit-reset-timestamp'
2026-04-02 03:00:11 | ERROR    | scanner:get_klines:88 | Ошибка загрузки данных JUPUSDT 5: 'x-bapi-limit-reset-timestamp'
2026-04-02 03:00:11 | ERROR    | scanner:get_klines:88 | Ошибка загрузки данных WIFUSDT 15: 'x-bapi-limit-reset-timestamp'
2026-04-02 03:00:13 | ERROR    | scanner:get_klines:88 | Ошибка загрузки данных STXUSDT 5: 'x-bapi-limit-reset-timestamp'
2026-04-02 03:00:17 | ERROR    | scanner:get_klines:88 | Ошибка загрузки данных AAVEUSDT 15: 'x-bapi-limit-reset-timestamp'
2026-04-02 03:00:19 | ERROR    | scanner:get_klines:88 | Ошибка загрузки данных DYDXUSDT 15: 'x-bapi-limit-reset-timestamp'
2026-04-02 03:00:20 | ERROR    | scanner:get_klines:88 | Ошибка загрузки данных PENDLEUSDT 15: 'x-bapi-limit-reset-timestamp'
2026-04-02 03:00:22 | ERROR    | scanner:get_klines:88 | Ошибка загрузки данных STRKUSDT 5: 'x-bapi-limit-reset-timestamp'
2026-04-02 03:00:24 | INFO     | risk_manager:open_trade:119 | Открыта сделка: BLURUSDT SHORT @ 0.022797 | SL=0.023392692 | плечо=5x
2026-04-02 03:00:24 | INFO     | position_tracker:add_position:53 | Позиция добавлена: BLURUSDT SHORT
2026-04-02 03:00:26 | DEBUG    | telegram_bot:send_message:50 | Сообщение отправлено в Telegram
2026-04-02 03:00:26 | INFO     | scanner:_scan_loop:213 | Сканирование #772 завершено. Найдено сетапов: 2
2026-04-02 03:01:26 | INFO     | scanner:_scan_loop:190 | ═══ Сканирование #773 ═══
2026-04-02 03:01:57 | INFO     | scanner:_scan_loop:213 | Сканирование #773 завершено. Найдено сетапов: 0
2026-04-02 03:02:57 | INFO     | scanner:_scan_loop:190 | ═══ Сканирование #774 ═══
2026-04-02 03:03:29 | INFO     | scanner:_scan_loop:213 | Сканирование #774 завершено. Найдено сетапов: 0
2026-04-02 03:04:29 | INFO     | scanner:_scan_loop:190 | ═══ Сканирование #775 ═══
2026-04-02 03:05:01 | INFO     | scanner:_scan_loop:213 | Сканирование #775 завершено. Найдено сетапов: 1
2026-04-02 03:06:01 | INFO     | scanner:_scan_loop:190 | ═══ Сканирование #776 ═══
2026-04-02 03:06:35 | INFO     | scanner:_scan_loop:213 | Сканирование #776 завершено. Найдено сетапов: 1
2026-04-02 03:07:35 | INFO     | scanner:_scan_loop:190 | ═══ Сканирование #777 ═══
2026-04-02 03:08:05 | INFO     | scanner:_scan_loop:213 | Сканирование #777 завершено. Найдено сетапов: 1
2026-04-02 03:09:05 | INFO     | scanner:_scan_loop:190 | ═══ Сканирование #778 ═══
2026-04-02 03:09:38 | INFO     | scanner:_scan_loop:213 | Сканирование #778 завершено. Найдено сетапов: 1
2026-04-02 03:10:38 | INFO     | scanner:_scan_loop:190 | ═══ Сканирование #779 ═══
2026-04-02 03:11:17 | INFO     | scanner:_scan_loop:213 | Сканирование #779 завершено. Найдено сетапов: 1
2026-04-02 03:12:17 | INFO     | scanner:_scan_loop:190 | ═══ Сканирование #780 ═══
2026-04-02 03:12:49 | INFO     | scanner:_scan_loop:213 | Сканирование #780 завершено. Найдено сетапов: 1
2026-04-02 03:13:49 | INFO     | scanner:_scan_loop:190 | ═══ Сканирование #781 ═══
2026-04-02 03:14:19 | INFO     | scanner:_scan_loop:213 | Сканирование #781 завершено. Найдено сетапов: 1
2026-04-02 03:15:19 | INFO     | scanner:_scan_loop:190 | ═══ Сканирование #782 ═══
2026-04-02 03:15:52 | INFO     | scanner:_scan_loop:213 | Сканирование #782 завершено. Найдено сетапов: 1
2026-04-02 03:16:52 | INFO     | scanner:_scan_loop:190 | ═══ Сканирование #783 ═══
2026-04-02 03:17:22 | INFO     | scanner:_scan_loop:213 | Сканирование #783 завершено. Найдено сетапов: 1
2026-04-02 03:18:22 | INFO     | scanner:_scan_loop:190 | ═══ Сканирование #784 ═══
2026-04-02 03:18:53 | INFO     | scanner:_scan_loop:213 | Сканирование #784 завершено. Найдено сетапов: 1
2026-04-02 03:19:53 | INFO     | scanner:_scan_loop:190 | ═══ Сканирование #785 ═══
2026-04-02 03:20:06 | ERROR    | scanner:get_klines:88 | Ошибка загрузки данных SUIUSDT 15: 'x-bapi-limit-reset-timestamp'
2026-04-02 03:20:06 | ERROR    | scanner:get_klines:88 | Ошибка загрузки данных SUIUSDT 5: 'x-bapi-limit-reset-timestamp'
2026-04-02 03:20:06 | ERROR    | scanner:get_klines:88 | Ошибка загрузки данных NEARUSDT 15: 'x-bapi-limit-reset-timestamp'
2026-04-02 03:20:08 | ERROR    | scanner:get_klines:88 | Ошибка загрузки данных TIAUSDT 15: 'x-bapi-limit-reset-timestamp'
2026-04-02 03:20:26 | INFO     | scanner:_scan_loop:213 | Сканирование #785 завершено. Найдено сетапов: 1
2026-04-02 03:21:26 | INFO     | scanner:_scan_loop:190 | ═══ Сканирование #786 ═══
2026-04-02 03:22:00 | INFO     | scanner:_scan_loop:213 | Сканирование #786 завершено. Найдено сетапов: 1
2026-04-02 03:23:00 | INFO     | scanner:_scan_loop:190 | ═══ Сканирование #787 ═══
2026-04-02 03:23:30 | INFO     | scanner:_scan_loop:213 | Сканирование #787 завершено. Найдено сетапов: 1
2026-04-02 03:24:30 | INFO     | scanner:_scan_loop:190 | ═══ Сканирование #788 ═══
2026-04-02 03:24:59 | INFO     | scanner:_scan_loop:213 | Сканирование #788 завершено. Найдено сетапов: 1
2026-04-02 03:25:59 | INFO     | scanner:_scan_loop:190 | ═══ Сканирование #789 ═══
2026-04-02 03:26:38 | INFO     | scanner:_scan_loop:213 | Сканирование #789 завершено. Найдено сетапов: 0
2026-04-02 03:27:38 | INFO     | scanner:_scan_loop:190 | ═══ Сканирование #790 ═══
2026-04-02 03:28:09 | INFO     | scanner:_scan_loop:213 | Сканирование #790 завершено. Найдено сетапов: 0
2026-04-02 03:29:09 | INFO     | scanner:_scan_loop:190 | ═══ Сканирование #791 ═══
2026-04-02 03:29:38 | INFO     | scanner:_scan_loop:213 | Сканирование #791 завершено. Найдено сетапов: 0
2026-04-02 03:30:38 | INFO     | scanner:_scan_loop:190 | ═══ Сканирование #792 ═══
2026-04-02 03:31:11 | INFO     | scanner:_scan_loop:213 | Сканирование #792 завершено. Найдено сетапов: 1
2026-04-02 03:32:11 | INFO     | scanner:_scan_loop:190 | ═══ Сканирование #793 ═══
2026-04-02 03:32:42 | INFO     | scanner:_scan_loop:213 | Сканирование #793 завершено. Найдено сетапов: 1
2026-04-02 03:33:42 | INFO     | scanner:_scan_loop:190 | ═══ Сканирование #794 ═══
2026-04-02 03:34:11 | INFO     | scanner:_scan_loop:213 | Сканирование #794 завершено. Найдено сетапов: 1
2026-04-02 03:35:11 | INFO     | scanner:_scan_loop:190 | ═══ Сканирование #795 ═══
2026-04-02 03:35:41 | INFO     | scanner:_scan_loop:213 | Сканирование #795 завершено. Найдено сетапов: 1
2026-04-02 03:36:41 | INFO     | scanner:_scan_loop:190 | ═══ Сканирование #796 ═══
2026-04-02 03:37:11 | INFO     | scanner:_scan_loop:213 | Сканирование #796 завершено. Найдено сетапов: 1
2026-04-02 03:38:11 | INFO     | scanner:_scan_loop:190 | ═══ Сканирование #797 ═══
2026-04-02 03:38:40 | INFO     | scanner:_scan_loop:213 | Сканирование #797 завершено. Найдено сетапов: 1
2026-04-02 03:39:40 | INFO     | scanner:_scan_loop:190 | ═══ Сканирование #798 ═══
2026-04-02 03:40:10 | INFO     | scanner:_scan_loop:213 | Сканирование #798 завершено. Найдено сетапов: 1
2026-04-02 03:41:10 | INFO     | scanner:_scan_loop:190 | ═══ Сканирование #799 ═══
2026-04-02 03:41:48 | INFO     | scanner:_scan_loop:213 | Сканирование #799 завершено. Найдено сетапов: 1
2026-04-02 03:42:48 | INFO     | scanner:_scan_loop:190 | ═══ Сканирование #800 ═══
2026-04-02 03:43:23 | INFO     | scanner:_scan_loop:213 | Сканирование #800 завершено. Найдено сетапов: 1
2026-04-02 03:44:23 | INFO     | scanner:_scan_loop:190 | ═══ Сканирование #801 ═══
2026-04-02 03:44:57 | INFO     | scanner:_scan_loop:213 | Сканирование #801 завершено. Найдено сетапов: 1
2026-04-02 03:45:57 | INFO     | scanner:_scan_loop:190 | ═══ Сканирование #802 ═══
2026-04-02 03:46:26 | INFO     | scanner:_scan_loop:213 | Сканирование #802 завершено. Найдено сетапов: 1
2026-04-02 03:47:26 | INFO     | scanner:_scan_loop:190 | ═══ Сканирование #803 ═══
2026-04-02 03:47:55 | INFO     | scanner:_scan_loop:213 | Сканирование #803 завершено. Найдено сетапов: 1
2026-04-02 03:48:55 | INFO     | scanner:_scan_loop:190 | ═══ Сканирование #804 ═══
2026-04-02 03:49:28 | INFO     | scanner:_scan_loop:213 | Сканирование #804 завершено. Найдено сетапов: 1
2026-04-02 03:50:28 | INFO     | scanner:_scan_loop:190 | ═══ Сканирование #805 ═══
2026-04-02 03:50:59 | INFO     | scanner:_scan_loop:213 | Сканирование #805 завершено. Найдено сетапов: 2
2026-04-02 03:51:59 | INFO     | scanner:_scan_loop:190 | ═══ Сканирование #806 ═══
2026-04-02 03:52:29 | INFO     | scanner:_scan_loop:213 | Сканирование #806 завершено. Найдено сетапов: 2
2026-04-02 03:53:29 | INFO     | scanner:_scan_loop:190 | ═══ Сканирование #807 ═══
2026-04-02 03:54:00 | INFO     | scanner:_scan_loop:213 | Сканирование #807 завершено. Найдено сетапов: 2
2026-04-02 03:55:00 | INFO     | scanner:_scan_loop:190 | ═══ Сканирование #808 ═══
2026-04-02 03:55:32 | INFO     | scanner:_scan_loop:213 | Сканирование #808 завершено. Найдено сетапов: 2
2026-04-02 03:56:32 | INFO     | scanner:_scan_loop:190 | ═══ Сканирование #809 ═══
2026-04-02 03:57:12 | INFO     | scanner:_scan_loop:213 | Сканирование #809 завершено. Найдено сетапов: 2
2026-04-02 03:58:12 | INFO     | scanner:_scan_loop:190 | ═══ Сканирование #810 ═══
2026-04-02 03:58:42 | INFO     | scanner:_scan_loop:213 | Сканирование #810 завершено. Найдено сетапов: 2
2026-04-02 03:59:42 | INFO     | scanner:_scan_loop:190 | ═══ Сканирование #811 ═══
2026-04-02 04:00:03 | ERROR    | scanner:get_klines:88 | Ошибка загрузки данных MANTAUSDT 15: 'x-bapi-limit-reset-timestamp'
2026-04-02 04:00:03 | ERROR    | scanner:get_klines:88 | Ошибка загрузки данных MANTAUSDT 5: 'x-bapi-limit-reset-timestamp'
2026-04-02 04:00:04 | ERROR    | scanner:get_klines:88 | Ошибка загрузки данных TRXUSDT 5: 'x-bapi-limit-reset-timestamp'
2026-04-02 04:00:05 | ERROR    | scanner:get_klines:88 | Ошибка загрузки данных BCHUSDT 5: 'x-bapi-limit-reset-timestamp'
2026-04-02 04:00:10 | ERROR    | scanner:get_klines:88 | Ошибка загрузки данных PENDLEUSDT 5: 'x-bapi-limit-reset-timestamp'
2026-04-02 04:00:13 | ERROR    | scanner:get_klines:88 | Ошибка загрузки данных BLURUSDT 15: 'x-bapi-limit-reset-timestamp'
2026-04-02 04:00:14 | INFO     | scanner:_scan_loop:213 | Сканирование #811 завершено. Найдено сетапов: 2
2026-04-02 04:01:14 | INFO     | scanner:_scan_loop:190 | ═══ Сканирование #812 ═══
2026-04-02 04:01:45 | INFO     | scanner:_scan_loop:213 | Сканирование #812 завершено. Найдено сетапов: 2
2026-04-02 04:02:45 | INFO     | scanner:_scan_loop:190 | ═══ Сканирование #813 ═══
2026-04-02 04:03:15 | INFO     | scanner:_scan_loop:213 | Сканирование #813 завершено. Найдено сетапов: 2
2026-04-02 04:04:15 | INFO     | scanner:_scan_loop:190 | ═══ Сканирование #814 ═══
2026-04-02 04:04:46 | INFO     | scanner:_scan_loop:213 | Сканирование #814 завершено. Найдено сетапов: 2
2026-04-02 04:05:46 | INFO     | scanner:_scan_loop:190 | ═══ Сканирование #815 ═══
2026-04-02 04:06:16 | INFO     | scanner:_scan_loop:213 | Сканирование #815 завершено. Найдено сетапов: 2
2026-04-02 04:07:16 | INFO     | scanner:_scan_loop:190 | ═══ Сканирование #816 ═══
2026-04-02 04:07:46 | INFO     | scanner:_scan_loop:213 | Сканирование #816 завершено. Найдено сетапов: 2
2026-04-02 04:08:46 | INFO     | scanner:_scan_loop:190 | ═══ Сканирование #817 ═══
2026-04-02 04:09:16 | INFO     | scanner:_scan_loop:213 | Сканирование #817 завершено. Найдено сетапов: 2
2026-04-02 04:10:16 | INFO     | scanner:_scan_loop:190 | ═══ Сканирование #818 ═══
2026-04-02 04:10:46 | INFO     | scanner:_scan_loop:213 | Сканирование #818 завершено. Найдено сетапов: 1
2026-04-02 04:11:46 | INFO     | scanner:_scan_loop:190 | ═══ Сканирование #819 ═══
2026-04-02 04:12:26 | INFO     | scanner:_scan_loop:213 | Сканирование #819 завершено. Найдено сетапов: 1
2026-04-02 04:13:26 | INFO     | scanner:_scan_loop:190 | ═══ Сканирование #820 ═══
2026-04-02 04:13:57 | INFO     | scanner:_scan_loop:213 | Сканирование #820 завершено. Найдено сетапов: 1
2026-04-02 04:14:02 | INFO     | risk_manager:update_tp1_hit:190 | ТП1 достигнут: BLURUSDT @ 0.02172 Закрыто 70%, стоп → безубыток | deposit PnL: +3.16%
2026-04-02 04:14:04 | DEBUG    | telegram_bot:send_message:50 | Сообщение отправлено в Telegram
2026-04-02 04:14:57 | INFO     | scanner:_scan_loop:190 | ═══ Сканирование #821 ═══
2026-04-02 04:15:04 | ERROR    | scanner:get_klines:88 | Ошибка загрузки данных DOTUSDT 5: 'x-bapi-limit-reset-timestamp'
2026-04-02 04:15:28 | INFO     | scanner:_scan_loop:213 | Сканирование #821 завершено. Найдено сетапов: 1
2026-04-02 04:16:28 | INFO     | scanner:_scan_loop:190 | ═══ Сканирование #822 ═══
2026-04-02 04:16:58 | INFO     | scanner:_scan_loop:213 | Сканирование #822 завершено. Найдено сетапов: 1
2026-04-02 04:17:30 | INFO     | risk_manager:close_trade:157 | Закрыта сделка: BLURUSDT trailing_stop @ 0.021721 P&L: +4.72% (депозит: +1.35%)
2026-04-02 04:17:32 | DEBUG    | telegram_bot:send_message:50 | Сообщение отправлено в Telegram
2026-04-02 04:17:58 | INFO     | scanner:_scan_loop:190 | ═══ Сканирование #823 ═══
2026-04-02 04:18:27 | INFO     | risk_manager:open_trade:119 | Открыта сделка: BLURUSDT LONG @ 0.021768 | SL=0.02186618 | плечо=5x
2026-04-02 04:18:27 | INFO     | position_tracker:add_position:53 | Позиция добавлена: BLURUSDT LONG
2026-04-02 04:18:32 | DEBUG    | telegram_bot:send_message:50 | Сообщение отправлено в Telegram
2026-04-02 04:18:32 | INFO     | scanner:_scan_loop:213 | Сканирование #823 завершено. Найдено сетапов: 1
2026-04-02 04:18:32 | INFO     | risk_manager:close_trade:157 | Закрыта сделка: BLURUSDT stopped @ 0.02179 P&L: +0.10% (депозит: +0.51%)
2026-04-02 04:18:38 | DEBUG    | telegram_bot:send_message:50 | Сообщение отправлено в Telegram
2026-04-02 04:19:32 | INFO     | scanner:_scan_loop:190 | ═══ Сканирование #824 ═══
2026-04-02 04:20:02 | INFO     | scanner:_scan_loop:213 | Сканирование #824 завершено. Найдено сетапов: 0
2026-04-02 04:21:02 | INFO     | scanner:_scan_loop:190 | ═══ Сканирование #825 ═══
2026-04-02 04:21:31 | INFO     | scanner:_scan_loop:213 | Сканирование #825 завершено. Найдено сетапов: 0
2026-04-02 04:22:31 | INFO     | scanner:_scan_loop:190 | ═══ Сканирование #826 ═══
2026-04-02 04:23:03 | INFO     | scanner:_scan_loop:213 | Сканирование #826 завершено. Найдено сетапов: 0
2026-04-02 04:24:03 | INFO     | scanner:_scan_loop:190 | ═══ Сканирование #827 ═══
2026-04-02 04:24:33 | INFO     | scanner:_scan_loop:213 | Сканирование #827 завершено. Найдено сетапов: 0
2026-04-02 04:25:33 | INFO     | scanner:_scan_loop:190 | ═══ Сканирование #828 ═══
2026-04-02 04:26:04 | INFO     | scanner:_scan_loop:213 | Сканирование #828 завершено. Найдено сетапов: 0
2026-04-02 04:27:04 | INFO     | scanner:_scan_loop:190 | ═══ Сканирование #829 ═══
2026-04-02 04:27:43 | INFO     | scanner:_scan_loop:213 | Сканирование #829 завершено. Найдено сетапов: 0
2026-04-02 04:28:43 | INFO     | scanner:_scan_loop:190 | ═══ Сканирование #830 ═══
2026-04-02 04:29:16 | INFO     | scanner:_scan_loop:213 | Сканирование #830 завершено. Найдено сетапов: 0
2026-04-02 04:30:16 | INFO     | scanner:_scan_loop:190 | ═══ Сканирование #831 ═══
2026-04-02 04:30:45 | INFO     | scanner:_scan_loop:213 | Сканирование #831 завершено. Найдено сетапов: 0
2026-04-02 04:31:45 | INFO     | scanner:_scan_loop:190 | ═══ Сканирование #832 ═══
2026-04-02 04:32:16 | INFO     | scanner:_scan_loop:213 | Сканирование #832 завершено. Найдено сетапов: 0
2026-04-02 04:33:16 | INFO     | scanner:_scan_loop:190 | ═══ Сканирование #833 ═══
2026-04-02 04:33:46 | INFO     | scanner:_scan_loop:213 | Сканирование #833 завершено. Найдено сетапов: 0
2026-04-02 04:34:46 | INFO     | scanner:_scan_loop:190 | ═══ Сканирование #834 ═══
2026-04-02 04:35:15 | INFO     | scanner:_scan_loop:213 | Сканирование #834 завершено. Найдено сетапов: 0
2026-04-02 04:36:15 | INFO     | scanner:_scan_loop:190 | ═══ Сканирование #835 ═══
2026-04-02 04:36:46 | INFO     | scanner:_scan_loop:213 | Сканирование #835 завершено. Найдено сетапов: 0
2026-04-02 04:37:46 | INFO     | scanner:_scan_loop:190 | ═══ Сканирование #836 ═══
2026-04-02 04:38:18 | INFO     | scanner:_scan_loop:213 | Сканирование #836 завершено. Найдено сетапов: 0
2026-04-02 04:39:18 | INFO     | scanner:_scan_loop:190 | ═══ Сканирование #837 ═══
2026-04-02 04:39:48 | INFO     | scanner:_scan_loop:213 | Сканирование #837 завершено. Найдено сетапов: 0
2026-04-02 04:40:48 | INFO     | scanner:_scan_loop:190 | ═══ Сканирование #838 ═══
2026-04-02 04:41:19 | INFO     | scanner:_scan_loop:213 | Сканирование #838 завершено. Найдено сетапов: 0
2026-04-02 04:42:19 | INFO     | scanner:_scan_loop:190 | ═══ Сканирование #839 ═══
2026-04-02 04:42:59 | INFO     | scanner:_scan_loop:213 | Сканирование #839 завершено. Найдено сетапов: 0
2026-04-02 04:43:59 | INFO     | scanner:_scan_loop:190 | ═══ Сканирование #840 ═══
2026-04-02 04:44:30 | INFO     | scanner:_scan_loop:213 | Сканирование #840 завершено. Найдено сетапов: 0
2026-04-02 04:45:30 | INFO     | scanner:_scan_loop:190 | ═══ Сканирование #841 ═══
2026-04-02 04:46:01 | INFO     | scanner:_scan_loop:213 | Сканирование #841 завершено. Найдено сетапов: 0
2026-04-02 04:47:01 | INFO     | scanner:_scan_loop:190 | ═══ Сканирование #842 ═══
2026-04-02 04:47:31 | INFO     | scanner:_scan_loop:213 | Сканирование #842 завершено. Найдено сетапов: 0
2026-04-02 04:48:31 | INFO     | scanner:_scan_loop:190 | ═══ Сканирование #843 ═══
2026-04-02 04:49:02 | INFO     | risk_manager:open_trade:119 | Открыта сделка: BLURUSDT LONG @ 0.02156 | SL=0.02186618 | плечо=5x
2026-04-02 04:49:02 | INFO     | position_tracker:add_position:53 | Позиция добавлена: BLURUSDT LONG
2026-04-02 04:49:04 | DEBUG    | telegram_bot:send_message:50 | Сообщение отправлено в Telegram
2026-04-02 04:49:04 | INFO     | scanner:_scan_loop:213 | Сканирование #843 завершено. Найдено сетапов: 1
2026-04-02 04:49:10 | INFO     | risk_manager:close_trade:157 | Закрыта сделка: BLURUSDT stopped @ 0.021579 P&L: +0.09% (депозит: +0.16%)
2026-04-02 04:49:12 | DEBUG    | telegram_bot:send_message:50 | Сообщение отправлено в Telegram
2026-04-02 04:50:04 | INFO     | scanner:_scan_loop:190 | ═══ Сканирование #844 ═══
2026-04-02 04:50:33 | INFO     | scanner:_scan_loop:213 | Сканирование #844 завершено. Найдено сетапов: 0
2026-04-02 04:51:33 | INFO     | scanner:_scan_loop:190 | ═══ Сканирование #845 ═══
2026-04-02 04:52:03 | INFO     | scanner:_scan_loop:213 | Сканирование #845 завершено. Найдено сетапов: 0
2026-04-02 04:53:03 | INFO     | scanner:_scan_loop:190 | ═══ Сканирование #846 ═══
2026-04-02 04:53:32 | INFO     | scanner:_scan_loop:213 | Сканирование #846 завершено. Найдено сетапов: 0
2026-04-02 04:54:32 | INFO     | scanner:_scan_loop:190 | ═══ Сканирование #847 ═══
2026-04-02 04:55:01 | INFO     | scanner:_scan_loop:213 | Сканирование #847 завершено. Найдено сетапов: 0
2026-04-02 04:56:01 | INFO     | scanner:_scan_loop:190 | ═══ Сканирование #848 ═══
2026-04-02 04:56:30 | INFO     | scanner:_scan_loop:213 | Сканирование #848 завершено. Найдено сетапов: 0
2026-04-02 04:57:30 | INFO     | scanner:_scan_loop:190 | ═══ Сканирование #849 ═══
2026-04-02 04:58:11 | INFO     | scanner:_scan_loop:213 | Сканирование #849 завершено. Найдено сетапов: 0
2026-04-02 04:59:11 | INFO     | scanner:_scan_loop:190 | ═══ Сканирование #850 ═══
2026-04-02 04:59:41 | INFO     | scanner:_scan_loop:213 | Сканирование #850 завершено. Найдено сетапов: 0
2026-04-02 05:00:42 | INFO     | scanner:_scan_loop:190 | ═══ Сканирование #851 ═══
2026-04-02 05:01:14 | INFO     | scanner:_scan_loop:213 | Сканирование #851 завершено. Найдено сетапов: 0
2026-04-02 05:02:14 | INFO     | scanner:_scan_loop:190 | ═══ Сканирование #852 ═══
2026-04-02 05:02:49 | INFO     | scanner:_scan_loop:213 | Сканирование #852 завершено. Найдено сетапов: 0
2026-04-02 05:03:49 | INFO     | scanner:_scan_loop:190 | ═══ Сканирование #853 ═══
2026-04-02 05:04:22 | INFO     | scanner:_scan_loop:213 | Сканирование #853 завершено. Найдено сетапов: 0
2026-04-02 05:05:22 | INFO     | scanner:_scan_loop:190 | ═══ Сканирование #854 ═══
2026-04-02 05:05:55 | INFO     | scanner:_scan_loop:213 | Сканирование #854 завершено. Найдено сетапов: 0
2026-04-02 05:06:55 | INFO     | scanner:_scan_loop:190 | ═══ Сканирование #855 ═══
2026-04-02 05:07:27 | INFO     | scanner:_scan_loop:213 | Сканирование #855 завершено. Найдено сетапов: 0
2026-04-02 05:08:27 | INFO     | scanner:_scan_loop:190 | ═══ Сканирование #856 ═══
2026-04-02 05:09:01 | INFO     | scanner:_scan_loop:213 | Сканирование #856 завершено. Найдено сетапов: 0
2026-04-02 05:10:01 | INFO     | scanner:_scan_loop:190 | ═══ Сканирование #857 ═══
2026-04-02 05:10:35 | INFO     | scanner:_scan_loop:213 | Сканирование #857 завершено. Найдено сетапов: 0
2026-04-02 05:11:35 | INFO     | scanner:_scan_loop:190 | ═══ Сканирование #858 ═══
2026-04-02 05:12:09 | INFO     | scanner:_scan_loop:213 | Сканирование #858 завершено. Найдено сетапов: 0
2026-04-02 05:13:09 | INFO     | scanner:_scan_loop:190 | ═══ Сканирование #859 ═══
2026-04-02 05:13:55 | INFO     | scanner:_scan_loop:213 | Сканирование #859 завершено. Найдено сетапов: 0
2026-04-02 05:14:55 | INFO     | scanner:_scan_loop:190 | ═══ Сканирование #860 ═══
2026-04-02 05:15:06 | ERROR    | scanner:get_klines:88 | Ошибка загрузки данных ATOMUSDT 5: 'x-bapi-limit-reset-timestamp'
2026-04-02 05:15:13 | ERROR    | scanner:get_klines:88 | Ошибка загрузки данных WLDUSDT 15: 'x-bapi-limit-reset-timestamp'
2026-04-02 05:15:28 | INFO     | scanner:_scan_loop:213 | Сканирование #860 завершено. Найдено сетапов: 0
2026-04-02 05:16:28 | INFO     | scanner:_scan_loop:190 | ═══ Сканирование #861 ═══
2026-04-02 05:17:02 | INFO     | scanner:_scan_loop:213 | Сканирование #861 завершено. Найдено сетапов: 0
2026-04-02 05:18:02 | INFO     | scanner:_scan_loop:190 | ═══ Сканирование #862 ═══
2026-04-02 05:18:34 | INFO     | scanner:_scan_loop:213 | Сканирование #862 завершено. Найдено сетапов: 0
2026-04-02 05:19:34 | INFO     | scanner:_scan_loop:190 | ═══ Сканирование #863 ═══
2026-04-02 05:20:08 | INFO     | scanner:_scan_loop:213 | Сканирование #863 завершено. Найдено сетапов: 1
2026-04-02 05:21:08 | INFO     | scanner:_scan_loop:190 | ═══ Сканирование #864 ═══
2026-04-02 05:21:39 | INFO     | scanner:_scan_loop:213 | Сканирование #864 завершено. Найдено сетапов: 1
2026-04-02 05:22:39 | INFO     | scanner:_scan_loop:190 | ═══ Сканирование #865 ═══
2026-04-02 05:23:11 | INFO     | scanner:_scan_loop:213 | Сканирование #865 завершено. Найдено сетапов: 1
2026-04-02 05:24:11 | INFO     | scanner:_scan_loop:190 | ═══ Сканирование #866 ═══
2026-04-02 05:24:43 | INFO     | scanner:_scan_loop:213 | Сканирование #866 завершено. Найдено сетапов: 1
2026-04-02 05:25:43 | INFO     | scanner:_scan_loop:190 | ═══ Сканирование #867 ═══
2026-04-02 05:26:17 | INFO     | scanner:_scan_loop:213 | Сканирование #867 завершено. Найдено сетапов: 1
2026-04-02 05:27:17 | INFO     | scanner:_scan_loop:190 | ═══ Сканирование #868 ═══
2026-04-02 05:27:54 | INFO     | scanner:_scan_loop:213 | Сканирование #868 завершено. Найдено сетапов: 1
2026-04-02 05:28:54 | INFO     | scanner:_scan_loop:190 | ═══ Сканирование #869 ═══
2026-04-02 05:29:41 | INFO     | scanner:_scan_loop:213 | Сканирование #869 завершено. Найдено сетапов: 1
2026-04-02 05:30:41 | INFO     | scanner:_scan_loop:190 | ═══ Сканирование #870 ═══
2026-04-02 05:31:18 | INFO     | scanner:_scan_loop:213 | Сканирование #870 завершено. Найдено сетапов: 1
2026-04-02 05:32:18 | INFO     | scanner:_scan_loop:190 | ═══ Сканирование #871 ═══
2026-04-02 05:32:56 | INFO     | scanner:_scan_loop:213 | Сканирование #871 завершено. Найдено сетапов: 1
2026-04-02 05:33:56 | INFO     | scanner:_scan_loop:190 | ═══ Сканирование #872 ═══
2026-04-02 05:34:31 | INFO     | scanner:_scan_loop:213 | Сканирование #872 завершено. Найдено сетапов: 1
2026-04-02 05:35:31 | INFO     | scanner:_scan_loop:190 | ═══ Сканирование #873 ═══
2026-04-02 05:36:06 | INFO     | scanner:_scan_loop:213 | Сканирование #873 завершено. Найдено сетапов: 1
2026-04-02 05:37:06 | INFO     | scanner:_scan_loop:190 | ═══ Сканирование #874 ═══
2026-04-02 05:37:40 | INFO     | scanner:_scan_loop:213 | Сканирование #874 завершено. Найдено сетапов: 1
2026-04-02 05:38:40 | INFO     | scanner:_scan_loop:190 | ═══ Сканирование #875 ═══
2026-04-02 05:39:16 | INFO     | scanner:_scan_loop:213 | Сканирование #875 завершено. Найдено сетапов: 1
2026-04-02 05:40:16 | INFO     | scanner:_scan_loop:190 | ═══ Сканирование #876 ═══
2026-04-02 05:40:52 | INFO     | scanner:_scan_loop:213 | Сканирование #876 завершено. Найдено сетапов: 1
2026-04-02 05:41:52 | INFO     | scanner:_scan_loop:190 | ═══ Сканирование #877 ═══
2026-04-02 05:42:22 | INFO     | scanner:_scan_loop:213 | Сканирование #877 завершено. Найдено сетапов: 1
2026-04-02 05:43:22 | INFO     | scanner:_scan_loop:190 | ═══ Сканирование #878 ═══
2026-04-02 05:43:55 | INFO     | scanner:_scan_loop:213 | Сканирование #878 завершено. Найдено сетапов: 1
2026-04-02 05:44:55 | INFO     | scanner:_scan_loop:190 | ═══ Сканирование #879 ═══
2026-04-02 05:45:07 | ERROR    | scanner:get_klines:88 | Ошибка загрузки данных LTCUSDT 15: 'x-bapi-limit-reset-timestamp'
2026-04-02 05:45:08 | ERROR    | scanner:get_klines:88 | Ошибка загрузки данных FILUSDT 15: 'x-bapi-limit-reset-timestamp'
2026-04-02 05:45:08 | ERROR    | scanner:get_klines:88 | Ошибка загрузки данных FILUSDT 5: 'x-bapi-limit-reset-timestamp'
2026-04-02 05:45:09 | ERROR    | scanner:get_klines:88 | Ошибка загрузки данных ARBUSDT 15: 'x-bapi-limit-reset-timestamp'
2026-04-02 05:45:34 | INFO     | scanner:_scan_loop:213 | Сканирование #879 завершено. Найдено сетапов: 1
2026-04-02 05:46:34 | INFO     | scanner:_scan_loop:190 | ═══ Сканирование #880 ═══
2026-04-02 05:47:06 | INFO     | scanner:_scan_loop:213 | Сканирование #880 завершено. Найдено сетапов: 1
2026-04-02 05:48:06 | INFO     | scanner:_scan_loop:190 | ═══ Сканирование #881 ═══
2026-04-02 05:48:37 | INFO     | scanner:_scan_loop:213 | Сканирование #881 завершено. Найдено сетапов: 1
2026-04-02 05:49:37 | INFO     | scanner:_scan_loop:190 | ═══ Сканирование #882 ═══
2026-04-02 05:50:05 | ERROR    | scanner:get_klines:88 | Ошибка загрузки данных STRKUSDT 5: 'x-bapi-limit-reset-timestamp'
2026-04-02 05:50:07 | INFO     | scanner:_scan_loop:213 | Сканирование #882 завершено. Найдено сетапов: 1
2026-04-02 05:51:07 | INFO     | scanner:_scan_loop:190 | ═══ Сканирование #883 ═══
2026-04-02 05:51:38 | INFO     | scanner:_scan_loop:213 | Сканирование #883 завершено. Найдено сетапов: 1
2026-04-02 05:52:38 | INFO     | scanner:_scan_loop:190 | ═══ Сканирование #884 ═══
2026-04-02 05:53:07 | INFO     | scanner:_scan_loop:213 | Сканирование #884 завершено. Найдено сетапов: 1
2026-04-02 05:54:07 | INFO     | scanner:_scan_loop:190 | ═══ Сканирование #885 ═══
2026-04-02 05:54:43 | INFO     | scanner:_scan_loop:213 | Сканирование #885 завершено. Найдено сетапов: 1
2026-04-02 05:55:43 | INFO     | scanner:_scan_loop:190 | ═══ Сканирование #886 ═══
2026-04-02 05:56:12 | INFO     | scanner:_scan_loop:213 | Сканирование #886 завершено. Найдено сетапов: 1
2026-04-02 05:57:12 | INFO     | scanner:_scan_loop:190 | ═══ Сканирование #887 ═══
2026-04-02 05:57:44 | INFO     | scanner:_scan_loop:213 | Сканирование #887 завершено. Найдено сетапов: 1
2026-04-02 05:58:44 | INFO     | scanner:_scan_loop:190 | ═══ Сканирование #888 ═══
2026-04-02 05:59:14 | INFO     | scanner:_scan_loop:213 | Сканирование #888 завершено. Найдено сетапов: 1
2026-04-02 06:00:14 | INFO     | scanner:_scan_loop:190 | ═══ Сканирование #889 ═══
2026-04-02 06:00:20 | ERROR    | scanner:get_klines:88 | Ошибка загрузки данных DOGEUSDT 5: 'x-bapi-limit-reset-timestamp'
2026-04-02 06:00:23 | ERROR    | scanner:get_klines:88 | Ошибка загрузки данных LINKUSDT 5: 'x-bapi-limit-reset-timestamp'
2026-04-02 06:00:29 | ERROR    | scanner:get_klines:88 | Ошибка загрузки данных OPUSDT 5: 'x-bapi-limit-reset-timestamp'
2026-04-02 06:00:29 | ERROR    | scanner:get_klines:88 | Ошибка загрузки данных SUIUSDT 240: 'x-bapi-limit-reset-timestamp'
2026-04-02 06:00:55 | INFO     | scanner:_scan_loop:213 | Сканирование #889 завершено. Найдено сетапов: 1
2026-04-02 06:01:55 | INFO     | scanner:_scan_loop:190 | ═══ Сканирование #890 ═══
2026-04-02 06:02:26 | INFO     | scanner:_scan_loop:213 | Сканирование #890 завершено. Найдено сетапов: 1
2026-04-02 06:03:26 | INFO     | scanner:_scan_loop:190 | ═══ Сканирование #891 ═══
2026-04-02 06:03:58 | INFO     | scanner:_scan_loop:213 | Сканирование #891 завершено. Найдено сетапов: 1
2026-04-02 06:04:58 | INFO     | scanner:_scan_loop:190 | ═══ Сканирование #892 ═══
2026-04-02 06:05:28 | INFO     | scanner:_scan_loop:213 | Сканирование #892 завершено. Найдено сетапов: 1
2026-04-02 06:06:28 | INFO     | scanner:_scan_loop:190 | ═══ Сканирование #893 ═══
2026-04-02 06:07:00 | INFO     | scanner:_scan_loop:213 | Сканирование #893 завершено. Найдено сетапов: 1
2026-04-02 06:08:00 | INFO     | scanner:_scan_loop:190 | ═══ Сканирование #894 ═══
2026-04-02 06:08:30 | INFO     | scanner:_scan_loop:213 | Сканирование #894 завершено. Найдено сетапов: 1
2026-04-02 06:09:30 | INFO     | scanner:_scan_loop:190 | ═══ Сканирование #895 ═══
2026-04-02 06:10:00 | INFO     | scanner:_scan_loop:213 | Сканирование #895 завершено. Найдено сетапов: 1
2026-04-02 06:11:00 | INFO     | scanner:_scan_loop:190 | ═══ Сканирование #896 ═══
2026-04-02 06:11:30 | INFO     | scanner:_scan_loop:213 | Сканирование #896 завершено. Найдено сетапов: 1
2026-04-02 06:12:30 | INFO     | scanner:_scan_loop:190 | ═══ Сканирование #897 ═══
2026-04-02 06:13:00 | INFO     | scanner:_scan_loop:213 | Сканирование #897 завершено. Найдено сетапов: 1
2026-04-02 06:14:00 | INFO     | scanner:_scan_loop:190 | ═══ Сканирование #898 ═══
2026-04-02 06:14:30 | INFO     | scanner:_scan_loop:213 | Сканирование #898 завершено. Найдено сетапов: 1
2026-04-02 06:15:30 | INFO     | scanner:_scan_loop:190 | ═══ Сканирование #899 ═══
2026-04-02 06:16:10 | INFO     | scanner:_scan_loop:213 | Сканирование #899 завершено. Найдено сетапов: 1
2026-04-02 06:17:10 | INFO     | scanner:_scan_loop:190 | ═══ Сканирование #900 ═══
2026-04-02 06:17:41 | INFO     | scanner:_scan_loop:213 | Сканирование #900 завершено. Найдено сетапов: 1
2026-04-02 06:18:41 | INFO     | scanner:_scan_loop:190 | ═══ Сканирование #901 ═══
2026-04-02 06:19:11 | INFO     | scanner:_scan_loop:213 | Сканирование #901 завершено. Найдено сетапов: 1
2026-04-02 06:20:11 | INFO     | scanner:_scan_loop:190 | ═══ Сканирование #902 ═══
2026-04-02 06:20:41 | INFO     | scanner:_scan_loop:213 | Сканирование #902 завершено. Найдено сетапов: 1
2026-04-02 06:21:41 | INFO     | scanner:_scan_loop:190 | ═══ Сканирование #903 ═══
2026-04-02 06:22:12 | INFO     | scanner:_scan_loop:213 | Сканирование #903 завершено. Найдено сетапов: 1
2026-04-02 06:23:12 | INFO     | scanner:_scan_loop:190 | ═══ Сканирование #904 ═══
2026-04-02 06:23:41 | INFO     | scanner:_scan_loop:213 | Сканирование #904 завершено. Найдено сетапов: 1
2026-04-02 06:24:41 | INFO     | scanner:_scan_loop:190 | ═══ Сканирование #905 ═══
2026-04-02 06:25:14 | INFO     | scanner:_scan_loop:213 | Сканирование #905 завершено. Найдено сетапов: 1
2026-04-02 06:26:14 | INFO     | scanner:_scan_loop:190 | ═══ Сканирование #906 ═══
2026-04-02 06:26:44 | INFO     | scanner:_scan_loop:213 | Сканирование #906 завершено. Найдено сетапов: 1
2026-04-02 06:27:44 | INFO     | scanner:_scan_loop:190 | ═══ Сканирование #907 ═══
2026-04-02 06:28:16 | INFO     | scanner:_scan_loop:213 | Сканирование #907 завершено. Найдено сетапов: 1
2026-04-02 06:29:16 | INFO     | scanner:_scan_loop:190 | ═══ Сканирование #908 ═══
2026-04-02 06:29:45 | INFO     | scanner:_scan_loop:213 | Сканирование #908 завершено. Найдено сетапов: 1
2026-04-02 06:30:45 | INFO     | scanner:_scan_loop:190 | ═══ Сканирование #909 ═══
2026-04-02 06:31:26 | INFO     | scanner:_scan_loop:213 | Сканирование #909 завершено. Найдено сетапов: 1
2026-04-02 06:32:26 | INFO     | scanner:_scan_loop:190 | ═══ Сканирование #910 ═══
2026-04-02 06:33:00 | INFO     | scanner:_scan_loop:213 | Сканирование #910 завершено. Найдено сетапов: 1
2026-04-02 06:34:00 | INFO     | scanner:_scan_loop:190 | ═══ Сканирование #911 ═══
2026-04-02 06:34:31 | INFO     | scanner:_scan_loop:213 | Сканирование #911 завершено. Найдено сетапов: 1
2026-04-02 06:35:31 | INFO     | scanner:_scan_loop:190 | ═══ Сканирование #912 ═══
2026-04-02 06:36:03 | INFO     | scanner:_scan_loop:213 | Сканирование #912 завершено. Найдено сетапов: 1
2026-04-02 06:37:03 | INFO     | scanner:_scan_loop:190 | ═══ Сканирование #913 ═══
2026-04-02 06:37:33 | INFO     | scanner:_scan_loop:213 | Сканирование #913 завершено. Найдено сетапов: 1
2026-04-02 06:38:33 | INFO     | scanner:_scan_loop:190 | ═══ Сканирование #914 ═══
2026-04-02 06:39:04 | INFO     | scanner:_scan_loop:213 | Сканирование #914 завершено. Найдено сетапов: 1
2026-04-02 06:40:04 | INFO     | scanner:_scan_loop:190 | ═══ Сканирование #915 ═══
2026-04-02 06:40:33 | INFO     | scanner:_scan_loop:213 | Сканирование #915 завершено. Найдено сетапов: 1
2026-04-02 06:41:33 | INFO     | scanner:_scan_loop:190 | ═══ Сканирование #916 ═══
2026-04-02 06:42:04 | INFO     | scanner:_scan_loop:213 | Сканирование #916 завершено. Найдено сетапов: 1
2026-04-02 06:43:04 | INFO     | scanner:_scan_loop:190 | ═══ Сканирование #917 ═══
2026-04-02 06:43:35 | INFO     | scanner:_scan_loop:213 | Сканирование #917 завершено. Найдено сетапов: 1
2026-04-02 06:44:35 | INFO     | scanner:_scan_loop:190 | ═══ Сканирование #918 ═══
2026-04-02 06:45:04 | ERROR    | scanner:get_klines:88 | Ошибка загрузки данных STRKUSDT 15: 'x-bapi-limit-reset-timestamp'
2026-04-02 06:45:06 | ERROR    | scanner:get_klines:88 | Ошибка загрузки данных ENSUSDT 5: 'x-bapi-limit-reset-timestamp'
2026-04-02 06:45:06 | ERROR    | scanner:get_klines:88 | Ошибка загрузки данных LDOUSDT 15: 'x-bapi-limit-reset-timestamp'
2026-04-02 06:45:06 | INFO     | scanner:_scan_loop:213 | Сканирование #918 завершено. Найдено сетапов: 1
2026-04-02 06:46:06 | INFO     | scanner:_scan_loop:190 | ═══ Сканирование #919 ═══
2026-04-02 06:46:44 | INFO     | scanner:_scan_loop:213 | Сканирование #919 завершено. Найдено сетапов: 1
2026-04-02 06:47:44 | INFO     | scanner:_scan_loop:190 | ═══ Сканирование #920 ═══
2026-04-02 06:48:19 | INFO     | scanner:_scan_loop:213 | Сканирование #920 завершено. Найдено сетапов: 1
2026-04-02 06:49:19 | INFO     | scanner:_scan_loop:190 | ═══ Сканирование #921 ═══
2026-04-02 06:49:50 | INFO     | scanner:_scan_loop:213 | Сканирование #921 завершено. Найдено сетапов: 1
2026-04-02 06:50:50 | INFO     | scanner:_scan_loop:190 | ═══ Сканирование #922 ═══
2026-04-02 06:51:21 | INFO     | scanner:_scan_loop:213 | Сканирование #922 завершено. Найдено сетапов: 1
2026-04-02 06:52:21 | INFO     | scanner:_scan_loop:190 | ═══ Сканирование #923 ═══
2026-04-02 06:52:51 | INFO     | scanner:_scan_loop:213 | Сканирование #923 завершено. Найдено сетапов: 1
2026-04-02 06:53:51 | INFO     | scanner:_scan_loop:190 | ═══ Сканирование #924 ═══
2026-04-02 06:54:22 | INFO     | scanner:_scan_loop:213 | Сканирование #924 завершено. Найдено сетапов: 1
2026-04-02 06:55:22 | INFO     | scanner:_scan_loop:190 | ═══ Сканирование #925 ═══
2026-04-02 06:55:52 | INFO     | scanner:_scan_loop:213 | Сканирование #925 завершено. Найдено сетапов: 1
2026-04-02 06:56:52 | INFO     | scanner:_scan_loop:190 | ═══ Сканирование #926 ═══
2026-04-02 06:57:21 | INFO     | scanner:_scan_loop:213 | Сканирование #926 завершено. Найдено сетапов: 1
2026-04-02 06:58:21 | INFO     | scanner:_scan_loop:190 | ═══ Сканирование #927 ═══
2026-04-02 06:58:52 | INFO     | scanner:_scan_loop:213 | Сканирование #927 завершено. Найдено сетапов: 1
2026-04-02 06:59:52 | INFO     | scanner:_scan_loop:190 | ═══ Сканирование #928 ═══
2026-04-02 07:00:01 | ERROR    | scanner:get_klines:88 | Ошибка загрузки данных ATOMUSDT 15: 'x-bapi-limit-reset-timestamp'
2026-04-02 07:00:03 | ERROR    | scanner:get_klines:88 | Ошибка загрузки данных APTUSDT 5: 'x-bapi-limit-reset-timestamp'
2026-04-02 07:00:04 | ERROR    | scanner:get_klines:88 | Ошибка загрузки данных OPUSDT 15: 'x-bapi-limit-reset-timestamp'
2026-04-02 07:00:05 | ERROR    | scanner:get_klines:88 | Ошибка загрузки данных SUIUSDT 15: 'x-bapi-limit-reset-timestamp'
2026-04-02 07:00:07 | ERROR    | scanner:get_klines:88 | Ошибка загрузки данных INJUSDT 5: 'x-bapi-limit-reset-timestamp'
2026-04-02 07:00:08 | ERROR    | scanner:get_klines:88 | Ошибка загрузки данных SEIUSDT 5: 'x-bapi-limit-reset-timestamp'
2026-04-02 07:00:10 | ERROR    | scanner:get_klines:88 | Ошибка загрузки данных ORDIUSDT 15: 'x-bapi-limit-reset-timestamp'
2026-04-02 07:00:12 | ERROR    | scanner:get_klines:88 | Ошибка загрузки данных IMXUSDT 5: 'x-bapi-limit-reset-timestamp'
2026-04-02 07:00:13 | ERROR    | scanner:get_klines:88 | Ошибка загрузки данных MANTAUSDT 5: 'x-bapi-limit-reset-timestamp'
2026-04-02 07:00:21 | ERROR    | scanner:get_klines:88 | Ошибка загрузки данных JTOUSDT 15: 'x-bapi-limit-reset-timestamp'
2026-04-02 07:00:24 | INFO     | scanner:_scan_loop:213 | Сканирование #928 завершено. Найдено сетапов: 1
2026-04-02 07:01:24 | INFO     | scanner:_scan_loop:190 | ═══ Сканирование #929 ═══
2026-04-02 07:02:04 | INFO     | scanner:_scan_loop:213 | Сканирование #929 завершено. Найдено сетапов: 1
2026-04-02 07:03:04 | INFO     | scanner:_scan_loop:190 | ═══ Сканирование #930 ═══
2026-04-02 07:03:37 | INFO     | scanner:_scan_loop:213 | Сканирование #930 завершено. Найдено сетапов: 1
2026-04-02 07:04:37 | INFO     | scanner:_scan_loop:190 | ═══ Сканирование #931 ═══
2026-04-02 07:05:07 | INFO     | scanner:_scan_loop:213 | Сканирование #931 завершено. Найдено сетапов: 1
2026-04-02 07:06:07 | INFO     | scanner:_scan_loop:190 | ═══ Сканирование #932 ═══
2026-04-02 07:06:39 | INFO     | scanner:_scan_loop:213 | Сканирование #932 завершено. Найдено сетапов: 1
2026-04-02 07:07:39 | INFO     | scanner:_scan_loop:190 | ═══ Сканирование #933 ═══
2026-04-02 07:08:08 | INFO     | scanner:_scan_loop:213 | Сканирование #933 завершено. Найдено сетапов: 1
2026-04-02 07:09:08 | INFO     | scanner:_scan_loop:190 | ═══ Сканирование #934 ═══
2026-04-02 07:09:39 | INFO     | scanner:_scan_loop:213 | Сканирование #934 завершено. Найдено сетапов: 1
2026-04-02 07:10:39 | INFO     | scanner:_scan_loop:190 | ═══ Сканирование #935 ═══
2026-04-02 07:11:09 | INFO     | scanner:_scan_loop:213 | Сканирование #935 завершено. Найдено сетапов: 1
2026-04-02 07:12:09 | INFO     | scanner:_scan_loop:190 | ═══ Сканирование #936 ═══
2026-04-02 07:12:41 | INFO     | scanner:_scan_loop:213 | Сканирование #936 завершено. Найдено сетапов: 1
2026-04-02 07:13:41 | INFO     | scanner:_scan_loop:190 | ═══ Сканирование #937 ═══
2026-04-02 07:14:10 | INFO     | scanner:_scan_loop:213 | Сканирование #937 завершено. Найдено сетапов: 1
2026-04-02 07:15:10 | INFO     | scanner:_scan_loop:190 | ═══ Сканирование #938 ═══
2026-04-02 07:15:10 | ERROR    | scanner:get_klines:88 | Ошибка загрузки данных BTCUSDT 5: 'x-bapi-limit-reset-timestamp'
2026-04-02 07:15:12 | ERROR    | scanner:get_klines:88 | Ошибка загрузки данных SOLUSDT 5: 'x-bapi-limit-reset-timestamp'
2026-04-02 07:15:13 | ERROR    | scanner:get_klines:88 | Ошибка загрузки данных XRPUSDT 5: 'x-bapi-limit-reset-timestamp'
2026-04-02 07:15:42 | INFO     | scanner:_scan_loop:213 | Сканирование #938 завершено. Найдено сетапов: 1
2026-04-02 07:16:42 | INFO     | scanner:_scan_loop:190 | ═══ Сканирование #939 ═══
2026-04-02 07:17:21 | INFO     | scanner:_scan_loop:213 | Сканирование #939 завершено. Найдено сетапов: 1
2026-04-02 07:18:21 | INFO     | scanner:_scan_loop:190 | ═══ Сканирование #940 ═══
2026-04-02 07:18:53 | INFO     | scanner:_scan_loop:213 | Сканирование #940 завершено. Найдено сетапов: 0
2026-04-02 07:19:53 | INFO     | scanner:_scan_loop:190 | ═══ Сканирование #941 ═══
2026-04-02 07:20:11 | ERROR    | scanner:get_klines:88 | Ошибка загрузки данных STXUSDT 15: 'x-bapi-limit-reset-timestamp'
2026-04-02 07:20:23 | INFO     | scanner:_scan_loop:213 | Сканирование #941 завершено. Найдено сетапов: 0
2026-04-02 07:21:23 | INFO     | scanner:_scan_loop:190 | ═══ Сканирование #942 ═══
2026-04-02 07:21:56 | INFO     | scanner:_scan_loop:213 | Сканирование #942 завершено. Найдено сетапов: 0
2026-04-02 07:22:56 | INFO     | scanner:_scan_loop:190 | ═══ Сканирование #943 ═══
2026-04-02 07:23:27 | INFO     | scanner:_scan_loop:213 | Сканирование #943 завершено. Найдено сетапов: 0
2026-04-02 07:24:27 | INFO     | scanner:_scan_loop:190 | ═══ Сканирование #944 ═══
2026-04-02 07:24:59 | INFO     | scanner:_scan_loop:213 | Сканирование #944 завершено. Найдено сетапов: 0
2026-04-02 07:25:59 | INFO     | scanner:_scan_loop:190 | ═══ Сканирование #945 ═══
2026-04-02 07:26:29 | INFO     | scanner:_scan_loop:213 | Сканирование #945 завершено. Найдено сетапов: 0
2026-04-02 07:27:29 | INFO     | scanner:_scan_loop:190 | ═══ Сканирование #946 ═══
2026-04-02 07:28:02 | INFO     | scanner:_scan_loop:213 | Сканирование #946 завершено. Найдено сетапов: 0
2026-04-02 07:29:02 | INFO     | scanner:_scan_loop:190 | ═══ Сканирование #947 ═══
2026-04-02 07:29:32 | INFO     | scanner:_scan_loop:213 | Сканирование #947 завершено. Найдено сетапов: 0
2026-04-02 07:30:32 | INFO     | scanner:_scan_loop:190 | ═══ Сканирование #948 ═══
2026-04-02 07:31:03 | INFO     | scanner:_scan_loop:213 | Сканирование #948 завершено. Найдено сетапов: 0
2026-04-02 07:32:03 | INFO     | scanner:_scan_loop:190 | ═══ Сканирование #949 ═══
2026-04-02 07:32:39 | INFO     | scanner:_scan_loop:213 | Сканирование #949 завершено. Найдено сетапов: 0
2026-04-02 07:33:39 | INFO     | scanner:_scan_loop:190 | ═══ Сканирование #950 ═══
2026-04-02 07:34:15 | INFO     | scanner:_scan_loop:213 | Сканирование #950 завершено. Найдено сетапов: 0
2026-04-02 07:35:15 | INFO     | scanner:_scan_loop:190 | ═══ Сканирование #951 ═══
2026-04-02 07:35:46 | INFO     | scanner:_scan_loop:213 | Сканирование #951 завершено. Найдено сетапов: 0
2026-04-02 07:36:46 | INFO     | scanner:_scan_loop:190 | ═══ Сканирование #952 ═══
2026-04-02 07:37:19 | INFO     | scanner:_scan_loop:213 | Сканирование #952 завершено. Найдено сетапов: 0
2026-04-02 07:38:19 | INFO     | scanner:_scan_loop:190 | ═══ Сканирование #953 ═══
2026-04-02 07:38:49 | INFO     | scanner:_scan_loop:213 | Сканирование #953 завершено. Найдено сетапов: 0
2026-04-02 07:39:49 | INFO     | scanner:_scan_loop:190 | ═══ Сканирование #954 ═══
2026-04-02 07:40:11 | ERROR    | scanner:get_klines:88 | Ошибка загрузки данных MANTAUSDT 15: 'x-bapi-limit-reset-timestamp'
2026-04-02 07:40:12 | ERROR    | scanner:get_klines:88 | Ошибка загрузки данных TRXUSDT 15: 'x-bapi-limit-reset-timestamp'
2026-04-02 07:40:12 | ERROR    | scanner:get_klines:88 | Ошибка загрузки данных BCHUSDT 5: 'x-bapi-limit-reset-timestamp'
2026-04-02 07:40:21 | INFO     | scanner:_scan_loop:213 | Сканирование #954 завершено. Найдено сетапов: 0
2026-04-02 07:41:21 | INFO     | scanner:_scan_loop:190 | ═══ Сканирование #955 ═══
2026-04-02 07:41:52 | INFO     | scanner:_scan_loop:213 | Сканирование #955 завершено. Найдено сетапов: 0
2026-04-02 07:42:52 | INFO     | scanner:_scan_loop:190 | ═══ Сканирование #956 ═══
2026-04-02 07:43:24 | INFO     | scanner:_scan_loop:213 | Сканирование #956 завершено. Найдено сетапов: 0
2026-04-02 07:44:24 | INFO     | scanner:_scan_loop:190 | ═══ Сканирование #957 ═══
2026-04-02 07:44:54 | INFO     | scanner:_scan_loop:213 | Сканирование #957 завершено. Найдено сетапов: 0
2026-04-02 07:45:54 | INFO     | scanner:_scan_loop:190 | ═══ Сканирование #958 ═══
2026-04-02 07:46:24 | INFO     | scanner:_scan_loop:213 | Сканирование #958 завершено. Найдено сетапов: 0
2026-04-02 07:47:24 | INFO     | scanner:_scan_loop:190 | ═══ Сканирование #959 ═══
2026-04-02 07:48:07 | INFO     | scanner:_scan_loop:213 | Сканирование #959 завершено. Найдено сетапов: 0
2026-04-02 07:49:07 | INFO     | scanner:_scan_loop:190 | ═══ Сканирование #960 ═══
2026-04-02 07:49:38 | INFO     | scanner:_scan_loop:213 | Сканирование #960 завершено. Найдено сетапов: 0
2026-04-02 07:50:38 | INFO     | scanner:_scan_loop:190 | ═══ Сканирование #961 ═══
2026-04-02 07:51:12 | INFO     | scanner:_scan_loop:213 | Сканирование #961 завершено. Найдено сетапов: 0
2026-04-02 07:52:12 | INFO     | scanner:_scan_loop:190 | ═══ Сканирование #962 ═══
2026-04-02 07:52:42 | INFO     | scanner:_scan_loop:213 | Сканирование #962 завершено. Найдено сетапов: 0
2026-04-02 07:53:42 | INFO     | scanner:_scan_loop:190 | ═══ Сканирование #963 ═══
2026-04-02 07:54:14 | INFO     | scanner:_scan_loop:213 | Сканирование #963 завершено. Найдено сетапов: 0
2026-04-02 07:55:14 | INFO     | scanner:_scan_loop:190 | ═══ Сканирование #964 ═══
2026-04-02 07:55:45 | INFO     | scanner:_scan_loop:213 | Сканирование #964 завершено. Найдено сетапов: 0
2026-04-02 07:56:45 | INFO     | scanner:_scan_loop:190 | ═══ Сканирование #965 ═══
2026-04-02 07:57:17 | INFO     | scanner:_scan_loop:213 | Сканирование #965 завершено. Найдено сетапов: 0
2026-04-02 07:58:17 | INFO     | scanner:_scan_loop:190 | ═══ Сканирование #966 ═══
2026-04-02 07:58:47 | INFO     | scanner:_scan_loop:213 | Сканирование #966 завершено. Найдено сетапов: 0
2026-04-02 07:59:47 | INFO     | scanner:_scan_loop:190 | ═══ Сканирование #967 ═══
2026-04-02 08:00:03 | ERROR    | scanner:get_klines:88 | Ошибка загрузки данных TIAUSDT 15: 'x-bapi-limit-reset-timestamp'
2026-04-02 08:00:04 | ERROR    | scanner:get_klines:88 | Ошибка загрузки данных TIAUSDT 5: 'x-bapi-limit-reset-timestamp'
2026-04-02 08:00:06 | ERROR    | scanner:get_klines:88 | Ошибка загрузки данных WIFUSDT 15: 'x-bapi-limit-reset-timestamp'
2026-04-02 08:00:07 | ERROR    | scanner:get_klines:88 | Ошибка загрузки данных ORDIUSDT 15: 'x-bapi-limit-reset-timestamp'
2026-04-02 08:00:09 | ERROR    | scanner:get_klines:88 | Ошибка загрузки данных IMXUSDT 15: 'x-bapi-limit-reset-timestamp'
2026-04-02 08:00:20 | INFO     | scanner:_scan_loop:213 | Сканирование #967 завершено. Найдено сетапов: 0
2026-04-02 08:01:20 | INFO     | scanner:_scan_loop:190 | ═══ Сканирование #968 ═══
2026-04-02 08:01:51 | INFO     | scanner:_scan_loop:213 | Сканирование #968 завершено. Найдено сетапов: 0
2026-04-02 08:02:51 | INFO     | scanner:_scan_loop:190 | ═══ Сканирование #969 ═══
2026-04-02 08:03:30 | INFO     | scanner:_scan_loop:213 | Сканирование #969 завершено. Найдено сетапов: 0
2026-04-02 08:04:30 | INFO     | scanner:_scan_loop:190 | ═══ Сканирование #970 ═══
2026-04-02 08:05:01 | INFO     | scanner:_scan_loop:213 | Сканирование #970 завершено. Найдено сетапов: 0
2026-04-02 08:06:01 | INFO     | scanner:_scan_loop:190 | ═══ Сканирование #971 ═══
2026-04-02 08:06:30 | INFO     | scanner:_scan_loop:213 | Сканирование #971 завершено. Найдено сетапов: 0
2026-04-02 08:07:30 | INFO     | scanner:_scan_loop:190 | ═══ Сканирование #972 ═══
2026-04-02 08:08:05 | INFO     | scanner:_scan_loop:213 | Сканирование #972 завершено. Найдено сетапов: 0
2026-04-02 08:09:05 | INFO     | scanner:_scan_loop:190 | ═══ Сканирование #973 ═══
2026-04-02 08:09:36 | INFO     | scanner:_scan_loop:213 | Сканирование #973 завершено. Найдено сетапов: 0
2026-04-02 08:10:36 | INFO     | scanner:_scan_loop:190 | ═══ Сканирование #974 ═══
2026-04-02 08:11:07 | INFO     | scanner:_scan_loop:213 | Сканирование #974 завершено. Найдено сетапов: 0
2026-04-02 08:12:07 | INFO     | scanner:_scan_loop:190 | ═══ Сканирование #975 ═══
2026-04-02 08:12:39 | INFO     | scanner:_scan_loop:213 | Сканирование #975 завершено. Найдено сетапов: 0
2026-04-02 08:13:39 | INFO     | scanner:_scan_loop:190 | ═══ Сканирование #976 ═══
2026-04-02 08:14:13 | INFO     | scanner:_scan_loop:213 | Сканирование #976 завершено. Найдено сетапов: 0
2026-04-02 08:15:13 | INFO     | scanner:_scan_loop:190 | ═══ Сканирование #977 ═══
2026-04-02 08:15:46 | INFO     | scanner:_scan_loop:213 | Сканирование #977 завершено. Найдено сетапов: 0
2026-04-02 08:16:46 | INFO     | scanner:_scan_loop:190 | ═══ Сканирование #978 ═══
2026-04-02 08:17:17 | INFO     | scanner:_scan_loop:213 | Сканирование #978 завершено. Найдено сетапов: 0
2026-04-02 08:18:17 | INFO     | scanner:_scan_loop:190 | ═══ Сканирование #979 ═══
2026-04-02 08:19:01 | INFO     | scanner:_scan_loop:213 | Сканирование #979 завершено. Найдено сетапов: 0
2026-04-02 08:20:01 | INFO     | scanner:_scan_loop:190 | ═══ Сканирование #980 ═══
2026-04-02 08:20:35 | INFO     | scanner:_scan_loop:213 | Сканирование #980 завершено. Найдено сетапов: 0
2026-04-02 08:21:35 | INFO     | scanner:_scan_loop:190 | ═══ Сканирование #981 ═══
2026-04-02 08:22:13 | INFO     | scanner:_scan_loop:213 | Сканирование #981 завершено. Найдено сетапов: 0
2026-04-02 08:23:13 | INFO     | scanner:_scan_loop:190 | ═══ Сканирование #982 ═══
2026-04-02 08:23:46 | INFO     | scanner:_scan_loop:213 | Сканирование #982 завершено. Найдено сетапов: 0
2026-04-02 08:24:46 | INFO     | scanner:_scan_loop:190 | ═══ Сканирование #983 ═══
2026-04-02 08:25:20 | INFO     | scanner:_scan_loop:213 | Сканирование #983 завершено. Найдено сетапов: 0
2026-04-02 08:26:20 | INFO     | scanner:_scan_loop:190 | ═══ Сканирование #984 ═══
2026-04-02 08:26:54 | INFO     | scanner:_scan_loop:213 | Сканирование #984 завершено. Найдено сетапов: 0
2026-04-02 08:27:54 | INFO     | scanner:_scan_loop:190 | ═══ Сканирование #985 ═══
2026-04-02 08:28:28 | INFO     | scanner:_scan_loop:213 | Сканирование #985 завершено. Найдено сетапов: 0
2026-04-02 08:29:28 | INFO     | scanner:_scan_loop:190 | ═══ Сканирование #986 ═══
2026-04-02 08:30:03 | INFO     | scanner:_scan_loop:213 | Сканирование #986 завершено. Найдено сетапов: 0
2026-04-02 08:31:03 | INFO     | scanner:_scan_loop:190 | ═══ Сканирование #987 ═══
2026-04-02 08:31:36 | INFO     | scanner:_scan_loop:213 | Сканирование #987 завершено. Найдено сетапов: 0
2026-04-02 08:32:36 | INFO     | scanner:_scan_loop:190 | ═══ Сканирование #988 ═══
2026-04-02 08:33:10 | INFO     | scanner:_scan_loop:213 | Сканирование #988 завершено. Найдено сетапов: 0
2026-04-02 08:34:10 | INFO     | scanner:_scan_loop:190 | ═══ Сканирование #989 ═══
2026-04-02 08:34:52 | INFO     | scanner:_scan_loop:213 | Сканирование #989 завершено. Найдено сетапов: 0
2026-04-02 08:35:52 | INFO     | scanner:_scan_loop:190 | ═══ Сканирование #990 ═══
2026-04-02 08:36:29 | INFO     | scanner:_scan_loop:213 | Сканирование #990 завершено. Найдено сетапов: 0
2026-04-02 08:37:29 | INFO     | scanner:_scan_loop:190 | ═══ Сканирование #991 ═══
2026-04-02 08:38:01 | INFO     | scanner:_scan_loop:213 | Сканирование #991 завершено. Найдено сетапов: 0
2026-04-02 08:39:01 | INFO     | scanner:_scan_loop:190 | ═══ Сканирование #992 ═══
2026-04-02 08:39:35 | INFO     | scanner:_scan_loop:213 | Сканирование #992 завершено. Найдено сетапов: 0
2026-04-02 08:40:35 | INFO     | scanner:_scan_loop:190 | ═══ Сканирование #993 ═══
2026-04-02 08:41:09 | INFO     | scanner:_scan_loop:213 | Сканирование #993 завершено. Найдено сетапов: 0
2026-04-02 08:42:09 | INFO     | scanner:_scan_loop:190 | ═══ Сканирование #994 ═══
2026-04-02 08:42:40 | INFO     | scanner:_scan_loop:213 | Сканирование #994 завершено. Найдено сетапов: 0
2026-04-02 08:43:40 | INFO     | scanner:_scan_loop:190 | ═══ Сканирование #995 ═══
2026-04-02 08:44:12 | INFO     | scanner:_scan_loop:213 | Сканирование #995 завершено. Найдено сетапов: 0
2026-04-02 08:45:12 | INFO     | scanner:_scan_loop:190 | ═══ Сканирование #996 ═══
2026-04-02 08:45:42 | INFO     | scanner:_scan_loop:213 | Сканирование #996 завершено. Найдено сетапов: 0
2026-04-02 08:46:42 | INFO     | scanner:_scan_loop:190 | ═══ Сканирование #997 ═══
2026-04-02 08:47:13 | INFO     | scanner:_scan_loop:213 | Сканирование #997 завершено. Найдено сетапов: 0
2026-04-02 08:48:13 | INFO     | scanner:_scan_loop:190 | ═══ Сканирование #998 ═══
2026-04-02 08:48:43 | INFO     | scanner:_scan_loop:213 | Сканирование #998 завершено. Найдено сетапов: 0
2026-04-02 08:49:43 | INFO     | scanner:_scan_loop:190 | ═══ Сканирование #999 ═══
2026-04-02 08:50:06 | ERROR    | scanner:get_klines:88 | Ошибка загрузки данных STXUSDT 240: 'x-bapi-limit-reset-timestamp'
2026-04-02 08:50:25 | INFO     | scanner:_scan_loop:213 | Сканирование #999 завершено. Найдено сетапов: 0
2026-04-02 08:51:25 | INFO     | scanner:_scan_loop:190 | ═══ Сканирование #1000 ═══
2026-04-02 08:51:55 | INFO     | scanner:_scan_loop:213 | Сканирование #1000 завершено. Найдено сетапов: 0
2026-04-02 08:52:55 | INFO     | scanner:_scan_loop:190 | ═══ Сканирование #1001 ═══
2026-04-02 08:53:25 | INFO     | scanner:_scan_loop:213 | Сканирование #1001 завершено. Найдено сетапов: 0
2026-04-02 08:54:25 | INFO     | scanner:_scan_loop:190 | ═══ Сканирование #1002 ═══
2026-04-02 08:54:56 | INFO     | scanner:_scan_loop:213 | Сканирование #1002 завершено. Найдено сетапов: 0
2026-04-02 08:55:56 | INFO     | scanner:_scan_loop:190 | ═══ Сканирование #1003 ═══
2026-04-02 08:56:26 | INFO     | scanner:_scan_loop:213 | Сканирование #1003 завершено. Найдено сетапов: 0
2026-04-02 08:57:26 | INFO     | scanner:_scan_loop:190 | ═══ Сканирование #1004 ═══
2026-04-02 08:57:59 | INFO     | scanner:_scan_loop:213 | Сканирование #1004 завершено. Найдено сетапов: 0
2026-04-02 08:58:59 | INFO     | scanner:_scan_loop:190 | ═══ Сканирование #1005 ═══
2026-04-02 08:59:30 | INFO     | scanner:_scan_loop:213 | Сканирование #1005 завершено. Найдено сетапов: 0
2026-04-02 09:00:30 | INFO     | scanner:_scan_loop:190 | ═══ Сканирование #1006 ═══
2026-04-02 09:01:00 | INFO     | scanner:_scan_loop:213 | Сканирование #1006 завершено. Найдено сетапов: 0
2026-04-02 09:02:00 | INFO     | scanner:_scan_loop:190 | ═══ Сканирование #1007 ═══
2026-04-02 09:02:31 | INFO     | scanner:_scan_loop:213 | Сканирование #1007 завершено. Найдено сетапов: 0
2026-04-02 09:03:31 | INFO     | scanner:_scan_loop:190 | ═══ Сканирование #1008 ═══
2026-04-02 09:04:01 | INFO     | scanner:_scan_loop:213 | Сканирование #1008 завершено. Найдено сетапов: 0
2026-04-02 09:05:01 | INFO     | scanner:_scan_loop:190 | ═══ Сканирование #1009 ═══
2026-04-02 09:05:40 | INFO     | scanner:_scan_loop:213 | Сканирование #1009 завершено. Найдено сетапов: 0
2026-04-02 09:06:40 | INFO     | scanner:_scan_loop:190 | ═══ Сканирование #1010 ═══
2026-04-02 09:07:11 | INFO     | scanner:_scan_loop:213 | Сканирование #1010 завершено. Найдено сетапов: 0
2026-04-02 09:08:11 | INFO     | scanner:_scan_loop:190 | ═══ Сканирование #1011 ═══
2026-04-02 09:08:41 | INFO     | scanner:_scan_loop:213 | Сканирование #1011 завершено. Найдено сетапов: 0
2026-04-02 09:09:41 | INFO     | scanner:_scan_loop:190 | ═══ Сканирование #1012 ═══
2026-04-02 09:10:11 | INFO     | scanner:_scan_loop:213 | Сканирование #1012 завершено. Найдено сетапов: 0
2026-04-02 09:11:11 | INFO     | scanner:_scan_loop:190 | ═══ Сканирование #1013 ═══
2026-04-02 09:11:43 | INFO     | scanner:_scan_loop:213 | Сканирование #1013 завершено. Найдено сетапов: 0
2026-04-02 09:12:43 | INFO     | scanner:_scan_loop:190 | ═══ Сканирование #1014 ═══
2026-04-02 09:13:14 | INFO     | scanner:_scan_loop:213 | Сканирование #1014 завершено. Найдено сетапов: 0
2026-04-02 09:14:14 | INFO     | scanner:_scan_loop:190 | ═══ Сканирование #1015 ═══
2026-04-02 09:14:44 | INFO     | scanner:_scan_loop:213 | Сканирование #1015 завершено. Найдено сетапов: 0
2026-04-02 09:15:44 | INFO     | scanner:_scan_loop:190 | ═══ Сканирование #1016 ═══
2026-04-02 09:16:15 | INFO     | scanner:_scan_loop:213 | Сканирование #1016 завершено. Найдено сетапов: 0
2026-04-02 09:17:15 | INFO     | scanner:_scan_loop:190 | ═══ Сканирование #1017 ═══
2026-04-02 09:17:45 | INFO     | scanner:_scan_loop:213 | Сканирование #1017 завершено. Найдено сетапов: 0
2026-04-02 09:18:45 | INFO     | scanner:_scan_loop:190 | ═══ Сканирование #1018 ═══
2026-04-02 09:19:17 | INFO     | scanner:_scan_loop:213 | Сканирование #1018 завершено. Найдено сетапов: 0
2026-04-02 09:20:17 | INFO     | scanner:_scan_loop:190 | ═══ Сканирование #1019 ═══
2026-04-02 09:20:56 | INFO     | scanner:_scan_loop:213 | Сканирование #1019 завершено. Найдено сетапов: 0
2026-04-02 09:21:56 | INFO     | scanner:_scan_loop:190 | ═══ Сканирование #1020 ═══
2026-04-02 09:22:32 | INFO     | scanner:_scan_loop:213 | Сканирование #1020 завершено. Найдено сетапов: 0
2026-04-02 09:23:32 | INFO     | scanner:_scan_loop:190 | ═══ Сканирование #1021 ═══
2026-04-02 09:24:06 | INFO     | scanner:_scan_loop:213 | Сканирование #1021 завершено. Найдено сетапов: 0
2026-04-02 09:25:06 | INFO     | scanner:_scan_loop:190 | ═══ Сканирование #1022 ═══
2026-04-02 09:25:38 | INFO     | scanner:_scan_loop:213 | Сканирование #1022 завершено. Найдено сетапов: 0
2026-04-02 09:26:38 | INFO     | scanner:_scan_loop:190 | ═══ Сканирование #1023 ═══
2026-04-02 09:27:10 | INFO     | scanner:_scan_loop:213 | Сканирование #1023 завершено. Найдено сетапов: 0
2026-04-02 09:28:10 | INFO     | scanner:_scan_loop:190 | ═══ Сканирование #1024 ═══
2026-04-02 09:28:40 | INFO     | scanner:_scan_loop:213 | Сканирование #1024 завершено. Найдено сетапов: 0
2026-04-02 09:29:40 | INFO     | scanner:_scan_loop:190 | ═══ Сканирование #1025 ═══
2026-04-02 09:30:06 | ERROR    | scanner:get_klines:88 | Ошибка загрузки данных AAVEUSDT 15: 'x-bapi-limit-reset-timestamp'
2026-04-02 09:30:12 | ERROR    | scanner:get_klines:88 | Ошибка загрузки данных STRKUSDT 15: 'x-bapi-limit-reset-timestamp'
2026-04-02 09:30:14 | INFO     | scanner:_scan_loop:213 | Сканирование #1025 завершено. Найдено сетапов: 0
2026-04-02 09:31:14 | INFO     | scanner:_scan_loop:190 | ═══ Сканирование #1026 ═══
2026-04-02 09:31:45 | INFO     | scanner:_scan_loop:213 | Сканирование #1026 завершено. Найдено сетапов: 0
2026-04-02 09:32:45 | INFO     | scanner:_scan_loop:190 | ═══ Сканирование #1027 ═══
2026-04-02 09:33:18 | INFO     | scanner:_scan_loop:213 | Сканирование #1027 завершено. Найдено сетапов: 0
2026-04-02 09:34:18 | INFO     | scanner:_scan_loop:190 | ═══ Сканирование #1028 ═══
2026-04-02 09:34:49 | INFO     | scanner:_scan_loop:213 | Сканирование #1028 завершено. Найдено сетапов: 0
2026-04-02 09:35:49 | INFO     | scanner:_scan_loop:190 | ═══ Сканирование #1029 ═══
2026-04-02 09:36:28 | INFO     | scanner:_scan_loop:213 | Сканирование #1029 завершено. Найдено сетапов: 0
2026-04-02 09:37:28 | INFO     | scanner:_scan_loop:190 | ═══ Сканирование #1030 ═══
2026-04-02 09:38:01 | INFO     | scanner:_scan_loop:213 | Сканирование #1030 завершено. Найдено сетапов: 0
2026-04-02 09:39:01 | INFO     | scanner:_scan_loop:190 | ═══ Сканирование #1031 ═══
2026-04-02 09:39:35 | INFO     | scanner:_scan_loop:213 | Сканирование #1031 завершено. Найдено сетапов: 0
2026-04-02 09:40:35 | INFO     | scanner:_scan_loop:190 | ═══ Сканирование #1032 ═══
2026-04-02 09:41:04 | INFO     | scanner:_scan_loop:213 | Сканирование #1032 завершено. Найдено сетапов: 0
2026-04-02 09:42:04 | INFO     | scanner:_scan_loop:190 | ═══ Сканирование #1033 ═══
2026-04-02 09:42:34 | INFO     | scanner:_scan_loop:213 | Сканирование #1033 завершено. Найдено сетапов: 0
2026-04-02 09:43:34 | INFO     | scanner:_scan_loop:190 | ═══ Сканирование #1034 ═══
2026-04-02 09:44:04 | INFO     | scanner:_scan_loop:213 | Сканирование #1034 завершено. Найдено сетапов: 0
2026-04-02 09:45:04 | INFO     | scanner:_scan_loop:190 | ═══ Сканирование #1035 ═══
2026-04-02 09:45:05 | ERROR    | scanner:get_klines:88 | Ошибка загрузки данных BTCUSDT 5: 'x-bapi-limit-reset-timestamp'
2026-04-02 09:45:34 | INFO     | scanner:_scan_loop:213 | Сканирование #1035 завершено. Найдено сетапов: 0
2026-04-02 09:46:34 | INFO     | scanner:_scan_loop:190 | ═══ Сканирование #1036 ═══
2026-04-02 09:47:04 | INFO     | scanner:_scan_loop:213 | Сканирование #1036 завершено. Найдено сетапов: 0
2026-04-02 09:48:04 | INFO     | scanner:_scan_loop:190 | ═══ Сканирование #1037 ═══
2026-04-02 09:48:33 | INFO     | scanner:_scan_loop:213 | Сканирование #1037 завершено. Найдено сетапов: 0
2026-04-02 09:49:33 | INFO     | scanner:_scan_loop:190 | ═══ Сканирование #1038 ═══
2026-04-02 09:50:05 | INFO     | scanner:_scan_loop:213 | Сканирование #1038 завершено. Найдено сетапов: 0
2026-04-02 09:51:05 | INFO     | scanner:_scan_loop:190 | ═══ Сканирование #1039 ═══
2026-04-02 09:51:47 | INFO     | scanner:_scan_loop:213 | Сканирование #1039 завершено. Найдено сетапов: 0
2026-04-02 09:52:47 | INFO     | scanner:_scan_loop:190 | ═══ Сканирование #1040 ═══
2026-04-02 09:53:21 | INFO     | scanner:_scan_loop:213 | Сканирование #1040 завершено. Найдено сетапов: 0
2026-04-02 09:54:21 | INFO     | scanner:_scan_loop:190 | ═══ Сканирование #1041 ═══
2026-04-02 09:54:56 | INFO     | scanner:_scan_loop:213 | Сканирование #1041 завершено. Найдено сетапов: 0
2026-04-02 09:55:56 | INFO     | scanner:_scan_loop:190 | ═══ Сканирование #1042 ═══
2026-04-02 09:56:31 | INFO     | scanner:_scan_loop:213 | Сканирование #1042 завершено. Найдено сетапов: 0
2026-04-02 09:57:31 | INFO     | scanner:_scan_loop:190 | ═══ Сканирование #1043 ═══
2026-04-02 09:58:05 | INFO     | scanner:_scan_loop:213 | Сканирование #1043 завершено. Найдено сетапов: 0
2026-04-02 09:59:05 | INFO     | scanner:_scan_loop:190 | ═══ Сканирование #1044 ═══
2026-04-02 09:59:38 | INFO     | scanner:_scan_loop:213 | Сканирование #1044 завершено. Найдено сетапов: 0
2026-04-02 10:00:38 | INFO     | scanner:_scan_loop:190 | ═══ Сканирование #1045 ═══
2026-04-02 10:01:10 | INFO     | scanner:_scan_loop:213 | Сканирование #1045 завершено. Найдено сетапов: 0
2026-04-02 10:02:10 | INFO     | scanner:_scan_loop:190 | ═══ Сканирование #1046 ═══
2026-04-02 10:02:45 | INFO     | scanner:_scan_loop:213 | Сканирование #1046 завершено. Найдено сетапов: 0
2026-04-02 10:03:45 | INFO     | scanner:_scan_loop:190 | ═══ Сканирование #1047 ═══
2026-04-02 10:04:15 | INFO     | scanner:_scan_loop:213 | Сканирование #1047 завершено. Найдено сетапов: 0
2026-04-02 10:05:15 | INFO     | scanner:_scan_loop:190 | ═══ Сканирование #1048 ═══
2026-04-02 10:05:49 | INFO     | scanner:_scan_loop:213 | Сканирование #1048 завершено. Найдено сетапов: 0
2026-04-02 10:06:49 | INFO     | scanner:_scan_loop:190 | ═══ Сканирование #1049 ═══
2026-04-02 10:07:31 | INFO     | scanner:_scan_loop:213 | Сканирование #1049 завершено. Найдено сетапов: 0
2026-04-02 10:08:31 | INFO     | scanner:_scan_loop:190 | ═══ Сканирование #1050 ═══
2026-04-02 10:09:04 | INFO     | scanner:_scan_loop:213 | Сканирование #1050 завершено. Найдено сетапов: 0
2026-04-02 10:10:04 | INFO     | scanner:_scan_loop:190 | ═══ Сканирование #1051 ═══
2026-04-02 10:10:12 | ERROR    | scanner:get_klines:88 | Ошибка загрузки данных DOTUSDT 5: 'x-bapi-limit-reset-timestamp'
2026-04-02 10:10:36 | INFO     | scanner:_scan_loop:213 | Сканирование #1051 завершено. Найдено сетапов: 0
2026-04-02 10:11:36 | INFO     | scanner:_scan_loop:190 | ═══ Сканирование #1052 ═══
2026-04-02 10:12:09 | INFO     | scanner:_scan_loop:213 | Сканирование #1052 завершено. Найдено сетапов: 0
2026-04-02 10:13:09 | INFO     | scanner:_scan_loop:190 | ═══ Сканирование #1053 ═══
2026-04-02 10:13:39 | INFO     | scanner:_scan_loop:213 | Сканирование #1053 завершено. Найдено сетапов: 0
2026-04-02 10:14:39 | INFO     | scanner:_scan_loop:190 | ═══ Сканирование #1054 ═══
2026-04-02 10:15:08 | ERROR    | scanner:get_klines:88 | Ошибка загрузки данных DYDXUSDT 5: 'x-bapi-limit-reset-timestamp'
2026-04-02 10:15:13 | ERROR    | scanner:get_klines:88 | Ошибка загрузки данных LDOUSDT 5: 'x-bapi-limit-reset-timestamp'
2026-04-02 10:15:13 | INFO     | scanner:_scan_loop:213 | Сканирование #1054 завершено. Найдено сетапов: 0
2026-04-02 10:16:13 | INFO     | scanner:_scan_loop:190 | ═══ Сканирование #1055 ═══
2026-04-02 10:16:47 | INFO     | scanner:_scan_loop:213 | Сканирование #1055 завершено. Найдено сетапов: 0
2026-04-02 10:17:47 | INFO     | scanner:_scan_loop:190 | ═══ Сканирование #1056 ═══
2026-04-02 10:18:19 | INFO     | scanner:_scan_loop:213 | Сканирование #1056 завершено. Найдено сетапов: 0
2026-04-02 10:19:19 | INFO     | scanner:_scan_loop:190 | ═══ Сканирование #1057 ═══
2026-04-02 10:19:50 | INFO     | scanner:_scan_loop:213 | Сканирование #1057 завершено. Найдено сетапов: 0
2026-04-02 10:20:50 | INFO     | scanner:_scan_loop:190 | ═══ Сканирование #1058 ═══
2026-04-02 10:21:22 | INFO     | scanner:_scan_loop:213 | Сканирование #1058 завершено. Найдено сетапов: 0
2026-04-02 10:22:22 | INFO     | scanner:_scan_loop:190 | ═══ Сканирование #1059 ═══
2026-04-02 10:23:06 | INFO     | scanner:_scan_loop:213 | Сканирование #1059 завершено. Найдено сетапов: 0
2026-04-02 10:24:06 | INFO     | scanner:_scan_loop:190 | ═══ Сканирование #1060 ═══
2026-04-02 10:24:39 | INFO     | scanner:_scan_loop:213 | Сканирование #1060 завершено. Найдено сетапов: 0
2026-04-02 10:25:39 | INFO     | scanner:_scan_loop:190 | ═══ Сканирование #1061 ═══
2026-04-02 10:26:14 | INFO     | scanner:_scan_loop:213 | Сканирование #1061 завершено. Найдено сетапов: 0
2026-04-02 10:27:14 | INFO     | scanner:_scan_loop:190 | ═══ Сканирование #1062 ═══
2026-04-02 10:27:44 | INFO     | scanner:_scan_loop:213 | Сканирование #1062 завершено. Найдено сетапов: 0
2026-04-02 10:28:44 | INFO     | scanner:_scan_loop:190 | ═══ Сканирование #1063 ═══
2026-04-02 10:29:16 | INFO     | scanner:_scan_loop:213 | Сканирование #1063 завершено. Найдено сетапов: 0
2026-04-02 10:30:16 | INFO     | scanner:_scan_loop:190 | ═══ Сканирование #1064 ═══
2026-04-02 10:30:48 | INFO     | scanner:_scan_loop:213 | Сканирование #1064 завершено. Найдено сетапов: 0
2026-04-02 10:31:48 | INFO     | scanner:_scan_loop:190 | ═══ Сканирование #1065 ═══
2026-04-02 10:32:21 | INFO     | scanner:_scan_loop:213 | Сканирование #1065 завершено. Найдено сетапов: 0
2026-04-02 10:33:21 | INFO     | scanner:_scan_loop:190 | ═══ Сканирование #1066 ═══
2026-04-02 10:33:55 | INFO     | scanner:_scan_loop:213 | Сканирование #1066 завершено. Найдено сетапов: 0
2026-04-02 10:34:55 | INFO     | scanner:_scan_loop:190 | ═══ Сканирование #1067 ═══
2026-04-02 10:35:30 | INFO     | scanner:_scan_loop:213 | Сканирование #1067 завершено. Найдено сетапов: 0
2026-04-02 10:36:30 | INFO     | scanner:_scan_loop:190 | ═══ Сканирование #1068 ═══
2026-04-02 10:37:02 | INFO     | scanner:_scan_loop:213 | Сканирование #1068 завершено. Найдено сетапов: 0
2026-04-02 10:38:02 | INFO     | scanner:_scan_loop:190 | ═══ Сканирование #1069 ═══
2026-04-02 10:38:42 | INFO     | scanner:_scan_loop:213 | Сканирование #1069 завершено. Найдено сетапов: 1
2026-04-02 10:39:42 | INFO     | scanner:_scan_loop:190 | ═══ Сканирование #1070 ═══
2026-04-02 10:40:09 | ERROR    | scanner:get_klines:88 | Ошибка загрузки данных SNXUSDT 5: 'x-bapi-limit-reset-timestamp'
2026-04-02 10:40:09 | ERROR    | scanner:get_klines:88 | Ошибка загрузки данных CRVUSDT 5: 'x-bapi-limit-reset-timestamp'
2026-04-02 10:40:18 | INFO     | scanner:_scan_loop:213 | Сканирование #1070 завершено. Найдено сетапов: 0
2026-04-02 10:41:18 | INFO     | scanner:_scan_loop:190 | ═══ Сканирование #1071 ═══
2026-04-02 10:41:51 | INFO     | scanner:_scan_loop:213 | Сканирование #1071 завершено. Найдено сетапов: 1
2026-04-02 10:42:51 | INFO     | scanner:_scan_loop:190 | ═══ Сканирование #1072 ═══
2026-04-02 10:43:27 | INFO     | scanner:_scan_loop:213 | Сканирование #1072 завершено. Найдено сетапов: 0
2026-04-02 10:44:27 | INFO     | scanner:_scan_loop:190 | ═══ Сканирование #1073 ═══
2026-04-02 10:45:00 | INFO     | scanner:_scan_loop:213 | Сканирование #1073 завершено. Найдено сетапов: 0
2026-04-02 10:46:00 | INFO     | scanner:_scan_loop:190 | ═══ Сканирование #1074 ═══
2026-04-02 10:46:36 | INFO     | scanner:_scan_loop:213 | Сканирование #1074 завершено. Найдено сетапов: 0
2026-04-02 10:47:36 | INFO     | scanner:_scan_loop:190 | ═══ Сканирование #1075 ═══
2026-04-02 10:48:09 | INFO     | scanner:_scan_loop:213 | Сканирование #1075 завершено. Найдено сетапов: 0
2026-04-02 10:49:09 | INFO     | scanner:_scan_loop:190 | ═══ Сканирование #1076 ═══
2026-04-02 10:49:43 | INFO     | scanner:_scan_loop:213 | Сканирование #1076 завершено. Найдено сетапов: 0
2026-04-02 10:50:43 | INFO     | scanner:_scan_loop:190 | ═══ Сканирование #1077 ═══
2026-04-02 10:51:12 | INFO     | scanner:_scan_loop:213 | Сканирование #1077 завершено. Найдено сетапов: 0
2026-04-02 10:52:12 | INFO     | scanner:_scan_loop:190 | ═══ Сканирование #1078 ═══
2026-04-02 10:52:47 | INFO     | scanner:_scan_loop:213 | Сканирование #1078 завершено. Найдено сетапов: 0
2026-04-02 10:53:47 | INFO     | scanner:_scan_loop:190 | ═══ Сканирование #1079 ═══
2026-04-02 10:54:25 | INFO     | scanner:_scan_loop:213 | Сканирование #1079 завершено. Найдено сетапов: 0
2026-04-02 10:55:25 | INFO     | scanner:_scan_loop:190 | ═══ Сканирование #1080 ═══
2026-04-02 10:56:00 | INFO     | scanner:_scan_loop:213 | Сканирование #1080 завершено. Найдено сетапов: 0
2026-04-02 10:57:00 | INFO     | scanner:_scan_loop:190 | ═══ Сканирование #1081 ═══
2026-04-02 10:57:35 | INFO     | scanner:_scan_loop:213 | Сканирование #1081 завершено. Найдено сетапов: 0
2026-04-02 10:58:35 | INFO     | scanner:_scan_loop:190 | ═══ Сканирование #1082 ═══
2026-04-02 10:59:07 | INFO     | scanner:_scan_loop:213 | Сканирование #1082 завершено. Найдено сетапов: 0
2026-04-02 11:00:07 | INFO     | scanner:_scan_loop:190 | ═══ Сканирование #1083 ═══
2026-04-02 11:00:08 | ERROR    | scanner:get_klines:88 | Ошибка загрузки данных BTCUSDT 5: 'x-bapi-limit-reset-timestamp'
2026-04-02 11:00:10 | ERROR    | scanner:get_klines:88 | Ошибка загрузки данных SOLUSDT 15: 'x-bapi-limit-reset-timestamp'
2026-04-02 11:00:11 | ERROR    | scanner:get_klines:88 | Ошибка загрузки данных BNBUSDT 15: 'x-bapi-limit-reset-timestamp'
2026-04-02 11:00:15 | ERROR    | scanner:get_klines:88 | Ошибка загрузки данных AVAXUSDT 5: 'x-bapi-limit-reset-timestamp'
2026-04-02 11:00:15 | ERROR    | scanner:get_klines:88 | Ошибка загрузки данных DOTUSDT 5: 'x-bapi-limit-reset-timestamp'
2026-04-02 11:00:17 | ERROR    | scanner:get_klines:88 | Ошибка загрузки данных UNIUSDT 5: 'x-bapi-limit-reset-timestamp'
2026-04-02 11:00:41 | INFO     | scanner:_scan_loop:213 | Сканирование #1083 завершено. Найдено сетапов: 0
2026-04-02 11:01:41 | INFO     | scanner:_scan_loop:190 | ═══ Сканирование #1084 ═══
2026-04-02 11:02:14 | INFO     | scanner:_scan_loop:213 | Сканирование #1084 завершено. Найдено сетапов: 0
2026-04-02 11:03:14 | INFO     | scanner:_scan_loop:190 | ═══ Сканирование #1085 ═══
2026-04-02 11:03:53 | INFO     | scanner:_scan_loop:213 | Сканирование #1085 завершено. Найдено сетапов: 0
2026-04-02 11:04:53 | INFO     | scanner:_scan_loop:190 | ═══ Сканирование #1086 ═══
2026-04-02 11:05:12 | ERROR    | scanner:get_klines:88 | Ошибка загрузки данных JUPUSDT 5: 'x-bapi-limit-reset-timestamp'
2026-04-02 11:05:26 | INFO     | scanner:_scan_loop:213 | Сканирование #1086 завершено. Найдено сетапов: 0
2026-04-02 11:06:26 | INFO     | scanner:_scan_loop:190 | ═══ Сканирование #1087 ═══
2026-04-02 11:06:59 | INFO     | scanner:_scan_loop:213 | Сканирование #1087 завершено. Найдено сетапов: 0
2026-04-02 11:07:59 | INFO     | scanner:_scan_loop:190 | ═══ Сканирование #1088 ═══
2026-04-02 11:08:31 | INFO     | scanner:_scan_loop:213 | Сканирование #1088 завершено. Найдено сетапов: 0
2026-04-02 11:09:31 | INFO     | scanner:_scan_loop:190 | ═══ Сканирование #1089 ═══
2026-04-02 11:10:06 | ERROR    | scanner:get_klines:88 | Ошибка загрузки данных JTOUSDT 15: 'x-bapi-limit-reset-timestamp'
2026-04-02 11:10:11 | INFO     | scanner:_scan_loop:213 | Сканирование #1089 завершено. Найдено сетапов: 0
2026-04-02 11:11:11 | INFO     | scanner:_scan_loop:190 | ═══ Сканирование #1090 ═══
2026-04-02 11:11:48 | INFO     | scanner:_scan_loop:213 | Сканирование #1090 завершено. Найдено сетапов: 0
2026-04-02 11:12:48 | INFO     | scanner:_scan_loop:190 | ═══ Сканирование #1091 ═══
2026-04-02 11:13:20 | INFO     | scanner:_scan_loop:213 | Сканирование #1091 завершено. Найдено сетапов: 0
2026-04-02 11:14:20 | INFO     | scanner:_scan_loop:190 | ═══ Сканирование #1092 ═══
2026-04-02 11:14:51 | INFO     | scanner:_scan_loop:213 | Сканирование #1092 завершено. Найдено сетапов: 0
2026-04-02 11:15:51 | INFO     | scanner:_scan_loop:190 | ═══ Сканирование #1093 ═══
2026-04-02 11:16:23 | INFO     | scanner:_scan_loop:213 | Сканирование #1093 завершено. Найдено сетапов: 0
2026-04-02 11:17:23 | INFO     | scanner:_scan_loop:190 | ═══ Сканирование #1094 ═══
2026-04-02 11:17:59 | INFO     | scanner:_scan_loop:213 | Сканирование #1094 завершено. Найдено сетапов: 0
2026-04-02 11:18:59 | INFO     | scanner:_scan_loop:190 | ═══ Сканирование #1095 ═══
2026-04-02 11:19:32 | INFO     | scanner:_scan_loop:213 | Сканирование #1095 завершено. Найдено сетапов: 0
2026-04-02 11:20:32 | INFO     | scanner:_scan_loop:190 | ═══ Сканирование #1096 ═══
2026-04-02 11:21:03 | INFO     | scanner:_scan_loop:213 | Сканирование #1096 завершено. Найдено сетапов: 0
2026-04-02 11:22:03 | INFO     | scanner:_scan_loop:190 | ═══ Сканирование #1097 ═══
2026-04-02 11:22:35 | INFO     | scanner:_scan_loop:213 | Сканирование #1097 завершено. Найдено сетапов: 0
2026-04-02 11:23:35 | INFO     | scanner:_scan_loop:190 | ═══ Сканирование #1098 ═══
2026-04-02 11:24:10 | INFO     | scanner:_scan_loop:213 | Сканирование #1098 завершено. Найдено сетапов: 0
2026-04-02 11:25:10 | INFO     | scanner:_scan_loop:190 | ═══ Сканирование #1099 ═══
2026-04-02 11:25:49 | INFO     | scanner:_scan_loop:213 | Сканирование #1099 завершено. Найдено сетапов: 0
2026-04-02 11:26:49 | INFO     | scanner:_scan_loop:190 | ═══ Сканирование #1100 ═══
2026-04-02 11:27:23 | INFO     | scanner:_scan_loop:213 | Сканирование #1100 завершено. Найдено сетапов: 0
2026-04-02 11:28:23 | INFO     | scanner:_scan_loop:190 | ═══ Сканирование #1101 ═══
2026-04-02 11:28:57 | INFO     | scanner:_scan_loop:213 | Сканирование #1101 завершено. Найдено сетапов: 0
2026-04-02 11:29:57 | INFO     | scanner:_scan_loop:190 | ═══ Сканирование #1102 ═══
2026-04-02 11:30:02 | ERROR    | scanner:get_klines:88 | Ошибка загрузки данных AVAXUSDT 15: 'x-bapi-limit-reset-timestamp'
2026-04-02 11:30:03 | ERROR    | scanner:get_klines:88 | Ошибка загрузки данных DOTUSDT 5: 'x-bapi-limit-reset-timestamp'
2026-04-02 11:30:08 | ERROR    | scanner:get_klines:88 | Ошибка загрузки данных FILUSDT 15: 'x-bapi-limit-reset-timestamp'
2026-04-02 11:30:08 | ERROR    | scanner:get_klines:88 | Ошибка загрузки данных FILUSDT 5: 'x-bapi-limit-reset-timestamp'
2026-04-02 11:30:11 | ERROR    | scanner:get_klines:88 | Ошибка загрузки данных OPUSDT 15: 'x-bapi-limit-reset-timestamp'
2026-04-02 11:30:29 | INFO     | scanner:_scan_loop:213 | Сканирование #1102 завершено. Найдено сетапов: 0
2026-04-02 11:31:29 | INFO     | scanner:_scan_loop:190 | ═══ Сканирование #1103 ═══
2026-04-02 11:32:05 | INFO     | scanner:_scan_loop:213 | Сканирование #1103 завершено. Найдено сетапов: 0
2026-04-02 11:33:05 | INFO     | scanner:_scan_loop:190 | ═══ Сканирование #1104 ═══
2026-04-02 11:33:35 | INFO     | scanner:_scan_loop:213 | Сканирование #1104 завершено. Найдено сетапов: 0
2026-04-02 11:34:35 | INFO     | scanner:_scan_loop:190 | ═══ Сканирование #1105 ═══
2026-04-02 11:35:04 | INFO     | scanner:_scan_loop:213 | Сканирование #1105 завершено. Найдено сетапов: 0
2026-04-02 11:36:04 | INFO     | scanner:_scan_loop:190 | ═══ Сканирование #1106 ═══
2026-04-02 11:36:37 | INFO     | scanner:_scan_loop:213 | Сканирование #1106 завершено. Найдено сетапов: 0
2026-04-02 11:37:37 | INFO     | scanner:_scan_loop:190 | ═══ Сканирование #1107 ═══
2026-04-02 11:38:10 | INFO     | scanner:_scan_loop:213 | Сканирование #1107 завершено. Найдено сетапов: 0
2026-04-02 11:39:10 | INFO     | scanner:_scan_loop:190 | ═══ Сканирование #1108 ═══
2026-04-02 11:39:40 | INFO     | scanner:_scan_loop:213 | Сканирование #1108 завершено. Найдено сетапов: 0
2026-04-02 11:40:40 | INFO     | scanner:_scan_loop:190 | ═══ Сканирование #1109 ═══
2026-04-02 11:41:20 | INFO     | scanner:_scan_loop:213 | Сканирование #1109 завершено. Найдено сетапов: 0
2026-04-02 11:42:20 | INFO     | scanner:_scan_loop:190 | ═══ Сканирование #1110 ═══
2026-04-02 11:42:52 | INFO     | scanner:_scan_loop:213 | Сканирование #1110 завершено. Найдено сетапов: 0
2026-04-02 11:43:52 | INFO     | scanner:_scan_loop:190 | ═══ Сканирование #1111 ═══
2026-04-02 11:44:22 | INFO     | scanner:_scan_loop:213 | Сканирование #1111 завершено. Найдено сетапов: 0
2026-04-02 11:45:22 | INFO     | scanner:_scan_loop:190 | ═══ Сканирование #1112 ═══
2026-04-02 11:45:53 | INFO     | scanner:_scan_loop:213 | Сканирование #1112 завершено. Найдено сетапов: 0
2026-04-02 11:46:53 | INFO     | scanner:_scan_loop:190 | ═══ Сканирование #1113 ═══
2026-04-02 11:47:24 | INFO     | scanner:_scan_loop:213 | Сканирование #1113 завершено. Найдено сетапов: 0
2026-04-02 11:48:24 | INFO     | scanner:_scan_loop:190 | ═══ Сканирование #1114 ═══
2026-04-02 11:48:54 | INFO     | scanner:_scan_loop:213 | Сканирование #1114 завершено. Найдено сетапов: 0
2026-04-02 11:49:54 | INFO     | scanner:_scan_loop:190 | ═══ Сканирование #1115 ═══
2026-04-02 11:50:11 | ERROR    | scanner:get_klines:88 | Ошибка загрузки данных JUPUSDT 5: 'x-bapi-limit-reset-timestamp'
2026-04-02 11:50:28 | INFO     | scanner:_scan_loop:213 | Сканирование #1115 завершено. Найдено сетапов: 0
2026-04-02 11:51:28 | INFO     | scanner:_scan_loop:190 | ═══ Сканирование #1116 ═══
2026-04-02 11:52:00 | INFO     | scanner:_scan_loop:213 | Сканирование #1116 завершено. Найдено сетапов: 0
2026-04-02 11:53:00 | INFO     | scanner:_scan_loop:190 | ═══ Сканирование #1117 ═══
2026-04-02 11:53:30 | INFO     | scanner:_scan_loop:213 | Сканирование #1117 завершено. Найдено сетапов: 0
2026-04-02 11:54:30 | INFO     | scanner:_scan_loop:190 | ═══ Сканирование #1118 ═══
2026-04-02 11:55:00 | INFO     | scanner:_scan_loop:213 | Сканирование #1118 завершено. Найдено сетапов: 0
2026-04-02 11:56:00 | INFO     | scanner:_scan_loop:190 | ═══ Сканирование #1119 ═══
2026-04-02 11:56:40 | INFO     | scanner:_scan_loop:213 | Сканирование #1119 завершено. Найдено сетапов: 0
2026-04-02 11:57:40 | INFO     | scanner:_scan_loop:190 | ═══ Сканирование #1120 ═══
2026-04-02 11:58:13 | INFO     | scanner:_scan_loop:213 | Сканирование #1120 завершено. Найдено сетапов: 0
2026-04-02 11:59:13 | INFO     | scanner:_scan_loop:190 | ═══ Сканирование #1121 ═══
2026-04-02 11:59:47 | INFO     | scanner:_scan_loop:213 | Сканирование #1121 завершено. Найдено сетапов: 0
2026-04-02 12:00:47 | INFO     | scanner:_scan_loop:190 | ═══ Сканирование #1122 ═══
2026-04-02 12:01:16 | INFO     | scanner:_scan_loop:213 | Сканирование #1122 завершено. Найдено сетапов: 0
2026-04-02 12:02:16 | INFO     | scanner:_scan_loop:190 | ═══ Сканирование #1123 ═══
2026-04-02 12:02:48 | INFO     | scanner:_scan_loop:213 | Сканирование #1123 завершено. Найдено сетапов: 0
2026-04-02 12:03:48 | INFO     | scanner:_scan_loop:190 | ═══ Сканирование #1124 ═══
2026-04-02 12:04:21 | INFO     | scanner:_scan_loop:213 | Сканирование #1124 завершено. Найдено сетапов: 0
2026-04-02 12:05:21 | INFO     | scanner:_scan_loop:190 | ═══ Сканирование #1125 ═══
2026-04-02 12:05:52 | INFO     | scanner:_scan_loop:213 | Сканирование #1125 завершено. Найдено сетапов: 0
2026-04-02 12:06:52 | INFO     | scanner:_scan_loop:190 | ═══ Сканирование #1126 ═══
2026-04-02 12:07:23 | INFO     | scanner:_scan_loop:213 | Сканирование #1126 завершено. Найдено сетапов: 0
2026-04-02 12:08:23 | INFO     | scanner:_scan_loop:190 | ═══ Сканирование #1127 ═══
2026-04-02 12:08:57 | INFO     | scanner:_scan_loop:213 | Сканирование #1127 завершено. Найдено сетапов: 0
2026-04-02 12:09:57 | INFO     | scanner:_scan_loop:190 | ═══ Сканирование #1128 ═══
2026-04-02 12:10:13 | ERROR    | scanner:get_klines:88 | Ошибка загрузки данных WLDUSDT 5: 'x-bapi-limit-reset-timestamp'
2026-04-02 12:10:28 | INFO     | scanner:_scan_loop:213 | Сканирование #1128 завершено. Найдено сетапов: 0
2026-04-02 12:11:28 | INFO     | scanner:_scan_loop:190 | ═══ Сканирование #1129 ═══
2026-04-02 12:12:08 | INFO     | scanner:_scan_loop:213 | Сканирование #1129 завершено. Найдено сетапов: 0
2026-04-02 12:13:08 | INFO     | scanner:_scan_loop:190 | ═══ Сканирование #1130 ═══
2026-04-02 12:13:40 | INFO     | scanner:_scan_loop:213 | Сканирование #1130 завершено. Найдено сетапов: 0
2026-04-02 12:14:40 | INFO     | scanner:_scan_loop:190 | ═══ Сканирование #1131 ═══
2026-04-02 12:15:05 | ERROR    | scanner:get_klines:88 | Ошибка загрузки данных SNXUSDT 15: 'x-bapi-limit-reset-timestamp'
2026-04-02 12:15:13 | INFO     | scanner:_scan_loop:213 | Сканирование #1131 завершено. Найдено сетапов: 0
2026-04-02 12:16:13 | INFO     | scanner:_scan_loop:190 | ═══ Сканирование #1132 ═══
2026-04-02 12:16:45 | INFO     | scanner:_scan_loop:213 | Сканирование #1132 завершено. Найдено сетапов: 0
2026-04-02 12:17:45 | INFO     | scanner:_scan_loop:190 | ═══ Сканирование #1133 ═══
2026-04-02 12:18:19 | INFO     | scanner:_scan_loop:213 | Сканирование #1133 завершено. Найдено сетапов: 0
2026-04-02 12:19:19 | INFO     | scanner:_scan_loop:190 | ═══ Сканирование #1134 ═══
2026-04-02 12:19:29 | ERROR    | scanner:get_current_prices:110 | Ошибка получения цен: HTTPSConnectionPool(host='api.bybit.com', port=443): Read timed out. (read timeout=10)
2026-04-02 12:19:29 | WARNING  | scanner:_scan_loop:194 | Не удалось получить цены
2026-04-02 12:20:29 | INFO     | scanner:_scan_loop:190 | ═══ Сканирование #1135 ═══
2026-04-02 12:21:18 | INFO     | scanner:_scan_loop:213 | Сканирование #1135 завершено. Найдено сетапов: 0
2026-04-02 12:22:18 | INFO     | scanner:_scan_loop:190 | ═══ Сканирование #1136 ═══
2026-04-02 12:22:53 | INFO     | scanner:_scan_loop:213 | Сканирование #1136 завершено. Найдено сетапов: 0
2026-04-02 12:23:53 | INFO     | scanner:_scan_loop:190 | ═══ Сканирование #1137 ═══
2026-04-02 12:24:29 | INFO     | scanner:_scan_loop:213 | Сканирование #1137 завершено. Найдено сетапов: 0
2026-04-02 12:25:29 | INFO     | scanner:_scan_loop:190 | ═══ Сканирование #1138 ═══
2026-04-02 12:26:06 | INFO     | scanner:_scan_loop:213 | Сканирование #1138 завершено. Найдено сетапов: 0
2026-04-02 12:27:06 | INFO     | scanner:_scan_loop:190 | ═══ Сканирование #1139 ═══
2026-04-02 12:27:47 | INFO     | scanner:_scan_loop:213 | Сканирование #1139 завершено. Найдено сетапов: 0
2026-04-02 12:28:47 | INFO     | scanner:_scan_loop:190 | ═══ Сканирование #1140 ═══
2026-04-02 12:29:20 | INFO     | scanner:_scan_loop:213 | Сканирование #1140 завершено. Найдено сетапов: 0
2026-04-02 12:30:20 | INFO     | scanner:_scan_loop:190 | ═══ Сканирование #1141 ═══
2026-04-02 12:30:29 | ERROR    | scanner:get_klines:88 | Ошибка загрузки данных LTCUSDT 5: 'x-bapi-limit-reset-timestamp'
2026-04-02 12:30:53 | INFO     | scanner:_scan_loop:213 | Сканирование #1141 завершено. Найдено сетапов: 0
2026-04-02 12:31:53 | INFO     | scanner:_scan_loop:190 | ═══ Сканирование #1142 ═══
2026-04-02 12:32:26 | INFO     | scanner:_scan_loop:213 | Сканирование #1142 завершено. Найдено сетапов: 0
2026-04-02 12:33:26 | INFO     | scanner:_scan_loop:190 | ═══ Сканирование #1143 ═══
2026-04-02 12:34:01 | INFO     | scanner:_scan_loop:213 | Сканирование #1143 завершено. Найдено сетапов: 0
2026-04-02 12:35:01 | INFO     | scanner:_scan_loop:190 | ═══ Сканирование #1144 ═══
2026-04-02 12:35:33 | INFO     | scanner:_scan_loop:213 | Сканирование #1144 завершено. Найдено сетапов: 0
2026-04-02 12:36:33 | INFO     | scanner:_scan_loop:190 | ═══ Сканирование #1145 ═══
2026-04-02 12:37:07 | INFO     | scanner:_scan_loop:213 | Сканирование #1145 завершено. Найдено сетапов: 0
2026-04-02 12:38:07 | INFO     | scanner:_scan_loop:190 | ═══ Сканирование #1146 ═══
2026-04-02 12:38:40 | INFO     | scanner:_scan_loop:213 | Сканирование #1146 завершено. Найдено сетапов: 0
2026-04-02 12:39:40 | INFO     | scanner:_scan_loop:190 | ═══ Сканирование #1147 ═══
2026-04-02 12:40:15 | INFO     | scanner:_scan_loop:213 | Сканирование #1147 завершено. Найдено сетапов: 0
2026-04-02 12:41:15 | INFO     | scanner:_scan_loop:190 | ═══ Сканирование #1148 ═══
2026-04-02 12:41:49 | INFO     | scanner:_scan_loop:213 | Сканирование #1148 завершено. Найдено сетапов: 0
2026-04-02 12:42:49 | INFO     | scanner:_scan_loop:190 | ═══ Сканирование #1149 ═══
2026-04-02 12:43:29 | INFO     | scanner:_scan_loop:213 | Сканирование #1149 завершено. Найдено сетапов: 0
2026-04-02 12:44:29 | INFO     | scanner:_scan_loop:190 | ═══ Сканирование #1150 ═══
2026-04-02 12:45:02 | ERROR    | scanner:get_klines:88 | Ошибка загрузки данных LDOUSDT 15: 'x-bapi-limit-reset-timestamp'
2026-04-02 12:45:02 | INFO     | scanner:_scan_loop:213 | Сканирование #1150 завершено. Найдено сетапов: 0
2026-04-02 12:46:02 | INFO     | scanner:_scan_loop:190 | ═══ Сканирование #1151 ═══
2026-04-02 12:46:36 | INFO     | scanner:_scan_loop:213 | Сканирование #1151 завершено. Найдено сетапов: 0
2026-04-02 12:47:36 | INFO     | scanner:_scan_loop:190 | ═══ Сканирование #1152 ═══
2026-04-02 12:48:06 | INFO     | scanner:_scan_loop:213 | Сканирование #1152 завершено. Найдено сетапов: 0
2026-04-02 12:49:06 | INFO     | scanner:_scan_loop:190 | ═══ Сканирование #1153 ═══
2026-04-02 12:49:40 | INFO     | scanner:_scan_loop:213 | Сканирование #1153 завершено. Найдено сетапов: 0
2026-04-02 12:50:40 | INFO     | scanner:_scan_loop:190 | ═══ Сканирование #1154 ═══
2026-04-02 12:51:11 | INFO     | scanner:_scan_loop:213 | Сканирование #1154 завершено. Найдено сетапов: 0
2026-04-02 12:52:11 | INFO     | scanner:_scan_loop:190 | ═══ Сканирование #1155 ═══
2026-04-02 12:52:44 | INFO     | scanner:_scan_loop:213 | Сканирование #1155 завершено. Найдено сетапов: 0
2026-04-02 12:53:44 | INFO     | scanner:_scan_loop:190 | ═══ Сканирование #1156 ═══
2026-04-02 12:54:16 | INFO     | scanner:_scan_loop:213 | Сканирование #1156 завершено. Найдено сетапов: 0
2026-04-02 12:55:16 | INFO     | scanner:_scan_loop:190 | ═══ Сканирование #1157 ═══
2026-04-02 12:55:48 | INFO     | scanner:_scan_loop:213 | Сканирование #1157 завершено. Найдено сетапов: 0
2026-04-02 12:56:48 | INFO     | scanner:_scan_loop:190 | ═══ Сканирование #1158 ═══
2026-04-02 12:57:19 | INFO     | scanner:_scan_loop:213 | Сканирование #1158 завершено. Найдено сетапов: 0
2026-04-02 12:58:19 | INFO     | scanner:_scan_loop:190 | ═══ Сканирование #1159 ═══
2026-04-02 12:58:59 | INFO     | scanner:_scan_loop:213 | Сканирование #1159 завершено. Найдено сетапов: 0
2026-04-02 12:59:59 | INFO     | scanner:_scan_loop:190 | ═══ Сканирование #1160 ═══
2026-04-02 13:00:02 | ERROR    | scanner:get_klines:88 | Ошибка загрузки данных BNBUSDT 15: 'x-bapi-limit-reset-timestamp'
2026-04-02 13:00:04 | ERROR    | scanner:get_klines:88 | Ошибка загрузки данных ADAUSDT 5: 'x-bapi-limit-reset-timestamp'
2026-04-02 13:00:05 | ERROR    | scanner:get_klines:88 | Ошибка загрузки данных AVAXUSDT 15: 'x-bapi-limit-reset-timestamp'
2026-04-02 13:00:05 | ERROR    | scanner:get_klines:88 | Ошибка загрузки данных DOTUSDT 5: 'x-bapi-limit-reset-timestamp'
2026-04-02 13:00:08 | ERROR    | scanner:get_klines:88 | Ошибка загрузки данных LTCUSDT 15: 'x-bapi-limit-reset-timestamp'
2026-04-02 13:00:09 | ERROR    | scanner:get_klines:88 | Ошибка загрузки данных FILUSDT 5: 'x-bapi-limit-reset-timestamp'
2026-04-02 13:00:13 | ERROR    | scanner:get_klines:88 | Ошибка загрузки данных INJUSDT 15: 'x-bapi-limit-reset-timestamp'
2026-04-02 13:00:19 | ERROR    | scanner:get_klines:88 | Ошибка загрузки данных IMXUSDT 5: 'x-bapi-limit-reset-timestamp'
2026-04-02 13:00:31 | INFO     | scanner:_scan_loop:213 | Сканирование #1160 завершено. Найдено сетапов: 0
2026-04-02 13:01:31 | INFO     | scanner:_scan_loop:190 | ═══ Сканирование #1161 ═══
2026-04-02 13:02:02 | INFO     | scanner:_scan_loop:213 | Сканирование #1161 завершено. Найдено сетапов: 0
2026-04-02 13:03:02 | INFO     | scanner:_scan_loop:190 | ═══ Сканирование #1162 ═══
2026-04-02 13:03:32 | INFO     | scanner:_scan_loop:213 | Сканирование #1162 завершено. Найдено сетапов: 0
2026-04-02 13:04:32 | INFO     | scanner:_scan_loop:190 | ═══ Сканирование #1163 ═══
2026-04-02 13:05:05 | INFO     | scanner:_scan_loop:213 | Сканирование #1163 завершено. Найдено сетапов: 0
2026-04-02 13:06:05 | INFO     | scanner:_scan_loop:190 | ═══ Сканирование #1164 ═══
2026-04-02 13:06:40 | INFO     | scanner:_scan_loop:213 | Сканирование #1164 завершено. Найдено сетапов: 0
2026-04-02 13:07:40 | INFO     | scanner:_scan_loop:190 | ═══ Сканирование #1165 ═══
2026-04-02 13:08:10 | INFO     | scanner:_scan_loop:213 | Сканирование #1165 завершено. Найдено сетапов: 0
2026-04-02 13:09:10 | INFO     | scanner:_scan_loop:190 | ═══ Сканирование #1166 ═══
2026-04-02 13:09:39 | INFO     | scanner:_scan_loop:213 | Сканирование #1166 завершено. Найдено сетапов: 0
2026-04-02 13:10:39 | INFO     | scanner:_scan_loop:190 | ═══ Сканирование #1167 ═══
2026-04-02 13:11:10 | INFO     | scanner:_scan_loop:213 | Сканирование #1167 завершено. Найдено сетапов: 0
2026-04-02 13:12:10 | INFO     | scanner:_scan_loop:190 | ═══ Сканирование #1168 ═══
2026-04-02 13:12:39 | INFO     | scanner:_scan_loop:213 | Сканирование #1168 завершено. Найдено сетапов: 0
2026-04-02 13:13:39 | INFO     | scanner:_scan_loop:190 | ═══ Сканирование #1169 ═══
2026-04-02 13:14:19 | INFO     | scanner:_scan_loop:213 | Сканирование #1169 завершено. Найдено сетапов: 0
2026-04-02 13:15:19 | INFO     | scanner:_scan_loop:190 | ═══ Сканирование #1170 ═══
2026-04-02 13:15:55 | INFO     | scanner:_scan_loop:213 | Сканирование #1170 завершено. Найдено сетапов: 0
2026-04-02 13:16:55 | INFO     | scanner:_scan_loop:190 | ═══ Сканирование #1171 ═══
2026-04-02 13:17:28 | INFO     | scanner:_scan_loop:213 | Сканирование #1171 завершено. Найдено сетапов: 0
2026-04-02 13:18:28 | INFO     | scanner:_scan_loop:190 | ═══ Сканирование #1172 ═══
2026-04-02 13:18:59 | INFO     | scanner:_scan_loop:213 | Сканирование #1172 завершено. Найдено сетапов: 0
2026-04-02 13:19:59 | INFO     | scanner:_scan_loop:190 | ═══ Сканирование #1173 ═══
2026-04-02 13:20:07 | ERROR    | scanner:get_klines:88 | Ошибка загрузки данных ATOMUSDT 15: 'x-bapi-limit-reset-timestamp'
2026-04-02 13:20:29 | INFO     | scanner:_scan_loop:213 | Сканирование #1173 завершено. Найдено сетапов: 0
2026-04-02 13:21:29 | INFO     | scanner:_scan_loop:190 | ═══ Сканирование #1174 ═══
2026-04-02 13:22:02 | INFO     | scanner:_scan_loop:213 | Сканирование #1174 завершено. Найдено сетапов: 0
2026-04-02 13:23:02 | INFO     | scanner:_scan_loop:190 | ═══ Сканирование #1175 ═══
2026-04-02 13:23:34 | INFO     | scanner:_scan_loop:213 | Сканирование #1175 завершено. Найдено сетапов: 0
2026-04-02 13:24:34 | INFO     | scanner:_scan_loop:190 | ═══ Сканирование #1176 ═══
2026-04-02 13:25:07 | ERROR    | scanner:get_klines:88 | Ошибка загрузки данных ENSUSDT 5: 'x-bapi-limit-reset-timestamp'
2026-04-02 13:25:07 | INFO     | scanner:_scan_loop:213 | Сканирование #1176 завершено. Найдено сетапов: 0
2026-04-02 13:26:07 | INFO     | scanner:_scan_loop:190 | ═══ Сканирование #1177 ═══
2026-04-02 13:26:38 | INFO     | scanner:_scan_loop:213 | Сканирование #1177 завершено. Найдено сетапов: 0
2026-04-02 13:27:38 | INFO     | scanner:_scan_loop:190 | ═══ Сканирование #1178 ═══
2026-04-02 13:28:08 | INFO     | scanner:_scan_loop:213 | Сканирование #1178 завершено. Найдено сетапов: 0
2026-04-02 13:29:08 | INFO     | scanner:_scan_loop:190 | ═══ Сканирование #1179 ═══
2026-04-02 13:29:48 | INFO     | scanner:_scan_loop:213 | Сканирование #1179 завершено. Найдено сетапов: 0
2026-04-02 13:30:48 | INFO     | scanner:_scan_loop:190 | ═══ Сканирование #1180 ═══
2026-04-02 13:31:22 | INFO     | scanner:_scan_loop:213 | Сканирование #1180 завершено. Найдено сетапов: 0
2026-04-02 13:32:22 | INFO     | scanner:_scan_loop:190 | ═══ Сканирование #1181 ═══
2026-04-02 13:32:55 | INFO     | scanner:_scan_loop:213 | Сканирование #1181 завершено. Найдено сетапов: 0
2026-04-02 13:33:55 | INFO     | scanner:_scan_loop:190 | ═══ Сканирование #1182 ═══
2026-04-02 13:34:26 | INFO     | scanner:_scan_loop:213 | Сканирование #1182 завершено. Найдено сетапов: 0
2026-04-02 13:35:26 | INFO     | scanner:_scan_loop:190 | ═══ Сканирование #1183 ═══
2026-04-02 13:35:58 | INFO     | scanner:_scan_loop:213 | Сканирование #1183 завершено. Найдено сетапов: 0
2026-04-02 13:36:58 | INFO     | scanner:_scan_loop:190 | ═══ Сканирование #1184 ═══
2026-04-02 13:37:29 | INFO     | scanner:_scan_loop:213 | Сканирование #1184 завершено. Найдено сетапов: 0
2026-04-02 13:38:29 | INFO     | scanner:_scan_loop:190 | ═══ Сканирование #1185 ═══
2026-04-02 13:39:02 | INFO     | scanner:_scan_loop:213 | Сканирование #1185 завершено. Найдено сетапов: 0
2026-04-02 13:40:02 | INFO     | scanner:_scan_loop:190 | ═══ Сканирование #1186 ═══
2026-04-02 13:40:08 | ERROR    | scanner:get_klines:88 | Ошибка загрузки данных ADAUSDT 15: 'x-bapi-limit-reset-timestamp'
2026-04-02 13:40:33 | INFO     | scanner:_scan_loop:213 | Сканирование #1186 завершено. Найдено сетапов: 0
2026-04-02 13:41:33 | INFO     | scanner:_scan_loop:190 | ═══ Сканирование #1187 ═══
2026-04-02 13:42:04 | INFO     | scanner:_scan_loop:213 | Сканирование #1187 завершено. Найдено сетапов: 0
2026-04-02 13:43:04 | INFO     | scanner:_scan_loop:190 | ═══ Сканирование #1188 ═══
2026-04-02 13:43:35 | INFO     | scanner:_scan_loop:213 | Сканирование #1188 завершено. Найдено сетапов: 0
2026-04-02 13:44:35 | INFO     | scanner:_scan_loop:190 | ═══ Сканирование #1189 ═══
2026-04-02 13:45:04 | ERROR    | scanner:get_klines:88 | Ошибка загрузки данных TRXUSDT 15: 'x-bapi-limit-reset-timestamp'
2026-04-02 13:45:06 | ERROR    | scanner:get_klines:88 | Ошибка загрузки данных ETCUSDT 15: 'x-bapi-limit-reset-timestamp'
2026-04-02 13:45:08 | ERROR    | scanner:get_klines:88 | Ошибка загрузки данных SNXUSDT 15: 'x-bapi-limit-reset-timestamp'
2026-04-02 13:45:08 | ERROR    | scanner:get_klines:88 | Ошибка загрузки данных CRVUSDT 240: 'x-bapi-limit-reset-timestamp'
2026-04-02 13:45:11 | ERROR    | scanner:get_klines:88 | Ошибка загрузки данных PENDLEUSDT 15: 'x-bapi-limit-reset-timestamp'
2026-04-02 13:45:17 | INFO     | scanner:_scan_loop:213 | Сканирование #1189 завершено. Найдено сетапов: 0
2026-04-02 13:46:17 | INFO     | scanner:_scan_loop:190 | ═══ Сканирование #1190 ═══
2026-04-02 13:46:50 | INFO     | scanner:_scan_loop:213 | Сканирование #1190 завершено. Найдено сетапов: 0
2026-04-02 13:47:50 | INFO     | scanner:_scan_loop:190 | ═══ Сканирование #1191 ═══
2026-04-02 13:48:28 | INFO     | scanner:_scan_loop:213 | Сканирование #1191 завершено. Найдено сетапов: 0
2026-04-02 13:49:28 | INFO     | scanner:_scan_loop:190 | ═══ Сканирование #1192 ═══
2026-04-02 13:50:03 | INFO     | scanner:_scan_loop:213 | Сканирование #1192 завершено. Найдено сетапов: 0
2026-04-02 13:51:03 | INFO     | scanner:_scan_loop:190 | ═══ Сканирование #1193 ═══
2026-04-02 13:51:35 | INFO     | scanner:_scan_loop:213 | Сканирование #1193 завершено. Найдено сетапов: 0
2026-04-02 13:52:35 | INFO     | scanner:_scan_loop:190 | ═══ Сканирование #1194 ═══
2026-04-02 13:53:08 | INFO     | scanner:_scan_loop:213 | Сканирование #1194 завершено. Найдено сетапов: 0
2026-04-02 13:54:08 | INFO     | scanner:_scan_loop:190 | ═══ Сканирование #1195 ═══
2026-04-02 13:54:39 | INFO     | scanner:_scan_loop:213 | Сканирование #1195 завершено. Найдено сетапов: 0
2026-04-02 13:55:39 | INFO     | scanner:_scan_loop:190 | ═══ Сканирование #1196 ═══
2026-04-02 13:56:12 | INFO     | scanner:_scan_loop:213 | Сканирование #1196 завершено. Найдено сетапов: 0
2026-04-02 13:57:12 | INFO     | scanner:_scan_loop:190 | ═══ Сканирование #1197 ═══
2026-04-02 13:57:42 | INFO     | scanner:_scan_loop:213 | Сканирование #1197 завершено. Найдено сетапов: 0
2026-04-02 13:58:42 | INFO     | scanner:_scan_loop:190 | ═══ Сканирование #1198 ═══
2026-04-02 13:59:14 | INFO     | scanner:_scan_loop:213 | Сканирование #1198 завершено. Найдено сетапов: 0
2026-04-02 14:00:14 | INFO     | scanner:_scan_loop:190 | ═══ Сканирование #1199 ═══
2026-04-02 14:00:18 | ERROR    | scanner:get_klines:88 | Ошибка загрузки данных BNBUSDT 240: 'x-bapi-limit-reset-timestamp'
2026-04-02 14:00:59 | INFO     | scanner:_scan_loop:213 | Сканирование #1199 завершено. Найдено сетапов: 0
2026-04-02 14:01:59 | INFO     | scanner:_scan_loop:190 | ═══ Сканирование #1200 ═══
2026-04-02 14:02:33 | INFO     | scanner:_scan_loop:213 | Сканирование #1200 завершено. Найдено сетапов: 0
2026-04-02 14:03:33 | INFO     | scanner:_scan_loop:190 | ═══ Сканирование #1201 ═══
2026-04-02 14:04:09 | INFO     | scanner:_scan_loop:213 | Сканирование #1201 завершено. Найдено сетапов: 0
2026-04-02 14:05:09 | INFO     | scanner:_scan_loop:190 | ═══ Сканирование #1202 ═══
2026-04-02 14:05:40 | INFO     | scanner:_scan_loop:213 | Сканирование #1202 завершено. Найдено сетапов: 0
2026-04-02 14:06:40 | INFO     | scanner:_scan_loop:190 | ═══ Сканирование #1203 ═══
2026-04-02 14:07:12 | INFO     | scanner:_scan_loop:213 | Сканирование #1203 завершено. Найдено сетапов: 0
2026-04-02 14:08:12 | INFO     | scanner:_scan_loop:190 | ═══ Сканирование #1204 ═══
2026-04-02 14:08:45 | INFO     | scanner:_scan_loop:213 | Сканирование #1204 завершено. Найдено сетапов: 0
2026-04-02 14:09:45 | INFO     | scanner:_scan_loop:190 | ═══ Сканирование #1205 ═══
2026-04-02 14:10:18 | ERROR    | scanner:get_klines:88 | Ошибка загрузки данных AAVEUSDT 15: HTTPSConnectionPool(host='api.bybit.com', port=443): Read timed out. (read timeout=10)
2026-04-02 14:10:38 | INFO     | scanner:_scan_loop:213 | Сканирование #1205 завершено. Найдено сетапов: 0
2026-04-02 14:11:38 | INFO     | scanner:_scan_loop:190 | ═══ Сканирование #1206 ═══
2026-04-02 14:12:08 | INFO     | scanner:_scan_loop:213 | Сканирование #1206 завершено. Найдено сетапов: 0
2026-04-02 14:13:08 | INFO     | scanner:_scan_loop:190 | ═══ Сканирование #1207 ═══
2026-04-02 14:13:38 | INFO     | scanner:_scan_loop:213 | Сканирование #1207 завершено. Найдено сетапов: 0
2026-04-02 14:14:38 | INFO     | scanner:_scan_loop:190 | ═══ Сканирование #1208 ═══
2026-04-02 14:15:06 | ERROR    | scanner:get_klines:88 | Ошибка загрузки данных STRKUSDT 5: 'x-bapi-limit-reset-timestamp'
2026-04-02 14:15:09 | INFO     | scanner:_scan_loop:213 | Сканирование #1208 завершено. Найдено сетапов: 0
2026-04-02 14:16:09 | INFO     | scanner:_scan_loop:190 | ═══ Сканирование #1209 ═══
2026-04-02 14:16:46 | INFO     | scanner:_scan_loop:213 | Сканирование #1209 завершено. Найдено сетапов: 0
2026-04-02 14:17:46 | INFO     | scanner:_scan_loop:190 | ═══ Сканирование #1210 ═══
2026-04-02 14:18:18 | INFO     | scanner:_scan_loop:213 | Сканирование #1210 завершено. Найдено сетапов: 0
2026-04-02 14:19:19 | INFO     | scanner:_scan_loop:190 | ═══ Сканирование #1211 ═══
2026-04-02 14:19:49 | INFO     | scanner:_scan_loop:213 | Сканирование #1211 завершено. Найдено сетапов: 0
2026-04-02 14:20:49 | INFO     | scanner:_scan_loop:190 | ═══ Сканирование #1212 ═══
2026-04-02 14:21:19 | INFO     | scanner:_scan_loop:213 | Сканирование #1212 завершено. Найдено сетапов: 0
2026-04-02 14:22:19 | INFO     | scanner:_scan_loop:190 | ═══ Сканирование #1213 ═══
2026-04-02 14:22:49 | INFO     | scanner:_scan_loop:213 | Сканирование #1213 завершено. Найдено сетапов: 0
2026-04-02 14:23:49 | INFO     | scanner:_scan_loop:190 | ═══ Сканирование #1214 ═══
2026-04-02 14:24:22 | INFO     | scanner:_scan_loop:213 | Сканирование #1214 завершено. Найдено сетапов: 0
2026-04-02 14:25:22 | INFO     | scanner:_scan_loop:190 | ═══ Сканирование #1215 ═══
2026-04-02 14:25:52 | INFO     | scanner:_scan_loop:213 | Сканирование #1215 завершено. Найдено сетапов: 0
2026-04-02 14:26:52 | INFO     | scanner:_scan_loop:190 | ═══ Сканирование #1216 ═══
2026-04-02 14:27:24 | INFO     | scanner:_scan_loop:213 | Сканирование #1216 завершено. Найдено сетапов: 0
2026-04-02 14:28:24 | INFO     | scanner:_scan_loop:190 | ═══ Сканирование #1217 ═══
2026-04-02 14:28:56 | INFO     | scanner:_scan_loop:213 | Сканирование #1217 завершено. Найдено сетапов: 0
2026-04-02 14:29:56 | INFO     | scanner:_scan_loop:190 | ═══ Сканирование #1218 ═══
2026-04-02 14:30:03 | ERROR    | scanner:get_klines:88 | Ошибка загрузки данных AVAXUSDT 15: 'x-bapi-limit-reset-timestamp'
2026-04-02 14:30:06 | ERROR    | scanner:get_klines:88 | Ошибка загрузки данных ATOMUSDT 5: 'x-bapi-limit-reset-timestamp'
2026-04-02 14:30:07 | ERROR    | scanner:get_klines:88 | Ошибка загрузки данных FILUSDT 15: 'x-bapi-limit-reset-timestamp'
2026-04-02 14:30:12 | ERROR    | scanner:get_klines:88 | Ошибка загрузки данных SEIUSDT 15: 'x-bapi-limit-reset-timestamp'
2026-04-02 14:30:13 | ERROR    | scanner:get_klines:88 | Ошибка загрузки данных WLDUSDT 15: 'x-bapi-limit-reset-timestamp'
2026-04-02 14:30:29 | INFO     | scanner:_scan_loop:213 | Сканирование #1218 завершено. Найдено сетапов: 0
2026-04-02 14:31:29 | INFO     | scanner:_scan_loop:190 | ═══ Сканирование #1219 ═══
2026-04-02 14:32:11 | INFO     | scanner:_scan_loop:213 | Сканирование #1219 завершено. Найдено сетапов: 0
2026-04-02 14:33:11 | INFO     | scanner:_scan_loop:190 | ═══ Сканирование #1220 ═══
2026-04-02 14:33:46 | INFO     | scanner:_scan_loop:213 | Сканирование #1220 завершено. Найдено сетапов: 0
2026-04-02 14:34:46 | INFO     | scanner:_scan_loop:190 | ═══ Сканирование #1221 ═══
2026-04-02 14:35:20 | INFO     | scanner:_scan_loop:213 | Сканирование #1221 завершено. Найдено сетапов: 0
2026-04-02 14:36:20 | INFO     | scanner:_scan_loop:190 | ═══ Сканирование #1222 ═══
2026-04-02 14:36:52 | INFO     | scanner:_scan_loop:213 | Сканирование #1222 завершено. Найдено сетапов: 0
2026-04-02 14:37:52 | INFO     | scanner:_scan_loop:190 | ═══ Сканирование #1223 ═══
2026-04-02 14:38:26 | INFO     | scanner:_scan_loop:213 | Сканирование #1223 завершено. Найдено сетапов: 0
2026-04-02 14:39:26 | INFO     | scanner:_scan_loop:190 | ═══ Сканирование #1224 ═══
2026-04-02 14:39:58 | INFO     | scanner:_scan_loop:213 | Сканирование #1224 завершено. Найдено сетапов: 0
2026-04-02 14:40:58 | INFO     | scanner:_scan_loop:190 | ═══ Сканирование #1225 ═══
2026-04-02 14:41:33 | INFO     | scanner:_scan_loop:213 | Сканирование #1225 завершено. Найдено сетапов: 0
2026-04-02 14:42:33 | INFO     | scanner:_scan_loop:190 | ═══ Сканирование #1226 ═══
2026-04-02 14:43:06 | INFO     | scanner:_scan_loop:213 | Сканирование #1226 завершено. Найдено сетапов: 0
2026-04-02 14:44:06 | INFO     | scanner:_scan_loop:190 | ═══ Сканирование #1227 ═══
2026-04-02 14:44:40 | INFO     | scanner:_scan_loop:213 | Сканирование #1227 завершено. Найдено сетапов: 0
2026-04-02 14:45:40 | INFO     | scanner:_scan_loop:190 | ═══ Сканирование #1228 ═══
2026-04-02 14:46:10 | INFO     | scanner:_scan_loop:213 | Сканирование #1228 завершено. Найдено сетапов: 0
2026-04-02 14:47:10 | INFO     | scanner:_scan_loop:190 | ═══ Сканирование #1229 ═══
2026-04-02 14:47:51 | INFO     | scanner:_scan_loop:213 | Сканирование #1229 завершено. Найдено сетапов: 0
2026-04-02 14:48:51 | INFO     | scanner:_scan_loop:190 | ═══ Сканирование #1230 ═══
2026-04-02 14:49:27 | INFO     | scanner:_scan_loop:213 | Сканирование #1230 завершено. Найдено сетапов: 0
2026-04-02 14:50:27 | INFO     | scanner:_scan_loop:190 | ═══ Сканирование #1231 ═══
2026-04-02 14:50:59 | INFO     | scanner:_scan_loop:213 | Сканирование #1231 завершено. Найдено сетапов: 0
2026-04-02 14:51:59 | INFO     | scanner:_scan_loop:190 | ═══ Сканирование #1232 ═══
2026-04-02 14:52:29 | INFO     | scanner:_scan_loop:213 | Сканирование #1232 завершено. Найдено сетапов: 0
2026-04-02 14:53:29 | INFO     | scanner:_scan_loop:190 | ═══ Сканирование #1233 ═══
2026-04-02 14:53:59 | INFO     | scanner:_scan_loop:213 | Сканирование #1233 завершено. Найдено сетапов: 0
2026-04-02 14:54:59 | INFO     | scanner:_scan_loop:190 | ═══ Сканирование #1234 ═══
2026-04-02 14:55:11 | ERROR    | scanner:get_klines:88 | Ошибка загрузки данных FILUSDT 15: 'x-bapi-limit-reset-timestamp'
2026-04-02 14:55:36 | INFO     | scanner:_scan_loop:213 | Сканирование #1234 завершено. Найдено сетапов: 0
2026-04-02 14:56:36 | INFO     | scanner:_scan_loop:190 | ═══ Сканирование #1235 ═══
2026-04-02 14:57:08 | INFO     | scanner:_scan_loop:213 | Сканирование #1235 завершено. Найдено сетапов: 0
2026-04-02 14:58:08 | INFO     | scanner:_scan_loop:190 | ═══ Сканирование #1236 ═══
2026-04-02 14:58:43 | INFO     | scanner:_scan_loop:213 | Сканирование #1236 завершено. Найдено сетапов: 0
2026-04-02 14:59:43 | INFO     | scanner:_scan_loop:190 | ═══ Сканирование #1237 ═══
2026-04-02 15:00:06 | ERROR    | scanner:get_klines:88 | Ошибка загрузки данных ETCUSDT 5: 'x-bapi-limit-reset-timestamp'
2026-04-02 15:00:09 | ERROR    | scanner:get_klines:88 | Ошибка загрузки данных GMXUSDT 15: 'x-bapi-limit-reset-timestamp'
2026-04-02 15:00:09 | ERROR    | scanner:get_klines:88 | Ошибка загрузки данных GMXUSDT 5: 'x-bapi-limit-reset-timestamp'
2026-04-02 15:00:10 | ERROR    | scanner:get_klines:88 | Ошибка загрузки данных JTOUSDT 15: 'x-bapi-limit-reset-timestamp'
2026-04-02 15:00:10 | ERROR    | scanner:get_klines:88 | Ошибка загрузки данных JTOUSDT 5: 'x-bapi-limit-reset-timestamp'
2026-04-02 15:00:14 | INFO     | scanner:_scan_loop:213 | Сканирование #1237 завершено. Найдено сетапов: 0
2026-04-02 15:01:14 | INFO     | scanner:_scan_loop:190 | ═══ Сканирование #1238 ═══
2026-04-02 15:01:46 | INFO     | scanner:_scan_loop:213 | Сканирование #1238 завершено. Найдено сетапов: 0
2026-04-02 15:02:46 | INFO     | scanner:_scan_loop:190 | ═══ Сканирование #1239 ═══
2026-04-02 15:03:28 | INFO     | scanner:_scan_loop:213 | Сканирование #1239 завершено. Найдено сетапов: 0
2026-04-02 15:04:28 | INFO     | scanner:_scan_loop:190 | ═══ Сканирование #1240 ═══
2026-04-02 15:05:02 | INFO     | scanner:_scan_loop:213 | Сканирование #1240 завершено. Найдено сетапов: 0
2026-04-02 15:06:02 | INFO     | scanner:_scan_loop:190 | ═══ Сканирование #1241 ═══
2026-04-02 15:06:34 | INFO     | scanner:_scan_loop:213 | Сканирование #1241 завершено. Найдено сетапов: 0
2026-04-02 15:07:34 | INFO     | scanner:_scan_loop:190 | ═══ Сканирование #1242 ═══
2026-04-02 15:08:06 | INFO     | scanner:_scan_loop:213 | Сканирование #1242 завершено. Найдено сетапов: 0
2026-04-02 15:09:06 | INFO     | scanner:_scan_loop:190 | ═══ Сканирование #1243 ═══
2026-04-02 15:09:39 | INFO     | scanner:_scan_loop:213 | Сканирование #1243 завершено. Найдено сетапов: 0
2026-04-02 15:10:39 | INFO     | scanner:_scan_loop:190 | ═══ Сканирование #1244 ═══
2026-04-02 15:11:09 | INFO     | scanner:_scan_loop:213 | Сканирование #1244 завершено. Найдено сетапов: 0
2026-04-02 15:12:09 | INFO     | scanner:_scan_loop:190 | ═══ Сканирование #1245 ═══
2026-04-02 15:12:41 | INFO     | scanner:_scan_loop:213 | Сканирование #1245 завершено. Найдено сетапов: 0
2026-04-02 15:13:41 | INFO     | scanner:_scan_loop:190 | ═══ Сканирование #1246 ═══
2026-04-02 15:14:14 | INFO     | scanner:_scan_loop:213 | Сканирование #1246 завершено. Найдено сетапов: 0
2026-04-02 15:15:14 | INFO     | scanner:_scan_loop:190 | ═══ Сканирование #1247 ═══
2026-04-02 15:15:46 | INFO     | scanner:_scan_loop:213 | Сканирование #1247 завершено. Найдено сетапов: 0
2026-04-02 15:16:46 | INFO     | scanner:_scan_loop:190 | ═══ Сканирование #1248 ═══
2026-04-02 15:17:15 | INFO     | scanner:_scan_loop:213 | Сканирование #1248 завершено. Найдено сетапов: 0
2026-04-02 15:18:15 | INFO     | scanner:_scan_loop:190 | ═══ Сканирование #1249 ═══
2026-04-02 15:19:00 | INFO     | scanner:_scan_loop:213 | Сканирование #1249 завершено. Найдено сетапов: 0
2026-04-02 15:20:00 | INFO     | scanner:_scan_loop:190 | ═══ Сканирование #1250 ═══
2026-04-02 15:20:34 | INFO     | scanner:_scan_loop:213 | Сканирование #1250 завершено. Найдено сетапов: 0
2026-04-02 15:21:34 | INFO     | scanner:_scan_loop:190 | ═══ Сканирование #1251 ═══
2026-04-02 15:22:04 | INFO     | scanner:_scan_loop:213 | Сканирование #1251 завершено. Найдено сетапов: 0
2026-04-02 15:23:04 | INFO     | scanner:_scan_loop:190 | ═══ Сканирование #1252 ═══
2026-04-02 15:23:36 | INFO     | scanner:_scan_loop:213 | Сканирование #1252 завершено. Найдено сетапов: 0
2026-04-02 15:24:36 | INFO     | scanner:_scan_loop:190 | ═══ Сканирование #1253 ═══
2026-04-02 15:25:09 | INFO     | scanner:_scan_loop:213 | Сканирование #1253 завершено. Найдено сетапов: 0
2026-04-02 15:26:09 | INFO     | scanner:_scan_loop:190 | ═══ Сканирование #1254 ═══
2026-04-02 15:26:43 | INFO     | scanner:_scan_loop:213 | Сканирование #1254 завершено. Найдено сетапов: 0
2026-04-02 15:27:43 | INFO     | scanner:_scan_loop:190 | ═══ Сканирование #1255 ═══
2026-04-02 15:28:20 | INFO     | scanner:_scan_loop:213 | Сканирование #1255 завершено. Найдено сетапов: 0
2026-04-02 15:29:20 | INFO     | scanner:_scan_loop:190 | ═══ Сканирование #1256 ═══
2026-04-02 15:29:54 | INFO     | scanner:_scan_loop:213 | Сканирование #1256 завершено. Найдено сетапов: 0
2026-04-02 15:30:54 | INFO     | scanner:_scan_loop:190 | ═══ Сканирование #1257 ═══
2026-04-02 15:31:28 | INFO     | scanner:_scan_loop:213 | Сканирование #1257 завершено. Найдено сетапов: 0
2026-04-02 15:32:29 | INFO     | scanner:_scan_loop:190 | ═══ Сканирование #1258 ═══
2026-04-02 15:33:06 | INFO     | scanner:_scan_loop:213 | Сканирование #1258 завершено. Найдено сетапов: 0
2026-04-02 15:34:06 | INFO     | scanner:_scan_loop:190 | ═══ Сканирование #1259 ═══
2026-04-02 15:34:49 | INFO     | scanner:_scan_loop:213 | Сканирование #1259 завершено. Найдено сетапов: 0
2026-04-02 15:35:49 | INFO     | scanner:_scan_loop:190 | ═══ Сканирование #1260 ═══
2026-04-02 15:36:27 | INFO     | scanner:_scan_loop:213 | Сканирование #1260 завершено. Найдено сетапов: 0
2026-04-02 15:37:27 | INFO     | scanner:_scan_loop:190 | ═══ Сканирование #1261 ═══
2026-04-02 15:38:02 | INFO     | scanner:_scan_loop:213 | Сканирование #1261 завершено. Найдено сетапов: 0
2026-04-02 15:39:02 | INFO     | scanner:_scan_loop:190 | ═══ Сканирование #1262 ═══
2026-04-02 15:39:37 | INFO     | scanner:_scan_loop:213 | Сканирование #1262 завершено. Найдено сетапов: 0
2026-04-02 15:40:37 | INFO     | scanner:_scan_loop:190 | ═══ Сканирование #1263 ═══
2026-04-02 15:41:15 | INFO     | scanner:_scan_loop:213 | Сканирование #1263 завершено. Найдено сетапов: 0
2026-04-02 15:42:15 | INFO     | scanner:_scan_loop:190 | ═══ Сканирование #1264 ═══
2026-04-02 15:42:48 | INFO     | scanner:_scan_loop:213 | Сканирование #1264 завершено. Найдено сетапов: 0
2026-04-02 15:43:50 | INFO     | scanner:_scan_loop:190 | ═══ Сканирование #1265 ═══
2026-04-02 15:44:26 | INFO     | scanner:_scan_loop:213 | Сканирование #1265 завершено. Найдено сетапов: 0
2026-04-02 15:45:26 | INFO     | scanner:_scan_loop:190 | ═══ Сканирование #1266 ═══
2026-04-02 15:46:00 | INFO     | scanner:_scan_loop:213 | Сканирование #1266 завершено. Найдено сетапов: 0
2026-04-02 15:47:00 | INFO     | scanner:_scan_loop:190 | ═══ Сканирование #1267 ═══
2026-04-02 15:47:37 | INFO     | scanner:_scan_loop:213 | Сканирование #1267 завершено. Найдено сетапов: 0
2026-04-02 15:48:37 | INFO     | scanner:_scan_loop:190 | ═══ Сканирование #1268 ═══
2026-04-02 15:49:11 | INFO     | scanner:_scan_loop:213 | Сканирование #1268 завершено. Найдено сетапов: 0
2026-04-02 15:50:11 | INFO     | scanner:_scan_loop:190 | ═══ Сканирование #1269 ═══
2026-04-02 15:50:54 | INFO     | scanner:_scan_loop:213 | Сканирование #1269 завершено. Найдено сетапов: 0
2026-04-02 15:51:54 | INFO     | scanner:_scan_loop:190 | ═══ Сканирование #1270 ═══
2026-04-02 15:52:34 | INFO     | scanner:_scan_loop:213 | Сканирование #1270 завершено. Найдено сетапов: 0
2026-04-02 15:53:34 | INFO     | scanner:_scan_loop:190 | ═══ Сканирование #1271 ═══
2026-04-02 15:54:07 | INFO     | scanner:_scan_loop:213 | Сканирование #1271 завершено. Найдено сетапов: 0
2026-04-02 15:55:07 | INFO     | scanner:_scan_loop:190 | ═══ Сканирование #1272 ═══
2026-04-02 15:55:43 | INFO     | scanner:_scan_loop:213 | Сканирование #1272 завершено. Найдено сетапов: 0
2026-04-02 15:56:43 | INFO     | scanner:_scan_loop:190 | ═══ Сканирование #1273 ═══
2026-04-02 15:57:15 | INFO     | scanner:_scan_loop:213 | Сканирование #1273 завершено. Найдено сетапов: 0
2026-04-02 15:58:15 | INFO     | scanner:_scan_loop:190 | ═══ Сканирование #1274 ═══
2026-04-02 15:58:51 | INFO     | scanner:_scan_loop:213 | Сканирование #1274 завершено. Найдено сетапов: 0
2026-04-02 15:59:51 | INFO     | scanner:_scan_loop:190 | ═══ Сканирование #1275 ═══
2026-04-02 16:00:05 | ERROR    | scanner:get_klines:88 | Ошибка загрузки данных NEARUSDT 15: 'x-bapi-limit-reset-timestamp'
2026-04-02 16:00:08 | ERROR    | scanner:get_klines:88 | Ошибка загрузки данных SEIUSDT 5: 'x-bapi-limit-reset-timestamp'
2026-04-02 16:00:10 | ERROR    | scanner:get_klines:88 | Ошибка загрузки данных JUPUSDT 15: 'x-bapi-limit-reset-timestamp'
2026-04-02 16:00:11 | ERROR    | scanner:get_klines:88 | Ошибка загрузки данных ORDIUSDT 5: 'x-bapi-limit-reset-timestamp'
2026-04-02 16:00:19 | ERROR    | scanner:get_klines:88 | Ошибка загрузки данных GMXUSDT 15: 'x-bapi-limit-reset-timestamp'
2026-04-02 16:00:20 | ERROR    | scanner:get_klines:88 | Ошибка загрузки данных JTOUSDT 15: 'x-bapi-limit-reset-timestamp'
2026-04-02 16:00:24 | INFO     | scanner:_scan_loop:213 | Сканирование #1275 завершено. Найдено сетапов: 0
2026-04-02 16:01:24 | INFO     | scanner:_scan_loop:190 | ═══ Сканирование #1276 ═══
2026-04-02 16:01:57 | INFO     | scanner:_scan_loop:213 | Сканирование #1276 завершено. Найдено сетапов: 0
2026-04-02 16:02:57 | INFO     | scanner:_scan_loop:190 | ═══ Сканирование #1277 ═══
2026-04-02 16:03:31 | INFO     | scanner:_scan_loop:213 | Сканирование #1277 завершено. Найдено сетапов: 0
2026-04-02 16:04:31 | INFO     | scanner:_scan_loop:190 | ═══ Сканирование #1278 ═══
2026-04-02 16:05:04 | INFO     | scanner:_scan_loop:213 | Сканирование #1278 завершено. Найдено сетапов: 0
2026-04-02 16:06:04 | INFO     | scanner:_scan_loop:190 | ═══ Сканирование #1279 ═══
2026-04-02 16:06:46 | INFO     | scanner:_scan_loop:213 | Сканирование #1279 завершено. Найдено сетапов: 0
2026-04-02 16:07:46 | INFO     | scanner:_scan_loop:190 | ═══ Сканирование #1280 ═══
2026-04-02 16:08:21 | INFO     | scanner:_scan_loop:213 | Сканирование #1280 завершено. Найдено сетапов: 0
2026-04-02 16:09:21 | INFO     | scanner:_scan_loop:190 | ═══ Сканирование #1281 ═══
2026-04-02 16:09:56 | INFO     | scanner:_scan_loop:213 | Сканирование #1281 завершено. Найдено сетапов: 0
2026-04-02 16:10:56 | INFO     | scanner:_scan_loop:190 | ═══ Сканирование #1282 ═══
2026-04-02 16:11:26 | INFO     | scanner:_scan_loop:213 | Сканирование #1282 завершено. Найдено сетапов: 0
2026-04-02 16:12:26 | INFO     | scanner:_scan_loop:190 | ═══ Сканирование #1283 ═══
2026-04-02 16:12:56 | INFO     | scanner:_scan_loop:213 | Сканирование #1283 завершено. Найдено сетапов: 0
2026-04-02 16:13:56 | INFO     | scanner:_scan_loop:190 | ═══ Сканирование #1284 ═══
2026-04-02 16:14:25 | INFO     | scanner:_scan_loop:213 | Сканирование #1284 завершено. Найдено сетапов: 0
2026-04-02 16:15:25 | INFO     | scanner:_scan_loop:190 | ═══ Сканирование #1285 ═══
2026-04-02 16:16:00 | INFO     | scanner:_scan_loop:213 | Сканирование #1285 завершено. Найдено сетапов: 0
2026-04-02 16:17:00 | INFO     | scanner:_scan_loop:190 | ═══ Сканирование #1286 ═══
2026-04-02 16:17:32 | INFO     | scanner:_scan_loop:213 | Сканирование #1286 завершено. Найдено сетапов: 0
2026-04-02 16:18:32 | INFO     | scanner:_scan_loop:190 | ═══ Сканирование #1287 ═══
2026-04-02 16:19:06 | INFO     | scanner:_scan_loop:213 | Сканирование #1287 завершено. Найдено сетапов: 0
2026-04-02 16:20:06 | INFO     | scanner:_scan_loop:190 | ═══ Сканирование #1288 ═══
2026-04-02 16:20:39 | INFO     | scanner:_scan_loop:213 | Сканирование #1288 завершено. Найдено сетапов: 0
2026-04-02 16:21:39 | INFO     | scanner:_scan_loop:190 | ═══ Сканирование #1289 ═══
2026-04-02 16:22:22 | INFO     | scanner:_scan_loop:213 | Сканирование #1289 завершено. Найдено сетапов: 0
2026-04-02 16:23:22 | INFO     | scanner:_scan_loop:190 | ═══ Сканирование #1290 ═══
2026-04-02 16:23:56 | INFO     | scanner:_scan_loop:213 | Сканирование #1290 завершено. Найдено сетапов: 0
2026-04-02 16:24:56 | INFO     | scanner:_scan_loop:190 | ═══ Сканирование #1291 ═══
2026-04-02 16:25:30 | INFO     | scanner:_scan_loop:213 | Сканирование #1291 завершено. Найдено сетапов: 0
2026-04-02 16:26:30 | INFO     | scanner:_scan_loop:190 | ═══ Сканирование #1292 ═══
2026-04-02 16:27:06 | INFO     | scanner:_scan_loop:213 | Сканирование #1292 завершено. Найдено сетапов: 0
2026-04-02 16:28:06 | INFO     | scanner:_scan_loop:190 | ═══ Сканирование #1293 ═══
2026-04-02 16:28:40 | INFO     | scanner:_scan_loop:213 | Сканирование #1293 завершено. Найдено сетапов: 0
2026-04-02 16:29:40 | INFO     | scanner:_scan_loop:190 | ═══ Сканирование #1294 ═══
2026-04-02 16:30:08 | ERROR    | scanner:get_klines:88 | Ошибка загрузки данных GMXUSDT 15: 'x-bapi-limit-reset-timestamp'
2026-04-02 16:30:09 | ERROR    | scanner:get_klines:88 | Ошибка загрузки данных PENDLEUSDT 15: 'x-bapi-limit-reset-timestamp'
2026-04-02 16:30:11 | ERROR    | scanner:get_klines:88 | Ошибка загрузки данных STRKUSDT 5: 'x-bapi-limit-reset-timestamp'
2026-04-02 16:30:11 | ERROR    | scanner:get_klines:88 | Ошибка загрузки данных BLURUSDT 15: 'x-bapi-limit-reset-timestamp'
2026-04-02 16:30:13 | INFO     | scanner:_scan_loop:213 | Сканирование #1294 завершено. Найдено сетапов: 0
2026-04-02 16:31:13 | INFO     | scanner:_scan_loop:190 | ═══ Сканирование #1295 ═══
2026-04-02 16:31:46 | INFO     | scanner:_scan_loop:213 | Сканирование #1295 завершено. Найдено сетапов: 0
2026-04-02 16:32:46 | INFO     | scanner:_scan_loop:190 | ═══ Сканирование #1296 ═══
2026-04-02 16:33:19 | INFO     | scanner:_scan_loop:213 | Сканирование #1296 завершено. Найдено сетапов: 0
2026-04-02 16:34:19 | INFO     | scanner:_scan_loop:190 | ═══ Сканирование #1297 ═══
2026-04-02 16:34:52 | INFO     | scanner:_scan_loop:213 | Сканирование #1297 завершено. Найдено сетапов: 0
2026-04-02 16:35:52 | INFO     | scanner:_scan_loop:190 | ═══ Сканирование #1298 ═══
2026-04-02 16:36:25 | INFO     | scanner:_scan_loop:213 | Сканирование #1298 завершено. Найдено сетапов: 0
2026-04-02 16:37:25 | INFO     | scanner:_scan_loop:190 | ═══ Сканирование #1299 ═══
2026-04-02 16:38:07 | INFO     | scanner:_scan_loop:213 | Сканирование #1299 завершено. Найдено сетапов: 0
2026-04-02 16:39:07 | INFO     | scanner:_scan_loop:190 | ═══ Сканирование #1300 ═══
2026-04-02 16:39:42 | INFO     | scanner:_scan_loop:213 | Сканирование #1300 завершено. Найдено сетапов: 0
2026-04-02 16:40:42 | INFO     | scanner:_scan_loop:190 | ═══ Сканирование #1301 ═══
2026-04-02 16:41:17 | INFO     | scanner:_scan_loop:213 | Сканирование #1301 завершено. Найдено сетапов: 0
2026-04-02 16:42:17 | INFO     | scanner:_scan_loop:190 | ═══ Сканирование #1302 ═══
2026-04-02 16:42:48 | INFO     | scanner:_scan_loop:213 | Сканирование #1302 завершено. Найдено сетапов: 0
2026-04-02 16:43:48 | INFO     | scanner:_scan_loop:190 | ═══ Сканирование #1303 ═══
2026-04-02 16:44:19 | INFO     | scanner:_scan_loop:213 | Сканирование #1303 завершено. Найдено сетапов: 0
2026-04-02 16:45:19 | INFO     | scanner:_scan_loop:190 | ═══ Сканирование #1304 ═══
2026-04-02 16:45:53 | INFO     | scanner:_scan_loop:213 | Сканирование #1304 завершено. Найдено сетапов: 0
2026-04-02 16:46:53 | INFO     | scanner:_scan_loop:190 | ═══ Сканирование #1305 ═══
2026-04-02 16:47:25 | INFO     | scanner:_scan_loop:213 | Сканирование #1305 завершено. Найдено сетапов: 0
2026-04-02 16:48:25 | INFO     | scanner:_scan_loop:190 | ═══ Сканирование #1306 ═══
2026-04-02 16:48:59 | INFO     | scanner:_scan_loop:213 | Сканирование #1306 завершено. Найдено сетапов: 0
2026-04-02 16:49:59 | INFO     | scanner:_scan_loop:190 | ═══ Сканирование #1307 ═══
2026-04-02 16:50:12 | ERROR    | scanner:get_klines:88 | Ошибка загрузки данных SUIUSDT 5: 'x-bapi-limit-reset-timestamp'
2026-04-02 16:50:31 | INFO     | scanner:_scan_loop:213 | Сканирование #1307 завершено. Найдено сетапов: 0
2026-04-02 16:51:31 | INFO     | scanner:_scan_loop:190 | ═══ Сканирование #1308 ═══
2026-04-02 16:52:02 | INFO     | scanner:_scan_loop:213 | Сканирование #1308 завершено. Найдено сетапов: 0
2026-04-02 16:53:02 | INFO     | scanner:_scan_loop:190 | ═══ Сканирование #1309 ═══
2026-04-02 16:53:45 | INFO     | scanner:_scan_loop:213 | Сканирование #1309 завершено. Найдено сетапов: 0
2026-04-02 16:54:45 | INFO     | scanner:_scan_loop:190 | ═══ Сканирование #1310 ═══
2026-04-02 16:55:20 | INFO     | scanner:_scan_loop:213 | Сканирование #1310 завершено. Найдено сетапов: 0
2026-04-02 16:56:20 | INFO     | scanner:_scan_loop:190 | ═══ Сканирование #1311 ═══
2026-04-02 16:56:52 | INFO     | scanner:_scan_loop:213 | Сканирование #1311 завершено. Найдено сетапов: 0
2026-04-02 16:57:52 | INFO     | scanner:_scan_loop:190 | ═══ Сканирование #1312 ═══
2026-04-02 16:58:25 | INFO     | scanner:_scan_loop:213 | Сканирование #1312 завершено. Найдено сетапов: 0
2026-04-02 16:59:25 | INFO     | scanner:_scan_loop:190 | ═══ Сканирование #1313 ═══
2026-04-02 16:59:59 | INFO     | scanner:_scan_loop:213 | Сканирование #1313 завершено. Найдено сетапов: 0
2026-04-02 17:00:59 | INFO     | scanner:_scan_loop:190 | ═══ Сканирование #1314 ═══
2026-04-02 17:01:31 | INFO     | scanner:_scan_loop:213 | Сканирование #1314 завершено. Найдено сетапов: 0
2026-04-02 17:02:31 | INFO     | scanner:_scan_loop:190 | ═══ Сканирование #1315 ═══
2026-04-02 17:03:02 | INFO     | scanner:_scan_loop:213 | Сканирование #1315 завершено. Найдено сетапов: 0
2026-04-02 17:04:02 | INFO     | scanner:_scan_loop:190 | ═══ Сканирование #1316 ═══
2026-04-02 17:04:35 | INFO     | scanner:_scan_loop:213 | Сканирование #1316 завершено. Найдено сетапов: 0
2026-04-02 17:05:35 | INFO     | scanner:_scan_loop:190 | ═══ Сканирование #1317 ═══
2026-04-02 17:06:06 | INFO     | scanner:_scan_loop:213 | Сканирование #1317 завершено. Найдено сетапов: 0
2026-04-02 17:07:06 | INFO     | scanner:_scan_loop:190 | ═══ Сканирование #1318 ═══
2026-04-02 17:07:37 | INFO     | scanner:_scan_loop:213 | Сканирование #1318 завершено. Найдено сетапов: 0
2026-04-02 17:08:37 | INFO     | scanner:_scan_loop:190 | ═══ Сканирование #1319 ═══
2026-04-02 17:09:28 | INFO     | scanner:_scan_loop:213 | Сканирование #1319 завершено. Найдено сетапов: 0
2026-04-02 17:10:28 | INFO     | scanner:_scan_loop:190 | ═══ Сканирование #1320 ═══
2026-04-02 17:11:03 | DEBUG    | telegram_bot:send_message:50 | Сообщение отправлено в Telegram
2026-04-02 17:11:03 | INFO     | scanner:_scan_loop:213 | Сканирование #1320 завершено. Найдено сетапов: 1
2026-04-02 17:12:03 | INFO     | scanner:_scan_loop:190 | ═══ Сканирование #1321 ═══
2026-04-02 17:12:34 | INFO     | scanner:_scan_loop:213 | Сканирование #1321 завершено. Найдено сетапов: 1
2026-04-02 17:13:34 | INFO     | scanner:_scan_loop:190 | ═══ Сканирование #1322 ═══
2026-04-02 17:14:06 | INFO     | scanner:_scan_loop:213 | Сканирование #1322 завершено. Найдено сетапов: 1
2026-04-02 17:15:06 | INFO     | scanner:_scan_loop:190 | ═══ Сканирование #1323 ═══
2026-04-02 17:15:36 | INFO     | scanner:_scan_loop:213 | Сканирование #1323 завершено. Найдено сетапов: 1
2026-04-02 17:16:36 | INFO     | scanner:_scan_loop:190 | ═══ Сканирование #1324 ═══
2026-04-02 17:17:07 | INFO     | scanner:_scan_loop:213 | Сканирование #1324 завершено. Найдено сетапов: 1
2026-04-02 17:18:07 | INFO     | scanner:_scan_loop:190 | ═══ Сканирование #1325 ═══
2026-04-02 17:18:37 | INFO     | scanner:_scan_loop:213 | Сканирование #1325 завершено. Найдено сетапов: 1
2026-04-02 17:19:37 | INFO     | scanner:_scan_loop:190 | ═══ Сканирование #1326 ═══
2026-04-02 17:20:09 | INFO     | scanner:_scan_loop:213 | Сканирование #1326 завершено. Найдено сетапов: 1
2026-04-02 17:21:09 | INFO     | scanner:_scan_loop:190 | ═══ Сканирование #1327 ═══
2026-04-02 17:21:38 | INFO     | scanner:_scan_loop:213 | Сканирование #1327 завершено. Найдено сетапов: 1
2026-04-02 17:22:38 | INFO     | scanner:_scan_loop:190 | ═══ Сканирование #1328 ═══
2026-04-02 17:23:08 | INFO     | scanner:_scan_loop:213 | Сканирование #1328 завершено. Найдено сетапов: 1
2026-04-02 17:24:08 | INFO     | scanner:_scan_loop:190 | ═══ Сканирование #1329 ═══
2026-04-02 17:24:45 | INFO     | scanner:_scan_loop:213 | Сканирование #1329 завершено. Найдено сетапов: 1
2026-04-02 17:25:45 | INFO     | scanner:_scan_loop:190 | ═══ Сканирование #1330 ═══
2026-04-02 17:26:22 | INFO     | scanner:_scan_loop:213 | Сканирование #1330 завершено. Найдено сетапов: 1
2026-04-02 17:27:22 | INFO     | scanner:_scan_loop:190 | ═══ Сканирование #1331 ═══
2026-04-02 17:27:52 | INFO     | scanner:_scan_loop:213 | Сканирование #1331 завершено. Найдено сетапов: 1
2026-04-02 17:28:52 | INFO     | scanner:_scan_loop:190 | ═══ Сканирование #1332 ═══
2026-04-02 17:29:21 | INFO     | scanner:_scan_loop:213 | Сканирование #1332 завершено. Найдено сетапов: 1
2026-04-02 17:30:21 | INFO     | scanner:_scan_loop:190 | ═══ Сканирование #1333 ═══
2026-04-02 17:30:51 | INFO     | scanner:_scan_loop:213 | Сканирование #1333 завершено. Найдено сетапов: 1
2026-04-02 17:31:51 | INFO     | scanner:_scan_loop:190 | ═══ Сканирование #1334 ═══
2026-04-02 17:32:21 | INFO     | scanner:_scan_loop:213 | Сканирование #1334 завершено. Найдено сетапов: 1
2026-04-02 17:33:21 | INFO     | scanner:_scan_loop:190 | ═══ Сканирование #1335 ═══
2026-04-02 17:33:53 | INFO     | scanner:_scan_loop:213 | Сканирование #1335 завершено. Найдено сетапов: 1
2026-04-02 17:34:53 | INFO     | scanner:_scan_loop:190 | ═══ Сканирование #1336 ═══
2026-04-02 17:35:22 | INFO     | scanner:_scan_loop:213 | Сканирование #1336 завершено. Найдено сетапов: 1
2026-04-02 17:36:22 | INFO     | scanner:_scan_loop:190 | ═══ Сканирование #1337 ═══
2026-04-02 17:36:53 | INFO     | scanner:_scan_loop:213 | Сканирование #1337 завершено. Найдено сетапов: 1
2026-04-02 17:37:53 | INFO     | scanner:_scan_loop:190 | ═══ Сканирование #1338 ═══
2026-04-02 17:38:24 | INFO     | scanner:_scan_loop:213 | Сканирование #1338 завершено. Найдено сетапов: 1
2026-04-02 17:39:25 | INFO     | scanner:_scan_loop:190 | ═══ Сканирование #1339 ═══
2026-04-02 17:40:02 | INFO     | scanner:_scan_loop:213 | Сканирование #1339 завершено. Найдено сетапов: 1
2026-04-02 17:41:02 | INFO     | scanner:_scan_loop:190 | ═══ Сканирование #1340 ═══
2026-04-02 17:41:38 | DEBUG    | telegram_bot:send_message:50 | Сообщение отправлено в Telegram
2026-04-02 17:41:38 | INFO     | scanner:_scan_loop:213 | Сканирование #1340 завершено. Найдено сетапов: 1
2026-04-02 17:42:38 | INFO     | scanner:_scan_loop:190 | ═══ Сканирование #1341 ═══
2026-04-02 17:43:09 | INFO     | scanner:_scan_loop:213 | Сканирование #1341 завершено. Найдено сетапов: 1
2026-04-02 17:44:09 | INFO     | scanner:_scan_loop:190 | ═══ Сканирование #1342 ═══
2026-04-02 17:44:39 | INFO     | scanner:_scan_loop:213 | Сканирование #1342 завершено. Найдено сетапов: 1
2026-04-02 17:45:39 | INFO     | scanner:_scan_loop:190 | ═══ Сканирование #1343 ═══
2026-04-02 17:46:09 | INFO     | scanner:_scan_loop:213 | Сканирование #1343 завершено. Найдено сетапов: 1
2026-04-02 17:47:09 | INFO     | scanner:_scan_loop:190 | ═══ Сканирование #1344 ═══
2026-04-02 17:47:39 | INFO     | scanner:_scan_loop:213 | Сканирование #1344 завершено. Найдено сетапов: 1
2026-04-02 17:48:39 | INFO     | scanner:_scan_loop:190 | ═══ Сканирование #1345 ═══
2026-04-02 17:49:09 | INFO     | scanner:_scan_loop:213 | Сканирование #1345 завершено. Найдено сетапов: 1
2026-04-02 17:50:09 | INFO     | scanner:_scan_loop:190 | ═══ Сканирование #1346 ═══
2026-04-02 17:50:39 | INFO     | scanner:_scan_loop:213 | Сканирование #1346 завершено. Найдено сетапов: 1
2026-04-02 17:51:39 | INFO     | scanner:_scan_loop:190 | ═══ Сканирование #1347 ═══
2026-04-02 17:52:08 | INFO     | scanner:_scan_loop:213 | Сканирование #1347 завершено. Найдено сетапов: 1
2026-04-02 17:53:08 | INFO     | scanner:_scan_loop:190 | ═══ Сканирование #1348 ═══
2026-04-02 17:53:38 | INFO     | scanner:_scan_loop:213 | Сканирование #1348 завершено. Найдено сетапов: 1
2026-04-02 17:54:38 | INFO     | scanner:_scan_loop:190 | ═══ Сканирование #1349 ═══
2026-04-02 17:55:17 | INFO     | scanner:_scan_loop:213 | Сканирование #1349 завершено. Найдено сетапов: 1
2026-04-02 17:56:17 | INFO     | scanner:_scan_loop:190 | ═══ Сканирование #1350 ═══
2026-04-02 17:56:48 | INFO     | scanner:_scan_loop:213 | Сканирование #1350 завершено. Найдено сетапов: 1
2026-04-02 17:57:48 | INFO     | scanner:_scan_loop:190 | ═══ Сканирование #1351 ═══
2026-04-02 17:58:19 | INFO     | scanner:_scan_loop:213 | Сканирование #1351 завершено. Найдено сетапов: 1
2026-04-02 17:59:19 | INFO     | scanner:_scan_loop:190 | ═══ Сканирование #1352 ═══
2026-04-02 17:59:49 | INFO     | scanner:_scan_loop:213 | Сканирование #1352 завершено. Найдено сетапов: 1
2026-04-02 18:00:49 | INFO     | scanner:_scan_loop:190 | ═══ Сканирование #1353 ═══
2026-04-02 18:01:21 | INFO     | scanner:_scan_loop:213 | Сканирование #1353 завершено. Найдено сетапов: 1
2026-04-02 18:02:21 | INFO     | scanner:_scan_loop:190 | ═══ Сканирование #1354 ═══
2026-04-02 18:02:51 | INFO     | scanner:_scan_loop:213 | Сканирование #1354 завершено. Найдено сетапов: 1
2026-04-02 18:03:51 | INFO     | scanner:_scan_loop:190 | ═══ Сканирование #1355 ═══
2026-04-02 18:04:24 | INFO     | scanner:_scan_loop:213 | Сканирование #1355 завершено. Найдено сетапов: 1
2026-04-02 18:05:24 | INFO     | scanner:_scan_loop:190 | ═══ Сканирование #1356 ═══
2026-04-02 18:05:55 | INFO     | scanner:_scan_loop:213 | Сканирование #1356 завершено. Найдено сетапов: 1
2026-04-02 18:06:55 | INFO     | scanner:_scan_loop:190 | ═══ Сканирование #1357 ═══
2026-04-02 18:07:27 | INFO     | scanner:_scan_loop:213 | Сканирование #1357 завершено. Найдено сетапов: 1
2026-04-02 18:08:27 | INFO     | scanner:_scan_loop:190 | ═══ Сканирование #1358 ═══
2026-04-02 18:08:58 | INFO     | scanner:_scan_loop:213 | Сканирование #1358 завершено. Найдено сетапов: 1
2026-04-02 18:09:58 | INFO     | scanner:_scan_loop:190 | ═══ Сканирование #1359 ═══
2026-04-02 18:10:36 | INFO     | scanner:_scan_loop:213 | Сканирование #1359 завершено. Найдено сетапов: 1
2026-04-02 18:11:36 | INFO     | scanner:_scan_loop:190 | ═══ Сканирование #1360 ═══
2026-04-02 18:12:11 | DEBUG    | telegram_bot:send_message:50 | Сообщение отправлено в Telegram
2026-04-02 18:12:11 | INFO     | scanner:_scan_loop:213 | Сканирование #1360 завершено. Найдено сетапов: 1
2026-04-02 18:13:11 | INFO     | scanner:_scan_loop:190 | ═══ Сканирование #1361 ═══
2026-04-02 18:13:45 | INFO     | scanner:_scan_loop:213 | Сканирование #1361 завершено. Найдено сетапов: 1
2026-04-02 18:14:45 | INFO     | scanner:_scan_loop:190 | ═══ Сканирование #1362 ═══
2026-04-02 18:15:06 | ERROR    | scanner:get_klines:88 | Ошибка загрузки данных STXUSDT 5: 'x-bapi-limit-reset-timestamp'
2026-04-02 18:15:09 | ERROR    | scanner:get_klines:88 | Ошибка загрузки данных AAVEUSDT 15: 'x-bapi-limit-reset-timestamp'
2026-04-02 18:15:10 | ERROR    | scanner:get_klines:88 | Ошибка загрузки данных SNXUSDT 15: 'x-bapi-limit-reset-timestamp'
2026-04-02 18:15:17 | INFO     | scanner:_scan_loop:213 | Сканирование #1362 завершено. Найдено сетапов: 1
2026-04-02 18:16:17 | INFO     | scanner:_scan_loop:190 | ═══ Сканирование #1363 ═══
2026-04-02 18:16:53 | INFO     | scanner:_scan_loop:213 | Сканирование #1363 завершено. Найдено сетапов: 1
2026-04-02 18:17:53 | INFO     | scanner:_scan_loop:190 | ═══ Сканирование #1364 ═══
2026-04-02 18:18:28 | INFO     | scanner:_scan_loop:213 | Сканирование #1364 завершено. Найдено сетапов: 1
2026-04-02 18:19:28 | INFO     | scanner:_scan_loop:190 | ═══ Сканирование #1365 ═══
2026-04-02 18:20:04 | INFO     | scanner:_scan_loop:213 | Сканирование #1365 завершено. Найдено сетапов: 1
2026-04-02 18:21:04 | INFO     | scanner:_scan_loop:190 | ═══ Сканирование #1366 ═══
2026-04-02 18:21:39 | INFO     | scanner:_scan_loop:213 | Сканирование #1366 завершено. Найдено сетапов: 1
2026-04-02 18:22:39 | INFO     | scanner:_scan_loop:190 | ═══ Сканирование #1367 ═══
2026-04-02 18:23:14 | INFO     | scanner:_scan_loop:213 | Сканирование #1367 завершено. Найдено сетапов: 1
2026-04-02 18:24:14 | INFO     | scanner:_scan_loop:190 | ═══ Сканирование #1368 ═══
2026-04-02 18:24:51 | INFO     | scanner:_scan_loop:213 | Сканирование #1368 завершено. Найдено сетапов: 1
2026-04-02 18:25:51 | INFO     | scanner:_scan_loop:190 | ═══ Сканирование #1369 ═══
2026-04-02 18:26:36 | INFO     | scanner:_scan_loop:213 | Сканирование #1369 завершено. Найдено сетапов: 1
2026-04-02 18:27:36 | INFO     | scanner:_scan_loop:190 | ═══ Сканирование #1370 ═══
2026-04-02 18:28:15 | INFO     | scanner:_scan_loop:213 | Сканирование #1370 завершено. Найдено сетапов: 1
2026-04-02 18:29:15 | INFO     | scanner:_scan_loop:190 | ═══ Сканирование #1371 ═══
2026-04-02 18:29:51 | INFO     | scanner:_scan_loop:213 | Сканирование #1371 завершено. Найдено сетапов: 1
2026-04-02 18:30:51 | INFO     | scanner:_scan_loop:190 | ═══ Сканирование #1372 ═══
2026-04-02 18:31:26 | INFO     | scanner:_scan_loop:213 | Сканирование #1372 завершено. Найдено сетапов: 1
2026-04-02 18:32:26 | INFO     | scanner:_scan_loop:190 | ═══ Сканирование #1373 ═══
2026-04-02 18:33:02 | INFO     | scanner:_scan_loop:213 | Сканирование #1373 завершено. Найдено сетапов: 1
2026-04-02 18:34:02 | INFO     | scanner:_scan_loop:190 | ═══ Сканирование #1374 ═══
2026-04-02 18:34:39 | INFO     | scanner:_scan_loop:213 | Сканирование #1374 завершено. Найдено сетапов: 1
2026-04-02 18:35:39 | INFO     | scanner:_scan_loop:190 | ═══ Сканирование #1375 ═══
2026-04-02 18:36:13 | INFO     | scanner:_scan_loop:213 | Сканирование #1375 завершено. Найдено сетапов: 1
2026-04-02 18:37:13 | INFO     | scanner:_scan_loop:190 | ═══ Сканирование #1376 ═══
2026-04-02 18:37:48 | INFO     | scanner:_scan_loop:213 | Сканирование #1376 завершено. Найдено сетапов: 1
2026-04-02 18:38:48 | INFO     | scanner:_scan_loop:190 | ═══ Сканирование #1377 ═══
2026-04-02 18:39:25 | INFO     | scanner:_scan_loop:213 | Сканирование #1377 завершено. Найдено сетапов: 1
2026-04-02 18:40:25 | INFO     | scanner:_scan_loop:190 | ═══ Сканирование #1378 ═══
2026-04-02 18:40:58 | INFO     | scanner:_scan_loop:213 | Сканирование #1378 завершено. Найдено сетапов: 1
2026-04-02 18:41:58 | INFO     | scanner:_scan_loop:190 | ═══ Сканирование #1379 ═══
2026-04-02 18:42:45 | DEBUG    | telegram_bot:send_message:50 | Сообщение отправлено в Telegram
2026-04-02 18:42:45 | INFO     | scanner:_scan_loop:213 | Сканирование #1379 завершено. Найдено сетапов: 1
2026-04-02 18:43:45 | INFO     | scanner:_scan_loop:190 | ═══ Сканирование #1380 ═══
2026-04-02 18:44:23 | INFO     | scanner:_scan_loop:213 | Сканирование #1380 завершено. Найдено сетапов: 1
2026-04-02 18:45:23 | INFO     | scanner:_scan_loop:190 | ═══ Сканирование #1381 ═══
2026-04-02 18:45:54 | INFO     | scanner:_scan_loop:213 | Сканирование #1381 завершено. Найдено сетапов: 1
2026-04-02 18:46:54 | INFO     | scanner:_scan_loop:190 | ═══ Сканирование #1382 ═══
2026-04-02 18:47:27 | INFO     | scanner:_scan_loop:213 | Сканирование #1382 завершено. Найдено сетапов: 1
2026-04-02 18:48:27 | INFO     | scanner:_scan_loop:190 | ═══ Сканирование #1383 ═══
2026-04-02 18:49:00 | INFO     | scanner:_scan_loop:213 | Сканирование #1383 завершено. Найдено сетапов: 1
2026-04-02 18:50:00 | INFO     | scanner:_scan_loop:190 | ═══ Сканирование #1384 ═══
2026-04-02 18:50:07 | ERROR    | scanner:get_klines:88 | Ошибка загрузки данных UNIUSDT 15: 'x-bapi-limit-reset-timestamp'
2026-04-02 18:50:08 | ERROR    | scanner:get_klines:88 | Ошибка загрузки данных ATOMUSDT 15: 'x-bapi-limit-reset-timestamp'
2026-04-02 18:50:12 | ERROR    | scanner:get_klines:88 | Ошибка загрузки данных OPUSDT 15: 'x-bapi-limit-reset-timestamp'
2026-04-02 18:50:12 | ERROR    | scanner:get_klines:88 | Ошибка загрузки данных OPUSDT 5: 'x-bapi-limit-reset-timestamp'
2026-04-02 18:50:33 | INFO     | scanner:_scan_loop:213 | Сканирование #1384 завершено. Найдено сетапов: 1
2026-04-02 18:51:33 | INFO     | scanner:_scan_loop:190 | ═══ Сканирование #1385 ═══
2026-04-02 18:52:08 | INFO     | scanner:_scan_loop:213 | Сканирование #1385 завершено. Найдено сетапов: 1
2026-04-02 18:53:08 | INFO     | scanner:_scan_loop:190 | ═══ Сканирование #1386 ═══
2026-04-02 18:53:41 | INFO     | scanner:_scan_loop:213 | Сканирование #1386 завершено. Найдено сетапов: 1
2026-04-02 18:54:41 | INFO     | scanner:_scan_loop:190 | ═══ Сканирование #1387 ═══
2026-04-02 18:55:06 | ERROR    | scanner:get_klines:88 | Ошибка загрузки данных AAVEUSDT 15: 'x-bapi-limit-reset-timestamp'
2026-04-02 18:55:16 | INFO     | scanner:_scan_loop:213 | Сканирование #1387 завершено. Найдено сетапов: 1
2026-04-02 18:56:16 | INFO     | scanner:_scan_loop:190 | ═══ Сканирование #1388 ═══
2026-04-02 18:56:47 | INFO     | scanner:_scan_loop:213 | Сканирование #1388 завершено. Найдено сетапов: 1
2026-04-02 18:57:47 | INFO     | scanner:_scan_loop:190 | ═══ Сканирование #1389 ═══
2026-04-02 18:58:34 | INFO     | scanner:_scan_loop:213 | Сканирование #1389 завершено. Найдено сетапов: 1
2026-04-02 18:59:34 | INFO     | scanner:_scan_loop:190 | ═══ Сканирование #1390 ═══
2026-04-02 19:00:04 | ERROR    | scanner:get_klines:88 | Ошибка загрузки данных DYDXUSDT 15: 'x-bapi-limit-reset-timestamp'
2026-04-02 19:00:05 | ERROR    | scanner:get_klines:88 | Ошибка загрузки данных GMXUSDT 15: 'x-bapi-limit-reset-timestamp'
2026-04-02 19:00:07 | ERROR    | scanner:get_klines:88 | Ошибка загрузки данных PYTHUSDT 5: 'x-bapi-limit-reset-timestamp'
2026-04-02 19:00:08 | ERROR    | scanner:get_klines:88 | Ошибка загрузки данных STRKUSDT 15: 'x-bapi-limit-reset-timestamp'
2026-04-02 19:00:10 | ERROR    | scanner:get_klines:88 | Ошибка загрузки данных LDOUSDT 5: 'x-bapi-limit-reset-timestamp'
2026-04-02 19:00:11 | INFO     | scanner:_scan_loop:213 | Сканирование #1390 завершено. Найдено сетапов: 1
2026-04-02 19:01:11 | INFO     | scanner:_scan_loop:190 | ═══ Сканирование #1391 ═══
2026-04-02 19:01:12 | ERROR    | scanner:get_klines:88 | Ошибка загрузки данных ETHUSDT 5: 'x-bapi-limit-reset-timestamp'
2026-04-02 19:01:41 | INFO     | scanner:_scan_loop:213 | Сканирование #1391 завершено. Найдено сетапов: 1
2026-04-02 19:02:41 | INFO     | scanner:_scan_loop:190 | ═══ Сканирование #1392 ═══
2026-04-02 19:03:14 | INFO     | scanner:_scan_loop:213 | Сканирование #1392 завершено. Найдено сетапов: 1
2026-04-02 19:04:14 | INFO     | scanner:_scan_loop:190 | ═══ Сканирование #1393 ═══
2026-04-02 19:04:44 | INFO     | scanner:_scan_loop:213 | Сканирование #1393 завершено. Найдено сетапов: 1
2026-04-02 19:05:44 | INFO     | scanner:_scan_loop:190 | ═══ Сканирование #1394 ═══
2026-04-02 19:06:16 | INFO     | scanner:_scan_loop:213 | Сканирование #1394 завершено. Найдено сетапов: 1
2026-04-02 19:07:16 | INFO     | scanner:_scan_loop:190 | ═══ Сканирование #1395 ═══
2026-04-02 19:07:47 | INFO     | scanner:_scan_loop:213 | Сканирование #1395 завершено. Найдено сетапов: 1
2026-04-02 19:08:47 | INFO     | scanner:_scan_loop:190 | ═══ Сканирование #1396 ═══
2026-04-02 19:09:34 | INFO     | scanner:_scan_loop:213 | Сканирование #1396 завершено. Найдено сетапов: 1
2026-04-02 19:10:34 | INFO     | scanner:_scan_loop:190 | ═══ Сканирование #1397 ═══
2026-04-02 19:11:06 | INFO     | scanner:_scan_loop:213 | Сканирование #1397 завершено. Найдено сетапов: 1
2026-04-02 19:12:06 | INFO     | scanner:_scan_loop:190 | ═══ Сканирование #1398 ═══
2026-04-02 19:12:38 | INFO     | scanner:_scan_loop:213 | Сканирование #1398 завершено. Найдено сетапов: 1
2026-04-02 19:13:38 | INFO     | scanner:_scan_loop:190 | ═══ Сканирование #1399 ═══
2026-04-02 19:14:23 | DEBUG    | telegram_bot:send_message:50 | Сообщение отправлено в Telegram
2026-04-02 19:14:23 | INFO     | scanner:_scan_loop:213 | Сканирование #1399 завершено. Найдено сетапов: 1
2026-04-02 19:15:23 | INFO     | scanner:_scan_loop:190 | ═══ Сканирование #1400 ═══
2026-04-02 19:15:59 | INFO     | scanner:_scan_loop:213 | Сканирование #1400 завершено. Найдено сетапов: 1
2026-04-02 19:16:59 | INFO     | scanner:_scan_loop:190 | ═══ Сканирование #1401 ═══
2026-04-02 19:17:31 | INFO     | scanner:_scan_loop:213 | Сканирование #1401 завершено. Найдено сетапов: 1
2026-04-02 19:18:31 | INFO     | scanner:_scan_loop:190 | ═══ Сканирование #1402 ═══
2026-04-02 19:19:09 | INFO     | scanner:_scan_loop:213 | Сканирование #1402 завершено. Найдено сетапов: 1
2026-04-02 19:20:09 | INFO     | scanner:_scan_loop:190 | ═══ Сканирование #1403 ═══
2026-04-02 19:20:43 | INFO     | scanner:_scan_loop:213 | Сканирование #1403 завершено. Найдено сетапов: 1
2026-04-02 19:21:43 | INFO     | scanner:_scan_loop:190 | ═══ Сканирование #1404 ═══
2026-04-02 19:22:19 | INFO     | scanner:_scan_loop:213 | Сканирование #1404 завершено. Найдено сетапов: 1
2026-04-02 19:23:19 | INFO     | scanner:_scan_loop:190 | ═══ Сканирование #1405 ═══
2026-04-02 19:23:52 | INFO     | scanner:_scan_loop:213 | Сканирование #1405 завершено. Найдено сетапов: 1
2026-04-02 19:24:52 | INFO     | scanner:_scan_loop:190 | ═══ Сканирование #1406 ═══
2026-04-02 19:25:23 | INFO     | scanner:_scan_loop:213 | Сканирование #1406 завершено. Найдено сетапов: 1
2026-04-02 19:26:23 | INFO     | scanner:_scan_loop:190 | ═══ Сканирование #1407 ═══
2026-04-02 19:26:56 | INFO     | scanner:_scan_loop:213 | Сканирование #1407 завершено. Найдено сетапов: 1
2026-04-02 19:27:56 | INFO     | scanner:_scan_loop:190 | ═══ Сканирование #1408 ═══
2026-04-02 19:28:29 | INFO     | scanner:_scan_loop:213 | Сканирование #1408 завершено. Найдено сетапов: 1
2026-04-02 19:29:29 | INFO     | scanner:_scan_loop:190 | ═══ Сканирование #1409 ═══
2026-04-02 19:30:03 | ERROR    | scanner:get_klines:88 | Ошибка загрузки данных DYDXUSDT 240: 'x-bapi-limit-reset-timestamp'
2026-04-02 19:30:04 | ERROR    | scanner:get_klines:88 | Ошибка загрузки данных DYDXUSDT 15: 'x-bapi-limit-reset-timestamp'
2026-04-02 19:30:07 | ERROR    | scanner:get_klines:88 | Ошибка загрузки данных JTOUSDT 15: 'x-bapi-limit-reset-timestamp'
2026-04-02 19:30:10 | ERROR    | scanner:get_klines:88 | Ошибка загрузки данных BLURUSDT 5: 'x-bapi-limit-reset-timestamp'
2026-04-02 19:30:13 | INFO     | scanner:_scan_loop:213 | Сканирование #1409 завершено. Найдено сетапов: 0
2026-04-02 19:31:13 | INFO     | scanner:_scan_loop:190 | ═══ Сканирование #1410 ═══
2026-04-02 19:31:50 | INFO     | scanner:_scan_loop:213 | Сканирование #1410 завершено. Найдено сетапов: 1
2026-04-02 19:32:50 | INFO     | scanner:_scan_loop:190 | ═══ Сканирование #1411 ═══
2026-04-02 19:33:27 | INFO     | scanner:_scan_loop:213 | Сканирование #1411 завершено. Найдено сетапов: 1
2026-04-02 19:34:27 | INFO     | scanner:_scan_loop:190 | ═══ Сканирование #1412 ═══
2026-04-02 19:35:01 | INFO     | scanner:_scan_loop:213 | Сканирование #1412 завершено. Найдено сетапов: 1
2026-04-02 19:36:01 | INFO     | scanner:_scan_loop:190 | ═══ Сканирование #1413 ═══
2026-04-02 19:36:10 | ERROR    | scanner:get_klines:88 | Ошибка загрузки данных LTCUSDT 5: 'x-bapi-limit-reset-timestamp'
2026-04-02 19:36:34 | INFO     | scanner:_scan_loop:213 | Сканирование #1413 завершено. Найдено сетапов: 1
2026-04-02 19:37:34 | INFO     | scanner:_scan_loop:190 | ═══ Сканирование #1414 ═══
2026-04-02 19:38:08 | INFO     | scanner:_scan_loop:213 | Сканирование #1414 завершено. Найдено сетапов: 1
2026-04-02 19:39:08 | INFO     | scanner:_scan_loop:190 | ═══ Сканирование #1415 ═══
2026-04-02 19:39:40 | INFO     | scanner:_scan_loop:213 | Сканирование #1415 завершено. Найдено сетапов: 1
2026-04-02 19:40:40 | INFO     | scanner:_scan_loop:190 | ═══ Сканирование #1416 ═══
2026-04-02 19:41:13 | INFO     | scanner:_scan_loop:213 | Сканирование #1416 завершено. Найдено сетапов: 1
2026-04-02 19:42:13 | INFO     | scanner:_scan_loop:190 | ═══ Сканирование #1417 ═══
2026-04-02 19:42:47 | INFO     | scanner:_scan_loop:213 | Сканирование #1417 завершено. Найдено сетапов: 1
2026-04-02 19:43:47 | INFO     | scanner:_scan_loop:190 | ═══ Сканирование #1418 ═══
2026-04-02 19:44:20 | INFO     | scanner:_scan_loop:213 | Сканирование #1418 завершено. Найдено сетапов: 1
2026-04-02 19:45:20 | INFO     | scanner:_scan_loop:190 | ═══ Сканирование #1419 ═══
2026-04-02 19:46:09 | DEBUG    | telegram_bot:send_message:50 | Сообщение отправлено в Telegram
2026-04-02 19:46:09 | INFO     | scanner:_scan_loop:213 | Сканирование #1419 завершено. Найдено сетапов: 1
2026-04-02 19:47:09 | INFO     | scanner:_scan_loop:190 | ═══ Сканирование #1420 ═══
2026-04-02 19:47:44 | INFO     | scanner:_scan_loop:213 | Сканирование #1420 завершено. Найдено сетапов: 1
2026-04-02 19:48:44 | INFO     | scanner:_scan_loop:190 | ═══ Сканирование #1421 ═══
2026-04-02 19:49:15 | INFO     | scanner:_scan_loop:213 | Сканирование #1421 завершено. Найдено сетапов: 1
2026-04-02 19:50:16 | INFO     | scanner:_scan_loop:190 | ═══ Сканирование #1422 ═══
2026-04-02 19:50:48 | INFO     | scanner:_scan_loop:213 | Сканирование #1422 завершено. Найдено сетапов: 1
2026-04-02 19:51:48 | INFO     | scanner:_scan_loop:190 | ═══ Сканирование #1423 ═══
2026-04-02 19:52:21 | INFO     | scanner:_scan_loop:213 | Сканирование #1423 завершено. Найдено сетапов: 1
2026-04-02 19:53:21 | INFO     | scanner:_scan_loop:190 | ═══ Сканирование #1424 ═══
2026-04-02 19:53:52 | INFO     | scanner:_scan_loop:213 | Сканирование #1424 завершено. Найдено сетапов: 1
2026-04-02 19:54:52 | INFO     | scanner:_scan_loop:190 | ═══ Сканирование #1425 ═══
2026-04-02 19:55:06 | ERROR    | scanner:get_klines:88 | Ошибка загрузки данных NEARUSDT 5: 'x-bapi-limit-reset-timestamp'
2026-04-02 19:55:09 | ERROR    | scanner:get_klines:88 | Ошибка загрузки данных JUPUSDT 15: 'x-bapi-limit-reset-timestamp'
2026-04-02 19:55:27 | INFO     | scanner:_scan_loop:213 | Сканирование #1425 завершено. Найдено сетапов: 1
2026-04-02 19:56:27 | INFO     | scanner:_scan_loop:190 | ═══ Сканирование #1426 ═══
2026-04-02 19:57:00 | INFO     | scanner:_scan_loop:213 | Сканирование #1426 завершено. Найдено сетапов: 1
2026-04-02 19:58:00 | INFO     | scanner:_scan_loop:190 | ═══ Сканирование #1427 ═══
2026-04-02 19:58:33 | INFO     | scanner:_scan_loop:213 | Сканирование #1427 завершено. Найдено сетапов: 1
2026-04-02 19:59:33 | INFO     | scanner:_scan_loop:190 | ═══ Сканирование #1428 ═══
2026-04-02 20:00:04 | ERROR    | scanner:get_klines:88 | Ошибка загрузки данных BLURUSDT 15: 'x-bapi-limit-reset-timestamp'
2026-04-02 20:00:05 | ERROR    | scanner:get_klines:88 | Ошибка загрузки данных BLURUSDT 5: 'x-bapi-limit-reset-timestamp'
2026-04-02 20:00:06 | INFO     | scanner:_scan_loop:213 | Сканирование #1428 завершено. Найдено сетапов: 0
2026-04-02 20:01:06 | INFO     | scanner:_scan_loop:190 | ═══ Сканирование #1429 ═══
2026-04-02 20:01:46 | INFO     | scanner:_scan_loop:213 | Сканирование #1429 завершено. Найдено сетапов: 1
2026-04-02 20:02:46 | INFO     | scanner:_scan_loop:190 | ═══ Сканирование #1430 ═══
2026-04-02 20:03:19 | INFO     | scanner:_scan_loop:213 | Сканирование #1430 завершено. Найдено сетапов: 1
2026-04-02 20:04:19 | INFO     | scanner:_scan_loop:190 | ═══ Сканирование #1431 ═══
2026-04-02 20:04:50 | INFO     | scanner:_scan_loop:213 | Сканирование #1431 завершено. Найдено сетапов: 1
2026-04-02 20:05:51 | INFO     | scanner:_scan_loop:190 | ═══ Сканирование #1432 ═══
2026-04-02 20:06:22 | INFO     | scanner:_scan_loop:213 | Сканирование #1432 завершено. Найдено сетапов: 1
2026-04-02 20:07:22 | INFO     | scanner:_scan_loop:190 | ═══ Сканирование #1433 ═══
2026-04-02 20:07:56 | INFO     | scanner:_scan_loop:213 | Сканирование #1433 завершено. Найдено сетапов: 1
2026-04-02 20:08:56 | INFO     | scanner:_scan_loop:190 | ═══ Сканирование #1434 ═══
2026-04-02 20:09:31 | INFO     | scanner:_scan_loop:213 | Сканирование #1434 завершено. Найдено сетапов: 1
2026-04-02 20:10:31 | INFO     | scanner:_scan_loop:190 | ═══ Сканирование #1435 ═══
2026-04-02 20:11:04 | INFO     | scanner:_scan_loop:213 | Сканирование #1435 завершено. Найдено сетапов: 1
2026-04-02 20:12:04 | INFO     | scanner:_scan_loop:190 | ═══ Сканирование #1436 ═══
2026-04-02 20:12:39 | INFO     | scanner:_scan_loop:213 | Сканирование #1436 завершено. Найдено сетапов: 1
2026-04-02 20:13:39 | INFO     | scanner:_scan_loop:190 | ═══ Сканирование #1437 ═══
2026-04-02 20:14:11 | INFO     | scanner:_scan_loop:213 | Сканирование #1437 завершено. Найдено сетапов: 1
2026-04-02 20:15:11 | INFO     | scanner:_scan_loop:190 | ═══ Сканирование #1438 ═══
2026-04-02 20:15:45 | INFO     | scanner:_scan_loop:213 | Сканирование #1438 завершено. Найдено сетапов: 1
2026-04-02 20:16:45 | INFO     | scanner:_scan_loop:190 | ═══ Сканирование #1439 ═══
2026-04-02 20:17:23 | INFO     | scanner:_scan_loop:213 | Сканирование #1439 завершено. Найдено сетапов: 1
2026-04-02 20:18:23 | INFO     | scanner:_scan_loop:190 | ═══ Сканирование #1440 ═══
2026-04-02 20:19:00 | INFO     | scanner:_scan_loop:213 | Сканирование #1440 завершено. Найдено сетапов: 1
2026-04-02 20:20:00 | INFO     | scanner:_scan_loop:190 | ═══ Сканирование #1441 ═══
2026-04-02 20:20:32 | INFO     | scanner:_scan_loop:213 | Сканирование #1441 завершено. Найдено сетапов: 1
2026-04-02 20:21:32 | INFO     | scanner:_scan_loop:190 | ═══ Сканирование #1442 ═══
2026-04-02 20:22:04 | INFO     | scanner:_scan_loop:213 | Сканирование #1442 завершено. Найдено сетапов: 1
2026-04-02 20:23:04 | INFO     | scanner:_scan_loop:190 | ═══ Сканирование #1443 ═══
2026-04-02 20:23:34 | INFO     | scanner:_scan_loop:213 | Сканирование #1443 завершено. Найдено сетапов: 0
2026-04-02 20:24:34 | INFO     | scanner:_scan_loop:190 | ═══ Сканирование #1444 ═══
2026-04-02 20:25:07 | ERROR    | scanner:get_klines:88 | Ошибка загрузки данных LDOUSDT 5: 'x-bapi-limit-reset-timestamp'
2026-04-02 20:25:08 | INFO     | scanner:_scan_loop:213 | Сканирование #1444 завершено. Найдено сетапов: 1
2026-04-02 20:26:08 | INFO     | scanner:_scan_loop:190 | ═══ Сканирование #1445 ═══
2026-04-02 20:26:40 | INFO     | scanner:_scan_loop:213 | Сканирование #1445 завершено. Найдено сетапов: 1
2026-04-02 20:27:40 | INFO     | scanner:_scan_loop:190 | ═══ Сканирование #1446 ═══
2026-04-02 20:28:12 | INFO     | scanner:_scan_loop:213 | Сканирование #1446 завершено. Найдено сетапов: 1
2026-04-02 20:29:12 | INFO     | scanner:_scan_loop:190 | ═══ Сканирование #1447 ═══
2026-04-02 20:29:43 | INFO     | scanner:_scan_loop:213 | Сканирование #1447 завершено. Найдено сетапов: 1
2026-04-02 20:30:43 | INFO     | scanner:_scan_loop:190 | ═══ Сканирование #1448 ═══
2026-04-02 20:31:11 | ERROR    | scanner:get_klines:88 | Ошибка загрузки данных JTOUSDT 5: 'x-bapi-limit-reset-timestamp'
2026-04-02 20:31:15 | INFO     | scanner:_scan_loop:213 | Сканирование #1448 завершено. Найдено сетапов: 1
2026-04-02 20:32:15 | INFO     | scanner:_scan_loop:190 | ═══ Сканирование #1449 ═══
2026-04-02 20:32:55 | INFO     | scanner:_scan_loop:213 | Сканирование #1449 завершено. Найдено сетапов: 1
2026-04-02 20:33:55 | INFO     | scanner:_scan_loop:190 | ═══ Сканирование #1450 ═══
2026-04-02 20:34:28 | INFO     | scanner:_scan_loop:213 | Сканирование #1450 завершено. Найдено сетапов: 0
2026-04-02 20:35:28 | INFO     | scanner:_scan_loop:190 | ═══ Сканирование #1451 ═══
2026-04-02 20:36:04 | DEBUG    | telegram_bot:send_message:50 | Сообщение отправлено в Telegram
2026-04-02 20:36:04 | INFO     | scanner:_scan_loop:213 | Сканирование #1451 завершено. Найдено сетапов: 1
2026-04-02 20:37:04 | INFO     | scanner:_scan_loop:190 | ═══ Сканирование #1452 ═══
2026-04-02 20:37:34 | INFO     | scanner:_scan_loop:213 | Сканирование #1452 завершено. Найдено сетапов: 1
2026-04-02 20:38:34 | INFO     | scanner:_scan_loop:190 | ═══ Сканирование #1453 ═══
2026-04-02 20:39:08 | INFO     | scanner:_scan_loop:213 | Сканирование #1453 завершено. Найдено сетапов: 1
2026-04-02 20:40:08 | INFO     | scanner:_scan_loop:190 | ═══ Сканирование #1454 ═══
2026-04-02 20:40:12 | ERROR    | scanner:get_klines:88 | Ошибка загрузки данных DOGEUSDT 15: 'x-bapi-limit-reset-timestamp'
2026-04-02 20:40:38 | INFO     | scanner:_scan_loop:213 | Сканирование #1454 завершено. Найдено сетапов: 1
2026-04-02 20:41:38 | INFO     | scanner:_scan_loop:190 | ═══ Сканирование #1455 ═══
2026-04-02 20:42:11 | INFO     | scanner:_scan_loop:213 | Сканирование #1455 завершено. Найдено сетапов: 1
2026-04-02 20:43:11 | INFO     | scanner:_scan_loop:190 | ═══ Сканирование #1456 ═══
2026-04-02 20:43:43 | INFO     | scanner:_scan_loop:213 | Сканирование #1456 завершено. Найдено сетапов: 1
2026-04-02 20:44:43 | INFO     | scanner:_scan_loop:190 | ═══ Сканирование #1457 ═══
2026-04-02 20:45:05 | ERROR    | scanner:get_klines:88 | Ошибка загрузки данных MANTAUSDT 5: 'x-bapi-limit-reset-timestamp'
2026-04-02 20:45:08 | ERROR    | scanner:get_klines:88 | Ошибка загрузки данных SNXUSDT 5: 'x-bapi-limit-reset-timestamp'
2026-04-02 20:45:10 | ERROR    | scanner:get_klines:88 | Ошибка загрузки данных GMXUSDT 5: 'x-bapi-limit-reset-timestamp'
2026-04-02 20:45:16 | INFO     | scanner:_scan_loop:213 | Сканирование #1457 завершено. Найдено сетапов: 1
2026-04-02 20:46:16 | INFO     | scanner:_scan_loop:190 | ═══ Сканирование #1458 ═══
2026-04-02 20:46:49 | INFO     | scanner:_scan_loop:213 | Сканирование #1458 завершено. Найдено сетапов: 1
2026-04-02 20:47:49 | INFO     | scanner:_scan_loop:190 | ═══ Сканирование #1459 ═══
2026-04-02 20:48:33 | INFO     | scanner:_scan_loop:213 | Сканирование #1459 завершено. Найдено сетапов: 1
2026-04-02 20:49:33 | INFO     | scanner:_scan_loop:190 | ═══ Сканирование #1460 ═══
2026-04-02 20:50:07 | INFO     | scanner:_scan_loop:213 | Сканирование #1460 завершено. Найдено сетапов: 1
2026-04-02 20:51:07 | INFO     | scanner:_scan_loop:190 | ═══ Сканирование #1461 ═══
2026-04-02 20:51:39 | INFO     | scanner:_scan_loop:213 | Сканирование #1461 завершено. Найдено сетапов: 1
2026-04-02 20:52:39 | INFO     | scanner:_scan_loop:190 | ═══ Сканирование #1462 ═══
2026-04-02 20:53:11 | INFO     | scanner:_scan_loop:213 | Сканирование #1462 завершено. Найдено сетапов: 1
2026-04-02 20:54:11 | INFO     | scanner:_scan_loop:190 | ═══ Сканирование #1463 ═══
2026-04-02 20:54:42 | INFO     | scanner:_scan_loop:213 | Сканирование #1463 завершено. Найдено сетапов: 1
2026-04-02 20:55:42 | INFO     | scanner:_scan_loop:190 | ═══ Сканирование #1464 ═══
2026-04-02 20:56:13 | INFO     | scanner:_scan_loop:213 | Сканирование #1464 завершено. Найдено сетапов: 1
2026-04-02 20:57:13 | INFO     | scanner:_scan_loop:190 | ═══ Сканирование #1465 ═══
2026-04-02 20:57:46 | INFO     | scanner:_scan_loop:213 | Сканирование #1465 завершено. Найдено сетапов: 1
2026-04-02 20:58:46 | INFO     | scanner:_scan_loop:190 | ═══ Сканирование #1466 ═══
2026-04-02 20:59:19 | INFO     | scanner:_scan_loop:213 | Сканирование #1466 завершено. Найдено сетапов: 1
2026-04-02 21:00:19 | INFO     | scanner:_scan_loop:190 | ═══ Сканирование #1467 ═══
2026-04-02 21:00:24 | ERROR    | scanner:get_klines:88 | Ошибка загрузки данных AVAXUSDT 15: 'x-bapi-limit-reset-timestamp'
2026-04-02 21:00:25 | ERROR    | scanner:get_klines:88 | Ошибка загрузки данных DOTUSDT 15: 'x-bapi-limit-reset-timestamp'
2026-04-02 21:00:27 | ERROR    | scanner:get_klines:88 | Ошибка загрузки данных ATOMUSDT 15: 'x-bapi-limit-reset-timestamp'
2026-04-02 21:00:28 | ERROR    | scanner:get_klines:88 | Ошибка загрузки данных LTCUSDT 5: 'x-bapi-limit-reset-timestamp'
2026-04-02 21:00:48 | INFO     | scanner:_scan_loop:213 | Сканирование #1467 завершено. Найдено сетапов: 1
2026-04-02 21:01:48 | INFO     | scanner:_scan_loop:190 | ═══ Сканирование #1468 ═══
2026-04-02 21:02:21 | INFO     | scanner:_scan_loop:213 | Сканирование #1468 завершено. Найдено сетапов: 1
2026-04-02 21:03:21 | INFO     | scanner:_scan_loop:190 | ═══ Сканирование #1469 ═══
2026-04-02 21:04:02 | INFO     | scanner:_scan_loop:213 | Сканирование #1469 завершено. Найдено сетапов: 1
2026-04-02 21:05:02 | INFO     | scanner:_scan_loop:190 | ═══ Сканирование #1470 ═══
2026-04-02 21:05:37 | INFO     | scanner:_scan_loop:213 | Сканирование #1470 завершено. Найдено сетапов: 1
2026-04-02 21:06:37 | INFO     | scanner:_scan_loop:190 | ═══ Сканирование #1471 ═══
2026-04-02 21:07:10 | DEBUG    | telegram_bot:send_message:50 | Сообщение отправлено в Telegram
2026-04-02 21:07:10 | INFO     | scanner:_scan_loop:213 | Сканирование #1471 завершено. Найдено сетапов: 1
2026-04-02 21:08:10 | INFO     | scanner:_scan_loop:190 | ═══ Сканирование #1472 ═══
2026-04-02 21:08:43 | INFO     | scanner:_scan_loop:213 | Сканирование #1472 завершено. Найдено сетапов: 1
2026-04-02 21:09:43 | INFO     | scanner:_scan_loop:190 | ═══ Сканирование #1473 ═══
2026-04-02 21:10:10 | ERROR    | scanner:get_klines:88 | Ошибка загрузки данных DYDXUSDT 5: 'x-bapi-limit-reset-timestamp'
2026-04-02 21:10:15 | INFO     | scanner:_scan_loop:213 | Сканирование #1473 завершено. Найдено сетапов: 1
2026-04-02 21:11:15 | INFO     | scanner:_scan_loop:190 | ═══ Сканирование #1474 ═══
2026-04-02 21:11:48 | INFO     | scanner:_scan_loop:213 | Сканирование #1474 завершено. Найдено сетапов: 1
2026-04-02 21:12:48 | INFO     | scanner:_scan_loop:190 | ═══ Сканирование #1475 ═══
2026-04-02 21:13:20 | INFO     | scanner:_scan_loop:213 | Сканирование #1475 завершено. Найдено сетапов: 1
2026-04-02 21:14:20 | INFO     | scanner:_scan_loop:190 | ═══ Сканирование #1476 ═══
2026-04-02 21:14:52 | INFO     | scanner:_scan_loop:213 | Сканирование #1476 завершено. Найдено сетапов: 1
2026-04-02 21:15:52 | INFO     | scanner:_scan_loop:190 | ═══ Сканирование #1477 ═══
2026-04-02 21:16:25 | INFO     | scanner:_scan_loop:213 | Сканирование #1477 завершено. Найдено сетапов: 1
2026-04-02 21:17:25 | INFO     | scanner:_scan_loop:190 | ═══ Сканирование #1478 ═══
2026-04-02 21:17:56 | INFO     | scanner:_scan_loop:213 | Сканирование #1478 завершено. Найдено сетапов: 1
2026-04-02 21:18:56 | INFO     | scanner:_scan_loop:190 | ═══ Сканирование #1479 ═══
2026-04-02 21:19:37 | INFO     | scanner:_scan_loop:213 | Сканирование #1479 завершено. Найдено сетапов: 0
2026-04-02 21:20:37 | INFO     | scanner:_scan_loop:190 | ═══ Сканирование #1480 ═══
2026-04-02 21:21:09 | INFO     | scanner:_scan_loop:213 | Сканирование #1480 завершено. Найдено сетапов: 0
2026-04-02 21:22:09 | INFO     | scanner:_scan_loop:190 | ═══ Сканирование #1481 ═══
2026-04-02 21:22:43 | INFO     | scanner:_scan_loop:213 | Сканирование #1481 завершено. Найдено сетапов: 1
2026-04-02 21:23:43 | INFO     | scanner:_scan_loop:190 | ═══ Сканирование #1482 ═══
2026-04-02 21:24:13 | INFO     | scanner:_scan_loop:213 | Сканирование #1482 завершено. Найдено сетапов: 0
2026-04-02 21:25:13 | INFO     | scanner:_scan_loop:190 | ═══ Сканирование #1483 ═══
2026-04-02 21:25:45 | INFO     | scanner:_scan_loop:213 | Сканирование #1483 завершено. Найдено сетапов: 0
2026-04-02 21:26:45 | INFO     | scanner:_scan_loop:190 | ═══ Сканирование #1484 ═══
2026-04-02 21:27:18 | INFO     | scanner:_scan_loop:213 | Сканирование #1484 завершено. Найдено сетапов: 1
2026-04-02 21:28:19 | INFO     | scanner:_scan_loop:190 | ═══ Сканирование #1485 ═══
2026-04-02 21:28:56 | INFO     | scanner:_scan_loop:213 | Сканирование #1485 завершено. Найдено сетапов: 1
2026-04-02 21:29:56 | INFO     | scanner:_scan_loop:190 | ═══ Сканирование #1486 ═══
2026-04-02 21:30:08 | ERROR    | scanner:get_klines:88 | Ошибка загрузки данных FILUSDT 15: 'x-bapi-limit-reset-timestamp'
2026-04-02 21:30:28 | INFO     | scanner:_scan_loop:213 | Сканирование #1486 завершено. Найдено сетапов: 1
2026-04-02 21:31:28 | INFO     | scanner:_scan_loop:190 | ═══ Сканирование #1487 ═══
2026-04-02 21:32:02 | INFO     | scanner:_scan_loop:213 | Сканирование #1487 завершено. Найдено сетапов: 1
2026-04-02 21:33:02 | INFO     | scanner:_scan_loop:190 | ═══ Сканирование #1488 ═══
2026-04-02 21:33:32 | INFO     | scanner:_scan_loop:213 | Сканирование #1488 завершено. Найдено сетапов: 1
2026-04-02 21:34:32 | INFO     | scanner:_scan_loop:190 | ═══ Сканирование #1489 ═══
2026-04-02 21:35:07 | ERROR    | scanner:get_klines:88 | Ошибка загрузки данных PYTHUSDT 15: 'x-bapi-limit-reset-timestamp'
2026-04-02 21:35:08 | ERROR    | scanner:get_klines:88 | Ошибка загрузки данных STRKUSDT 15: 'x-bapi-limit-reset-timestamp'
2026-04-02 21:35:11 | INFO     | scanner:_scan_loop:213 | Сканирование #1489 завершено. Найдено сетапов: 1
2026-04-02 21:36:11 | INFO     | scanner:_scan_loop:190 | ═══ Сканирование #1490 ═══
2026-04-02 21:36:46 | INFO     | scanner:_scan_loop:213 | Сканирование #1490 завершено. Найдено сетапов: 0
2026-04-02 21:37:46 | INFO     | scanner:_scan_loop:190 | ═══ Сканирование #1491 ═══
2026-04-02 21:38:20 | INFO     | scanner:_scan_loop:213 | Сканирование #1491 завершено. Найдено сетапов: 1
2026-04-02 21:39:20 | INFO     | scanner:_scan_loop:190 | ═══ Сканирование #1492 ═══
2026-04-02 21:39:53 | INFO     | scanner:_scan_loop:213 | Сканирование #1492 завершено. Найдено сетапов: 1
2026-04-02 21:40:53 | INFO     | scanner:_scan_loop:190 | ═══ Сканирование #1493 ═══
2026-04-02 21:41:23 | INFO     | scanner:_scan_loop:213 | Сканирование #1493 завершено. Найдено сетапов: 1
2026-04-02 21:42:23 | INFO     | scanner:_scan_loop:190 | ═══ Сканирование #1494 ═══
2026-04-02 21:42:57 | INFO     | scanner:_scan_loop:213 | Сканирование #1494 завершено. Найдено сетапов: 1
2026-04-02 21:43:57 | INFO     | scanner:_scan_loop:190 | ═══ Сканирование #1495 ═══
2026-04-02 21:44:29 | INFO     | scanner:_scan_loop:213 | Сканирование #1495 завершено. Найдено сетапов: 1
2026-04-02 21:45:29 | INFO     | scanner:_scan_loop:190 | ═══ Сканирование #1496 ═══
2026-04-02 21:46:03 | INFO     | scanner:_scan_loop:213 | Сканирование #1496 завершено. Найдено сетапов: 1
2026-04-02 21:47:03 | INFO     | scanner:_scan_loop:190 | ═══ Сканирование #1497 ═══
2026-04-02 21:47:35 | INFO     | scanner:_scan_loop:213 | Сканирование #1497 завершено. Найдено сетапов: 1
2026-04-02 21:48:35 | INFO     | scanner:_scan_loop:190 | ═══ Сканирование #1498 ═══
2026-04-02 21:49:07 | INFO     | scanner:_scan_loop:213 | Сканирование #1498 завершено. Найдено сетапов: 1
2026-04-02 21:50:07 | INFO     | scanner:_scan_loop:190 | ═══ Сканирование #1499 ═══
2026-04-02 21:50:45 | INFO     | scanner:_scan_loop:213 | Сканирование #1499 завершено. Найдено сетапов: 1
2026-04-02 21:51:45 | INFO     | scanner:_scan_loop:190 | ═══ Сканирование #1500 ═══
2026-04-02 21:52:19 | INFO     | scanner:_scan_loop:213 | Сканирование #1500 завершено. Найдено сетапов: 1
2026-04-02 21:53:19 | INFO     | scanner:_scan_loop:190 | ═══ Сканирование #1501 ═══
2026-04-02 21:53:49 | INFO     | scanner:_scan_loop:213 | Сканирование #1501 завершено. Найдено сетапов: 1
2026-04-02 21:54:49 | INFO     | scanner:_scan_loop:190 | ═══ Сканирование #1502 ═══
2026-04-02 21:55:09 | ERROR    | scanner:get_klines:88 | Ошибка загрузки данных ORDIUSDT 5: 'x-bapi-limit-reset-timestamp'
2026-04-02 21:55:09 | ERROR    | scanner:get_klines:88 | Ошибка загрузки данных STXUSDT 15: 'x-bapi-limit-reset-timestamp'
2026-04-02 21:55:22 | INFO     | scanner:_scan_loop:213 | Сканирование #1502 завершено. Найдено сетапов: 1
2026-04-02 21:56:22 | INFO     | scanner:_scan_loop:190 | ═══ Сканирование #1503 ═══
2026-04-02 21:56:52 | INFO     | scanner:_scan_loop:213 | Сканирование #1503 завершено. Найдено сетапов: 1
2026-04-02 21:57:52 | INFO     | scanner:_scan_loop:190 | ═══ Сканирование #1504 ═══
2026-04-02 21:58:23 | INFO     | scanner:_scan_loop:213 | Сканирование #1504 завершено. Найдено сетапов: 1
2026-04-02 21:59:23 | INFO     | scanner:_scan_loop:190 | ═══ Сканирование #1505 ═══
2026-04-02 21:59:57 | INFO     | scanner:_scan_loop:213 | Сканирование #1505 завершено. Найдено сетапов: 1
2026-04-02 22:00:57 | INFO     | scanner:_scan_loop:190 | ═══ Сканирование #1506 ═══
2026-04-02 22:01:06 | ERROR    | scanner:get_klines:88 | Ошибка загрузки данных LTCUSDT 15: 'x-bapi-limit-reset-timestamp'
2026-04-02 22:01:28 | INFO     | scanner:_scan_loop:213 | Сканирование #1506 завершено. Найдено сетапов: 1
2026-04-02 22:02:28 | INFO     | scanner:_scan_loop:190 | ═══ Сканирование #1507 ═══
2026-04-02 22:03:00 | INFO     | scanner:_scan_loop:213 | Сканирование #1507 завершено. Найдено сетапов: 1
2026-04-02 22:04:00 | INFO     | scanner:_scan_loop:190 | ═══ Сканирование #1508 ═══
2026-04-02 22:04:32 | INFO     | scanner:_scan_loop:213 | Сканирование #1508 завершено. Найдено сетапов: 1
2026-04-02 22:05:32 | INFO     | scanner:_scan_loop:190 | ═══ Сканирование #1509 ═══
2026-04-02 22:06:13 | INFO     | scanner:_scan_loop:213 | Сканирование #1509 завершено. Найдено сетапов: 1
2026-04-02 22:07:13 | INFO     | scanner:_scan_loop:190 | ═══ Сканирование #1510 ═══
2026-04-02 22:07:45 | INFO     | scanner:_scan_loop:213 | Сканирование #1510 завершено. Найдено сетапов: 1
2026-04-02 22:08:45 | INFO     | scanner:_scan_loop:190 | ═══ Сканирование #1511 ═══
2026-04-02 22:09:19 | INFO     | scanner:_scan_loop:213 | Сканирование #1511 завершено. Найдено сетапов: 1
2026-04-02 22:10:19 | INFO     | scanner:_scan_loop:190 | ═══ Сканирование #1512 ═══
2026-04-02 22:10:50 | INFO     | scanner:_scan_loop:213 | Сканирование #1512 завершено. Найдено сетапов: 1
2026-04-02 22:11:50 | INFO     | scanner:_scan_loop:190 | ═══ Сканирование #1513 ═══
2026-04-02 22:12:24 | INFO     | scanner:_scan_loop:213 | Сканирование #1513 завершено. Найдено сетапов: 1
2026-04-02 22:13:24 | INFO     | scanner:_scan_loop:190 | ═══ Сканирование #1514 ═══
2026-04-02 22:13:55 | INFO     | scanner:_scan_loop:213 | Сканирование #1514 завершено. Найдено сетапов: 1
2026-04-02 22:14:55 | INFO     | scanner:_scan_loop:190 | ═══ Сканирование #1515 ═══
2026-04-02 22:15:05 | ERROR    | scanner:get_klines:88 | Ошибка загрузки данных FILUSDT 5: 'x-bapi-limit-reset-timestamp'
2026-04-02 22:15:09 | ERROR    | scanner:get_klines:88 | Ошибка загрузки данных SUIUSDT 5: 'x-bapi-limit-reset-timestamp'
2026-04-02 22:15:29 | INFO     | scanner:_scan_loop:213 | Сканирование #1515 завершено. Найдено сетапов: 1
2026-04-02 22:16:29 | INFO     | scanner:_scan_loop:190 | ═══ Сканирование #1516 ═══
2026-04-02 22:16:59 | INFO     | scanner:_scan_loop:213 | Сканирование #1516 завершено. Найдено сетапов: 1
2026-04-02 22:17:59 | INFO     | scanner:_scan_loop:190 | ═══ Сканирование #1517 ═══
2026-04-02 22:18:32 | INFO     | scanner:_scan_loop:213 | Сканирование #1517 завершено. Найдено сетапов: 1
2026-04-02 22:19:32 | INFO     | scanner:_scan_loop:190 | ═══ Сканирование #1518 ═══
2026-04-02 22:20:02 | INFO     | scanner:_scan_loop:213 | Сканирование #1518 завершено. Найдено сетапов: 1
2026-04-02 22:21:02 | INFO     | scanner:_scan_loop:190 | ═══ Сканирование #1519 ═══
2026-04-02 22:21:44 | INFO     | scanner:_scan_loop:213 | Сканирование #1519 завершено. Найдено сетапов: 1
2026-04-02 22:22:44 | INFO     | scanner:_scan_loop:190 | ═══ Сканирование #1520 ═══
2026-04-02 22:23:19 | INFO     | scanner:_scan_loop:213 | Сканирование #1520 завершено. Найдено сетапов: 1
2026-04-02 22:24:19 | INFO     | scanner:_scan_loop:190 | ═══ Сканирование #1521 ═══
2026-04-02 22:24:49 | INFO     | scanner:_scan_loop:213 | Сканирование #1521 завершено. Найдено сетапов: 1
2026-04-02 22:25:49 | INFO     | scanner:_scan_loop:190 | ═══ Сканирование #1522 ═══
2026-04-02 22:26:21 | INFO     | scanner:_scan_loop:213 | Сканирование #1522 завершено. Найдено сетапов: 1
2026-04-02 22:27:21 | INFO     | scanner:_scan_loop:190 | ═══ Сканирование #1523 ═══
2026-04-02 22:27:53 | INFO     | scanner:_scan_loop:213 | Сканирование #1523 завершено. Найдено сетапов: 1
2026-04-02 22:28:53 | INFO     | scanner:_scan_loop:190 | ═══ Сканирование #1524 ═══
2026-04-02 22:29:25 | INFO     | scanner:_scan_loop:213 | Сканирование #1524 завершено. Найдено сетапов: 1
2026-04-02 22:30:25 | INFO     | scanner:_scan_loop:190 | ═══ Сканирование #1525 ═══
2026-04-02 22:30:55 | INFO     | scanner:_scan_loop:213 | Сканирование #1525 завершено. Найдено сетапов: 1
2026-04-02 22:31:55 | INFO     | scanner:_scan_loop:190 | ═══ Сканирование #1526 ═══
2026-04-02 22:32:26 | INFO     | scanner:_scan_loop:213 | Сканирование #1526 завершено. Найдено сетапов: 1
2026-04-02 22:33:26 | INFO     | scanner:_scan_loop:190 | ═══ Сканирование #1527 ═══
2026-04-02 22:33:59 | INFO     | scanner:_scan_loop:213 | Сканирование #1527 завершено. Найдено сетапов: 1
2026-04-02 22:34:59 | INFO     | scanner:_scan_loop:190 | ═══ Сканирование #1528 ═══
2026-04-02 22:35:31 | INFO     | scanner:_scan_loop:213 | Сканирование #1528 завершено. Найдено сетапов: 1
2026-04-02 22:36:31 | INFO     | scanner:_scan_loop:190 | ═══ Сканирование #1529 ═══
2026-04-02 22:37:14 | INFO     | scanner:_scan_loop:213 | Сканирование #1529 завершено. Найдено сетапов: 1
2026-04-02 22:38:14 | INFO     | scanner:_scan_loop:190 | ═══ Сканирование #1530 ═══
2026-04-02 22:38:50 | INFO     | scanner:_scan_loop:213 | Сканирование #1530 завершено. Найдено сетапов: 1
2026-04-02 22:39:50 | INFO     | scanner:_scan_loop:190 | ═══ Сканирование #1531 ═══
2026-04-02 22:40:21 | INFO     | scanner:_scan_loop:213 | Сканирование #1531 завершено. Найдено сетапов: 1
2026-04-02 22:41:21 | INFO     | scanner:_scan_loop:190 | ═══ Сканирование #1532 ═══
2026-04-02 22:41:55 | INFO     | scanner:_scan_loop:213 | Сканирование #1532 завершено. Найдено сетапов: 1
2026-04-02 22:42:55 | INFO     | scanner:_scan_loop:190 | ═══ Сканирование #1533 ═══
2026-04-02 22:43:24 | INFO     | scanner:_scan_loop:213 | Сканирование #1533 завершено. Найдено сетапов: 1
2026-04-02 22:44:24 | INFO     | scanner:_scan_loop:190 | ═══ Сканирование #1534 ═══
2026-04-02 22:44:57 | INFO     | scanner:_scan_loop:213 | Сканирование #1534 завершено. Найдено сетапов: 1
2026-04-02 22:45:57 | INFO     | scanner:_scan_loop:190 | ═══ Сканирование #1535 ═══
2026-04-02 22:46:27 | INFO     | scanner:_scan_loop:213 | Сканирование #1535 завершено. Найдено сетапов: 1
2026-04-02 22:47:27 | INFO     | scanner:_scan_loop:190 | ═══ Сканирование #1536 ═══
2026-04-02 22:48:02 | INFO     | scanner:_scan_loop:213 | Сканирование #1536 завершено. Найдено сетапов: 1
2026-04-02 22:49:02 | INFO     | scanner:_scan_loop:190 | ═══ Сканирование #1537 ═══
2026-04-02 22:49:33 | INFO     | scanner:_scan_loop:213 | Сканирование #1537 завершено. Найдено сетапов: 1
2026-04-02 22:50:33 | INFO     | scanner:_scan_loop:190 | ═══ Сканирование #1538 ═══
2026-04-02 22:51:04 | INFO     | scanner:_scan_loop:213 | Сканирование #1538 завершено. Найдено сетапов: 1
2026-04-02 22:52:04 | INFO     | scanner:_scan_loop:190 | ═══ Сканирование #1539 ═══
2026-04-02 22:52:47 | INFO     | scanner:_scan_loop:213 | Сканирование #1539 завершено. Найдено сетапов: 1
2026-04-02 22:53:47 | INFO     | scanner:_scan_loop:190 | ═══ Сканирование #1540 ═══
2026-04-02 22:54:21 | INFO     | scanner:_scan_loop:213 | Сканирование #1540 завершено. Найдено сетапов: 1
2026-04-02 22:55:21 | INFO     | scanner:_scan_loop:190 | ═══ Сканирование #1541 ═══
2026-04-02 22:55:56 | INFO     | scanner:_scan_loop:213 | Сканирование #1541 завершено. Найдено сетапов: 1
2026-04-02 22:56:56 | INFO     | scanner:_scan_loop:190 | ═══ Сканирование #1542 ═══
2026-04-02 22:57:27 | INFO     | scanner:_scan_loop:213 | Сканирование #1542 завершено. Найдено сетапов: 1
2026-04-02 22:58:27 | INFO     | scanner:_scan_loop:190 | ═══ Сканирование #1543 ═══
2026-04-02 22:59:01 | INFO     | scanner:_scan_loop:213 | Сканирование #1543 завершено. Найдено сетапов: 1
2026-04-02 23:00:02 | INFO     | scanner:_scan_loop:190 | ═══ Сканирование #1544 ═══
2026-04-02 23:00:06 | ERROR    | scanner:get_klines:88 | Ошибка загрузки данных XRPUSDT 15: 'x-bapi-limit-reset-timestamp'
2026-04-02 23:00:06 | ERROR    | scanner:get_klines:88 | Ошибка загрузки данных DOGEUSDT 15: 'x-bapi-limit-reset-timestamp'
2026-04-02 23:00:08 | ERROR    | scanner:get_klines:88 | Ошибка загрузки данных AVAXUSDT 5: 'x-bapi-limit-reset-timestamp'
2026-04-02 23:00:09 | ERROR    | scanner:get_klines:88 | Ошибка загрузки данных DOTUSDT 5: 'x-bapi-limit-reset-timestamp'
2026-04-02 23:00:15 | ERROR    | scanner:get_klines:88 | Ошибка загрузки данных SUIUSDT 5: 'x-bapi-limit-reset-timestamp'
2026-04-02 23:00:17 | ERROR    | scanner:get_klines:88 | Ошибка загрузки данных TIAUSDT 5: 'x-bapi-limit-reset-timestamp'
2026-04-02 23:00:20 | ERROR    | scanner:get_klines:88 | Ошибка загрузки данных ORDIUSDT 5: 'x-bapi-limit-reset-timestamp'
2026-04-02 23:00:22 | ERROR    | scanner:get_klines:88 | Ошибка загрузки данных MANTAUSDT 15: 'x-bapi-limit-reset-timestamp'
2026-04-02 23:00:23 | ERROR    | scanner:get_klines:88 | Ошибка загрузки данных TRXUSDT 5: 'x-bapi-limit-reset-timestamp'
2026-04-02 23:00:33 | INFO     | scanner:_scan_loop:213 | Сканирование #1544 завершено. Найдено сетапов: 1
2026-04-02 23:01:33 | INFO     | scanner:_scan_loop:190 | ═══ Сканирование #1545 ═══
2026-04-02 23:02:06 | INFO     | scanner:_scan_loop:213 | Сканирование #1545 завершено. Найдено сетапов: 1
2026-04-02 23:03:06 | INFO     | scanner:_scan_loop:190 | ═══ Сканирование #1546 ═══
2026-04-02 23:03:37 | INFO     | scanner:_scan_loop:213 | Сканирование #1546 завершено. Найдено сетапов: 1
2026-04-02 23:04:37 | INFO     | scanner:_scan_loop:190 | ═══ Сканирование #1547 ═══
2026-04-02 23:05:10 | INFO     | scanner:_scan_loop:213 | Сканирование #1547 завершено. Найдено сетапов: 1
2026-04-02 23:06:10 | INFO     | scanner:_scan_loop:190 | ═══ Сканирование #1548 ═══
2026-04-02 23:06:43 | INFO     | scanner:_scan_loop:213 | Сканирование #1548 завершено. Найдено сетапов: 1
2026-04-02 23:07:43 | INFO     | scanner:_scan_loop:190 | ═══ Сканирование #1549 ═══
2026-04-02 23:08:24 | INFO     | scanner:_scan_loop:213 | Сканирование #1549 завершено. Найдено сетапов: 1
2026-04-02 23:09:24 | INFO     | scanner:_scan_loop:190 | ═══ Сканирование #1550 ═══
2026-04-02 23:09:58 | INFO     | scanner:_scan_loop:213 | Сканирование #1550 завершено. Найдено сетапов: 1
2026-04-02 23:10:58 | INFO     | scanner:_scan_loop:190 | ═══ Сканирование #1551 ═══
2026-04-02 23:11:31 | INFO     | scanner:_scan_loop:213 | Сканирование #1551 завершено. Найдено сетапов: 1
2026-04-02 23:12:31 | INFO     | scanner:_scan_loop:190 | ═══ Сканирование #1552 ═══
2026-04-02 23:13:01 | INFO     | scanner:_scan_loop:213 | Сканирование #1552 завершено. Найдено сетапов: 1
2026-04-02 23:14:01 | INFO     | scanner:_scan_loop:190 | ═══ Сканирование #1553 ═══
2026-04-02 23:14:35 | INFO     | scanner:_scan_loop:213 | Сканирование #1553 завершено. Найдено сетапов: 1
2026-04-02 23:15:35 | INFO     | scanner:_scan_loop:190 | ═══ Сканирование #1554 ═══
2026-04-02 23:16:08 | INFO     | scanner:_scan_loop:213 | Сканирование #1554 завершено. Найдено сетапов: 1
2026-04-02 23:17:08 | INFO     | scanner:_scan_loop:190 | ═══ Сканирование #1555 ═══
2026-04-02 23:17:42 | INFO     | scanner:_scan_loop:213 | Сканирование #1555 завершено. Найдено сетапов: 1
2026-04-02 23:18:42 | INFO     | scanner:_scan_loop:190 | ═══ Сканирование #1556 ═══
2026-04-02 23:19:16 | INFO     | scanner:_scan_loop:213 | Сканирование #1556 завершено. Найдено сетапов: 1
2026-04-02 23:20:16 | INFO     | scanner:_scan_loop:190 | ═══ Сканирование #1557 ═══
2026-04-02 23:20:47 | INFO     | scanner:_scan_loop:213 | Сканирование #1557 завершено. Найдено сетапов: 1
2026-04-02 23:21:47 | INFO     | scanner:_scan_loop:190 | ═══ Сканирование #1558 ═══
2026-04-02 23:22:21 | INFO     | scanner:_scan_loop:213 | Сканирование #1558 завершено. Найдено сетапов: 1
2026-04-02 23:23:21 | INFO     | scanner:_scan_loop:190 | ═══ Сканирование #1559 ═══
2026-04-02 23:24:02 | INFO     | scanner:_scan_loop:213 | Сканирование #1559 завершено. Найдено сетапов: 1
2026-04-02 23:25:02 | INFO     | scanner:_scan_loop:190 | ═══ Сканирование #1560 ═══
2026-04-02 23:25:10 | ERROR    | scanner:get_klines:88 | Ошибка загрузки данных DOTUSDT 15: 'x-bapi-limit-reset-timestamp'
2026-04-02 23:25:38 | INFO     | scanner:_scan_loop:213 | Сканирование #1560 завершено. Найдено сетапов: 1
2026-04-02 23:26:38 | INFO     | scanner:_scan_loop:190 | ═══ Сканирование #1561 ═══
2026-04-02 23:27:07 | INFO     | scanner:_scan_loop:213 | Сканирование #1561 завершено. Найдено сетапов: 1
2026-04-02 23:28:07 | INFO     | scanner:_scan_loop:190 | ═══ Сканирование #1562 ═══
2026-04-02 23:28:40 | INFO     | scanner:_scan_loop:213 | Сканирование #1562 завершено. Найдено сетапов: 1
2026-04-02 23:29:40 | INFO     | scanner:_scan_loop:190 | ═══ Сканирование #1563 ═══
2026-04-02 23:30:04 | ERROR    | scanner:get_klines:88 | Ошибка загрузки данных CRVUSDT 5: 'x-bapi-limit-reset-timestamp'
2026-04-02 23:30:05 | ERROR    | scanner:get_klines:88 | Ошибка загрузки данных DYDXUSDT 5: 'x-bapi-limit-reset-timestamp'
2026-04-02 23:30:06 | ERROR    | scanner:get_klines:88 | Ошибка загрузки данных PENDLEUSDT 15: 'x-bapi-limit-reset-timestamp'
2026-04-02 23:30:10 | INFO     | scanner:_scan_loop:213 | Сканирование #1563 завершено. Найдено сетапов: 1
2026-04-02 23:31:10 | INFO     | scanner:_scan_loop:190 | ═══ Сканирование #1564 ═══
2026-04-02 23:31:45 | INFO     | scanner:_scan_loop:213 | Сканирование #1564 завершено. Найдено сетапов: 1
2026-04-02 23:32:45 | INFO     | scanner:_scan_loop:190 | ═══ Сканирование #1565 ═══
2026-04-02 23:33:18 | INFO     | scanner:_scan_loop:213 | Сканирование #1565 завершено. Найдено сетапов: 1
2026-04-02 23:34:18 | INFO     | scanner:_scan_loop:190 | ═══ Сканирование #1566 ═══
2026-04-02 23:34:51 | INFO     | scanner:_scan_loop:213 | Сканирование #1566 завершено. Найдено сетапов: 1
2026-04-02 23:35:51 | INFO     | scanner:_scan_loop:190 | ═══ Сканирование #1567 ═══
2026-04-02 23:36:24 | INFO     | scanner:_scan_loop:213 | Сканирование #1567 завершено. Найдено сетапов: 1
2026-04-02 23:37:24 | INFO     | scanner:_scan_loop:190 | ═══ Сканирование #1568 ═══
2026-04-02 23:37:59 | INFO     | scanner:_scan_loop:213 | Сканирование #1568 завершено. Найдено сетапов: 1
2026-04-02 23:38:59 | INFO     | scanner:_scan_loop:190 | ═══ Сканирование #1569 ═══
2026-04-02 23:39:42 | INFO     | scanner:_scan_loop:213 | Сканирование #1569 завершено. Найдено сетапов: 1
2026-04-02 23:40:42 | INFO     | scanner:_scan_loop:190 | ═══ Сканирование #1570 ═══
2026-04-02 23:41:15 | INFO     | scanner:_scan_loop:213 | Сканирование #1570 завершено. Найдено сетапов: 1
2026-04-02 23:42:15 | INFO     | scanner:_scan_loop:190 | ═══ Сканирование #1571 ═══
2026-04-02 23:42:49 | INFO     | scanner:_scan_loop:213 | Сканирование #1571 завершено. Найдено сетапов: 1
2026-04-02 23:43:49 | INFO     | scanner:_scan_loop:190 | ═══ Сканирование #1572 ═══
2026-04-02 23:44:19 | INFO     | scanner:_scan_loop:213 | Сканирование #1572 завершено. Найдено сетапов: 1
2026-04-02 23:45:19 | INFO     | scanner:_scan_loop:190 | ═══ Сканирование #1573 ═══
2026-04-02 23:45:53 | INFO     | scanner:_scan_loop:213 | Сканирование #1573 завершено. Найдено сетапов: 1
2026-04-02 23:46:53 | INFO     | scanner:_scan_loop:190 | ═══ Сканирование #1574 ═══
2026-04-02 23:47:23 | INFO     | scanner:_scan_loop:213 | Сканирование #1574 завершено. Найдено сетапов: 1
2026-04-02 23:48:23 | INFO     | scanner:_scan_loop:190 | ═══ Сканирование #1575 ═══
2026-04-02 23:48:56 | INFO     | scanner:_scan_loop:213 | Сканирование #1575 завершено. Найдено сетапов: 1
2026-04-02 23:49:56 | INFO     | scanner:_scan_loop:190 | ═══ Сканирование #1576 ═══
2026-04-02 23:50:10 | ERROR    | scanner:get_klines:88 | Ошибка загрузки данных TIAUSDT 15: 'x-bapi-limit-reset-timestamp'
2026-04-02 23:50:12 | ERROR    | scanner:get_klines:88 | Ошибка загрузки данных WLDUSDT 15: 'x-bapi-limit-reset-timestamp'
2026-04-02 23:50:25 | INFO     | scanner:_scan_loop:213 | Сканирование #1576 завершено. Найдено сетапов: 1
2026-04-02 23:51:25 | INFO     | scanner:_scan_loop:190 | ═══ Сканирование #1577 ═══
2026-04-02 23:51:56 | INFO     | scanner:_scan_loop:213 | Сканирование #1577 завершено. Найдено сетапов: 1
2026-04-02 23:52:56 | INFO     | scanner:_scan_loop:190 | ═══ Сканирование #1578 ═══
2026-04-02 23:53:27 | INFO     | scanner:_scan_loop:213 | Сканирование #1578 завершено. Найдено сетапов: 1
2026-04-02 23:54:27 | INFO     | scanner:_scan_loop:190 | ═══ Сканирование #1579 ═══
2026-04-02 23:55:05 | INFO     | scanner:_scan_loop:213 | Сканирование #1579 завершено. Найдено сетапов: 1
2026-04-02 23:56:05 | INFO     | scanner:_scan_loop:190 | ═══ Сканирование #1580 ═══
2026-04-02 23:56:38 | INFO     | scanner:_scan_loop:213 | Сканирование #1580 завершено. Найдено сетапов: 1
2026-04-02 23:57:38 | INFO     | scanner:_scan_loop:190 | ═══ Сканирование #1581 ═══
2026-04-02 23:58:11 | INFO     | scanner:_scan_loop:213 | Сканирование #1581 завершено. Найдено сетапов: 1
2026-04-02 23:59:11 | INFO     | scanner:_scan_loop:190 | ═══ Сканирование #1582 ═══
2026-04-02 23:59:43 | INFO     | scanner:_scan_loop:213 | Сканирование #1582 завершено. Найдено сетапов: 1
2026-04-03 00:00:43 | INFO     | scanner:_scan_loop:190 | ═══ Сканирование #1583 ═══
2026-04-03 00:01:11 | ERROR    | scanner:get_klines:88 | Ошибка загрузки данных SNXUSDT 5: 'x-bapi-limit-reset-timestamp'
2026-04-03 00:01:18 | INFO     | scanner:_scan_loop:213 | Сканирование #1583 завершено. Найдено сетапов: 1
2026-04-03 00:02:18 | INFO     | scanner:_scan_loop:190 | ═══ Сканирование #1584 ═══
2026-04-03 00:02:48 | INFO     | scanner:_scan_loop:213 | Сканирование #1584 завершено. Найдено сетапов: 1
2026-04-03 00:03:48 | INFO     | scanner:_scan_loop:190 | ═══ Сканирование #1585 ═══
2026-04-03 00:04:20 | INFO     | scanner:_scan_loop:213 | Сканирование #1585 завершено. Найдено сетапов: 1
2026-04-03 00:05:20 | INFO     | scanner:_scan_loop:190 | ═══ Сканирование #1586 ═══
2026-04-03 00:05:53 | INFO     | scanner:_scan_loop:213 | Сканирование #1586 завершено. Найдено сетапов: 1
2026-04-03 00:06:53 | INFO     | scanner:_scan_loop:190 | ═══ Сканирование #1587 ═══
2026-04-03 00:07:24 | INFO     | scanner:_scan_loop:213 | Сканирование #1587 завершено. Найдено сетапов: 1
2026-04-03 00:08:24 | INFO     | scanner:_scan_loop:190 | ═══ Сканирование #1588 ═══
2026-04-03 00:08:57 | INFO     | scanner:_scan_loop:213 | Сканирование #1588 завершено. Найдено сетапов: 1
2026-04-03 00:09:57 | INFO     | scanner:_scan_loop:190 | ═══ Сканирование #1589 ═══
2026-04-03 00:10:37 | INFO     | scanner:_scan_loop:213 | Сканирование #1589 завершено. Найдено сетапов: 1
2026-04-03 00:11:37 | INFO     | scanner:_scan_loop:190 | ═══ Сканирование #1590 ═══
2026-04-03 00:12:10 | INFO     | scanner:_scan_loop:213 | Сканирование #1590 завершено. Найдено сетапов: 1
2026-04-03 00:13:10 | INFO     | scanner:_scan_loop:190 | ═══ Сканирование #1591 ═══
2026-04-03 00:13:42 | INFO     | scanner:_scan_loop:213 | Сканирование #1591 завершено. Найдено сетапов: 1
2026-04-03 00:14:42 | INFO     | scanner:_scan_loop:190 | ═══ Сканирование #1592 ═══
2026-04-03 00:15:04 | ERROR    | scanner:get_klines:88 | Ошибка загрузки данных MANTAUSDT 15: 'x-bapi-limit-reset-timestamp'
2026-04-03 00:15:07 | ERROR    | scanner:get_klines:88 | Ошибка загрузки данных SNXUSDT 15: 'x-bapi-limit-reset-timestamp'
2026-04-03 00:15:14 | INFO     | scanner:_scan_loop:213 | Сканирование #1592 завершено. Найдено сетапов: 1
2026-04-03 00:16:14 | INFO     | scanner:_scan_loop:190 | ═══ Сканирование #1593 ═══
2026-04-03 00:16:47 | INFO     | scanner:_scan_loop:213 | Сканирование #1593 завершено. Найдено сетапов: 1
2026-04-03 00:17:47 | INFO     | scanner:_scan_loop:190 | ═══ Сканирование #1594 ═══
2026-04-03 00:18:19 | INFO     | scanner:_scan_loop:213 | Сканирование #1594 завершено. Найдено сетапов: 1
2026-04-03 00:19:19 | INFO     | scanner:_scan_loop:190 | ═══ Сканирование #1595 ═══
2026-04-03 00:19:52 | INFO     | scanner:_scan_loop:213 | Сканирование #1595 завершено. Найдено сетапов: 1
2026-04-03 00:20:52 | INFO     | scanner:_scan_loop:190 | ═══ Сканирование #1596 ═══
2026-04-03 00:21:24 | INFO     | scanner:_scan_loop:213 | Сканирование #1596 завершено. Найдено сетапов: 1
2026-04-03 00:22:24 | INFO     | scanner:_scan_loop:190 | ═══ Сканирование #1597 ═══
2026-04-03 00:23:00 | INFO     | scanner:_scan_loop:213 | Сканирование #1597 завершено. Найдено сетапов: 1
2026-04-03 00:24:00 | INFO     | scanner:_scan_loop:190 | ═══ Сканирование #1598 ═══
2026-04-03 00:24:33 | INFO     | scanner:_scan_loop:213 | Сканирование #1598 завершено. Найдено сетапов: 1
2026-04-03 00:25:33 | INFO     | scanner:_scan_loop:190 | ═══ Сканирование #1599 ═══
2026-04-03 00:26:13 | INFO     | scanner:_scan_loop:213 | Сканирование #1599 завершено. Найдено сетапов: 1
2026-04-03 00:27:13 | INFO     | scanner:_scan_loop:190 | ═══ Сканирование #1600 ═══
2026-04-03 00:27:50 | INFO     | scanner:_scan_loop:213 | Сканирование #1600 завершено. Найдено сетапов: 1
2026-04-03 00:28:50 | INFO     | scanner:_scan_loop:190 | ═══ Сканирование #1601 ═══
2026-04-03 00:29:22 | INFO     | scanner:_scan_loop:213 | Сканирование #1601 завершено. Найдено сетапов: 1
2026-04-03 00:30:22 | INFO     | scanner:_scan_loop:190 | ═══ Сканирование #1602 ═══
2026-04-03 00:30:54 | INFO     | scanner:_scan_loop:213 | Сканирование #1602 завершено. Найдено сетапов: 1
2026-04-03 00:31:54 | INFO     | scanner:_scan_loop:190 | ═══ Сканирование #1603 ═══
2026-04-03 00:32:28 | INFO     | scanner:_scan_loop:213 | Сканирование #1603 завершено. Найдено сетапов: 1
2026-04-03 00:33:28 | INFO     | scanner:_scan_loop:190 | ═══ Сканирование #1604 ═══
2026-04-03 00:33:57 | INFO     | scanner:_scan_loop:213 | Сканирование #1604 завершено. Найдено сетапов: 1
2026-04-03 00:34:57 | INFO     | scanner:_scan_loop:190 | ═══ Сканирование #1605 ═══
2026-04-03 00:35:12 | ERROR    | scanner:get_klines:88 | Ошибка загрузки данных INJUSDT 5: 'x-bapi-limit-reset-timestamp'
2026-04-03 00:35:29 | INFO     | scanner:_scan_loop:213 | Сканирование #1605 завершено. Найдено сетапов: 1
2026-04-03 00:36:29 | INFO     | scanner:_scan_loop:190 | ═══ Сканирование #1606 ═══
2026-04-03 00:36:59 | INFO     | scanner:_scan_loop:213 | Сканирование #1606 завершено. Найдено сетапов: 1
2026-04-03 00:37:59 | INFO     | scanner:_scan_loop:190 | ═══ Сканирование #1607 ═══
2026-04-03 00:38:31 | INFO     | scanner:_scan_loop:213 | Сканирование #1607 завершено. Найдено сетапов: 1
2026-04-03 00:39:31 | INFO     | scanner:_scan_loop:190 | ═══ Сканирование #1608 ═══
2026-04-03 00:40:01 | INFO     | scanner:_scan_loop:213 | Сканирование #1608 завершено. Найдено сетапов: 1
2026-04-03 00:41:01 | INFO     | scanner:_scan_loop:190 | ═══ Сканирование #1609 ═══
2026-04-03 00:41:45 | INFO     | scanner:_scan_loop:213 | Сканирование #1609 завершено. Найдено сетапов: 1
2026-04-03 00:42:45 | INFO     | scanner:_scan_loop:190 | ═══ Сканирование #1610 ═══
2026-04-03 00:43:20 | INFO     | scanner:_scan_loop:213 | Сканирование #1610 завершено. Найдено сетапов: 1
2026-04-03 00:44:20 | INFO     | scanner:_scan_loop:190 | ═══ Сканирование #1611 ═══
2026-04-03 00:44:53 | INFO     | scanner:_scan_loop:213 | Сканирование #1611 завершено. Найдено сетапов: 1
2026-04-03 00:45:53 | INFO     | scanner:_scan_loop:190 | ═══ Сканирование #1612 ═══
2026-04-03 00:46:26 | INFO     | scanner:_scan_loop:213 | Сканирование #1612 завершено. Найдено сетапов: 1
2026-04-03 00:47:26 | INFO     | scanner:_scan_loop:190 | ═══ Сканирование #1613 ═══
2026-04-03 00:47:57 | INFO     | scanner:_scan_loop:213 | Сканирование #1613 завершено. Найдено сетапов: 1
2026-04-03 00:48:57 | INFO     | scanner:_scan_loop:190 | ═══ Сканирование #1614 ═══
2026-04-03 00:49:28 | INFO     | scanner:_scan_loop:213 | Сканирование #1614 завершено. Найдено сетапов: 1
2026-04-03 00:50:28 | INFO     | scanner:_scan_loop:190 | ═══ Сканирование #1615 ═══
2026-04-03 00:51:01 | INFO     | scanner:_scan_loop:213 | Сканирование #1615 завершено. Найдено сетапов: 1
2026-04-03 00:52:01 | INFO     | scanner:_scan_loop:190 | ═══ Сканирование #1616 ═══
2026-04-03 00:52:31 | INFO     | scanner:_scan_loop:213 | Сканирование #1616 завершено. Найдено сетапов: 1
2026-04-03 00:53:31 | INFO     | scanner:_scan_loop:190 | ═══ Сканирование #1617 ═══
2026-04-03 00:54:01 | INFO     | scanner:_scan_loop:213 | Сканирование #1617 завершено. Найдено сетапов: 1
2026-04-03 00:55:01 | INFO     | scanner:_scan_loop:190 | ═══ Сканирование #1618 ═══
2026-04-03 00:55:35 | INFO     | scanner:_scan_loop:213 | Сканирование #1618 завершено. Найдено сетапов: 1
2026-04-03 00:56:35 | INFO     | scanner:_scan_loop:190 | ═══ Сканирование #1619 ═══
2026-04-03 00:57:14 | INFO     | scanner:_scan_loop:213 | Сканирование #1619 завершено. Найдено сетапов: 1
2026-04-03 00:58:14 | INFO     | scanner:_scan_loop:190 | ═══ Сканирование #1620 ═══
2026-04-03 00:58:50 | INFO     | scanner:_scan_loop:213 | Сканирование #1620 завершено. Найдено сетапов: 1
2026-04-03 00:59:50 | INFO     | scanner:_scan_loop:190 | ═══ Сканирование #1621 ═══
2026-04-03 01:00:03 | ERROR    | scanner:get_klines:88 | Ошибка загрузки данных OPUSDT 5: 'x-bapi-limit-reset-timestamp'
2026-04-03 01:00:04 | ERROR    | scanner:get_klines:88 | Ошибка загрузки данных NEARUSDT 5: 'x-bapi-limit-reset-timestamp'
2026-04-03 01:00:07 | ERROR    | scanner:get_klines:88 | Ошибка загрузки данных JUPUSDT 15: 'x-bapi-limit-reset-timestamp'
2026-04-03 01:00:09 | ERROR    | scanner:get_klines:88 | Ошибка загрузки данных STXUSDT 5: 'x-bapi-limit-reset-timestamp'
2026-04-03 01:00:11 | ERROR    | scanner:get_klines:88 | Ошибка загрузки данных TRXUSDT 15: 'x-bapi-limit-reset-timestamp'
2026-04-03 01:00:13 | ERROR    | scanner:get_klines:88 | Ошибка загрузки данных AAVEUSDT 5: 'x-bapi-limit-reset-timestamp'
2026-04-03 01:00:15 | ERROR    | scanner:get_klines:88 | Ошибка загрузки данных DYDXUSDT 15: 'x-bapi-limit-reset-timestamp'
2026-04-03 01:00:20 | INFO     | scanner:_scan_loop:213 | Сканирование #1621 завершено. Найдено сетапов: 1
2026-04-03 01:01:20 | INFO     | scanner:_scan_loop:190 | ═══ Сканирование #1622 ═══
2026-04-03 01:01:52 | INFO     | scanner:_scan_loop:213 | Сканирование #1622 завершено. Найдено сетапов: 1
2026-04-03 01:02:52 | INFO     | scanner:_scan_loop:190 | ═══ Сканирование #1623 ═══
2026-04-03 01:03:23 | INFO     | scanner:_scan_loop:213 | Сканирование #1623 завершено. Найдено сетапов: 1
2026-04-03 01:04:23 | INFO     | scanner:_scan_loop:190 | ═══ Сканирование #1624 ═══
2026-04-03 01:04:54 | INFO     | scanner:_scan_loop:213 | Сканирование #1624 завершено. Найдено сетапов: 1
2026-04-03 01:05:54 | INFO     | scanner:_scan_loop:190 | ═══ Сканирование #1625 ═══
2026-04-03 01:06:24 | INFO     | scanner:_scan_loop:213 | Сканирование #1625 завершено. Найдено сетапов: 1
2026-04-03 01:07:24 | INFO     | scanner:_scan_loop:190 | ═══ Сканирование #1626 ═══
2026-04-03 01:07:55 | INFO     | scanner:_scan_loop:213 | Сканирование #1626 завершено. Найдено сетапов: 1
2026-04-03 01:08:55 | INFO     | scanner:_scan_loop:190 | ═══ Сканирование #1627 ═══
2026-04-03 01:09:27 | INFO     | scanner:_scan_loop:213 | Сканирование #1627 завершено. Найдено сетапов: 1
2026-04-03 01:10:27 | INFO     | scanner:_scan_loop:190 | ═══ Сканирование #1628 ═══
2026-04-03 01:10:57 | INFO     | scanner:_scan_loop:213 | Сканирование #1628 завершено. Найдено сетапов: 1
2026-04-03 01:11:57 | INFO     | scanner:_scan_loop:190 | ═══ Сканирование #1629 ═══
2026-04-03 01:12:35 | INFO     | scanner:_scan_loop:213 | Сканирование #1629 завершено. Найдено сетапов: 1
2026-04-03 01:13:35 | INFO     | scanner:_scan_loop:190 | ═══ Сканирование #1630 ═══
2026-04-03 01:14:11 | INFO     | scanner:_scan_loop:213 | Сканирование #1630 завершено. Найдено сетапов: 1
2026-04-03 01:15:11 | INFO     | scanner:_scan_loop:190 | ═══ Сканирование #1631 ═══
2026-04-03 01:15:44 | INFO     | scanner:_scan_loop:213 | Сканирование #1631 завершено. Найдено сетапов: 1
2026-04-03 01:16:44 | INFO     | scanner:_scan_loop:190 | ═══ Сканирование #1632 ═══
2026-04-03 01:17:17 | INFO     | scanner:_scan_loop:213 | Сканирование #1632 завершено. Найдено сетапов: 1
2026-04-03 01:18:17 | INFO     | scanner:_scan_loop:190 | ═══ Сканирование #1633 ═══
2026-04-03 01:18:48 | INFO     | scanner:_scan_loop:213 | Сканирование #1633 завершено. Найдено сетапов: 1
2026-04-03 01:19:48 | INFO     | scanner:_scan_loop:190 | ═══ Сканирование #1634 ═══
2026-04-03 01:20:18 | INFO     | scanner:_scan_loop:213 | Сканирование #1634 завершено. Найдено сетапов: 1
2026-04-03 01:21:18 | INFO     | scanner:_scan_loop:190 | ═══ Сканирование #1635 ═══
2026-04-03 01:21:46 | INFO     | scanner:_scan_loop:213 | Сканирование #1635 завершено. Найдено сетапов: 1
2026-04-03 01:22:46 | INFO     | scanner:_scan_loop:190 | ═══ Сканирование #1636 ═══
2026-04-03 01:23:14 | INFO     | scanner:_scan_loop:213 | Сканирование #1636 завершено. Найдено сетапов: 1
2026-04-03 01:24:14 | INFO     | scanner:_scan_loop:190 | ═══ Сканирование #1637 ═══
2026-04-03 01:24:43 | INFO     | scanner:_scan_loop:213 | Сканирование #1637 завершено. Найдено сетапов: 1
2026-04-03 01:25:43 | INFO     | scanner:_scan_loop:190 | ═══ Сканирование #1638 ═══
2026-04-03 01:26:12 | INFO     | scanner:_scan_loop:213 | Сканирование #1638 завершено. Найдено сетапов: 1
2026-04-03 01:27:12 | INFO     | scanner:_scan_loop:190 | ═══ Сканирование #1639 ═══
2026-04-03 01:27:49 | INFO     | scanner:_scan_loop:213 | Сканирование #1639 завершено. Найдено сетапов: 1
2026-04-03 01:28:49 | INFO     | scanner:_scan_loop:190 | ═══ Сканирование #1640 ═══
2026-04-03 01:29:21 | INFO     | scanner:_scan_loop:213 | Сканирование #1640 завершено. Найдено сетапов: 1
2026-04-03 01:30:21 | INFO     | scanner:_scan_loop:190 | ═══ Сканирование #1641 ═══
2026-04-03 01:30:51 | INFO     | scanner:_scan_loop:213 | Сканирование #1641 завершено. Найдено сетапов: 1
2026-04-03 01:31:51 | INFO     | scanner:_scan_loop:190 | ═══ Сканирование #1642 ═══
2026-04-03 01:32:21 | INFO     | scanner:_scan_loop:213 | Сканирование #1642 завершено. Найдено сетапов: 1
2026-04-03 01:33:21 | INFO     | scanner:_scan_loop:190 | ═══ Сканирование #1643 ═══
2026-04-03 01:33:53 | INFO     | scanner:_scan_loop:213 | Сканирование #1643 завершено. Найдено сетапов: 1
2026-04-03 01:34:53 | INFO     | scanner:_scan_loop:190 | ═══ Сканирование #1644 ═══
2026-04-03 01:35:25 | INFO     | scanner:_scan_loop:213 | Сканирование #1644 завершено. Найдено сетапов: 1
2026-04-03 01:36:25 | INFO     | scanner:_scan_loop:190 | ═══ Сканирование #1645 ═══
2026-04-03 01:36:55 | INFO     | scanner:_scan_loop:213 | Сканирование #1645 завершено. Найдено сетапов: 1
2026-04-03 01:37:55 | INFO     | scanner:_scan_loop:190 | ═══ Сканирование #1646 ═══
2026-04-03 01:38:24 | INFO     | scanner:_scan_loop:213 | Сканирование #1646 завершено. Найдено сетапов: 1
2026-04-03 01:39:24 | INFO     | scanner:_scan_loop:190 | ═══ Сканирование #1647 ═══
2026-04-03 01:39:55 | INFO     | scanner:_scan_loop:213 | Сканирование #1647 завершено. Найдено сетапов: 1
2026-04-03 01:40:55 | INFO     | scanner:_scan_loop:190 | ═══ Сканирование #1648 ═══
2026-04-03 01:41:25 | INFO     | scanner:_scan_loop:213 | Сканирование #1648 завершено. Найдено сетапов: 1
2026-04-03 01:42:25 | INFO     | scanner:_scan_loop:190 | ═══ Сканирование #1649 ═══
2026-04-03 01:43:02 | INFO     | scanner:_scan_loop:213 | Сканирование #1649 завершено. Найдено сетапов: 1
2026-04-03 01:44:02 | INFO     | scanner:_scan_loop:190 | ═══ Сканирование #1650 ═══
2026-04-03 01:44:32 | INFO     | scanner:_scan_loop:213 | Сканирование #1650 завершено. Найдено сетапов: 1
2026-04-03 01:45:32 | INFO     | scanner:_scan_loop:190 | ═══ Сканирование #1651 ═══
2026-04-03 01:46:04 | INFO     | scanner:_scan_loop:213 | Сканирование #1651 завершено. Найдено сетапов: 1
2026-04-03 01:47:04 | INFO     | scanner:_scan_loop:190 | ═══ Сканирование #1652 ═══
2026-04-03 01:47:32 | INFO     | scanner:_scan_loop:213 | Сканирование #1652 завершено. Найдено сетапов: 1
2026-04-03 01:48:33 | INFO     | scanner:_scan_loop:190 | ═══ Сканирование #1653 ═══
2026-04-03 01:49:01 | INFO     | scanner:_scan_loop:213 | Сканирование #1653 завершено. Найдено сетапов: 1
2026-04-03 01:50:01 | INFO     | scanner:_scan_loop:190 | ═══ Сканирование #1654 ═══
2026-04-03 01:50:30 | INFO     | scanner:_scan_loop:213 | Сканирование #1654 завершено. Найдено сетапов: 1
2026-04-03 01:51:30 | INFO     | scanner:_scan_loop:190 | ═══ Сканирование #1655 ═══
2026-04-03 01:51:58 | INFO     | scanner:_scan_loop:213 | Сканирование #1655 завершено. Найдено сетапов: 1
2026-04-03 01:52:58 | INFO     | scanner:_scan_loop:190 | ═══ Сканирование #1656 ═══
2026-04-03 01:53:28 | INFO     | scanner:_scan_loop:213 | Сканирование #1656 завершено. Найдено сетапов: 1
2026-04-03 01:54:28 | INFO     | scanner:_scan_loop:190 | ═══ Сканирование #1657 ═══
2026-04-03 01:54:56 | INFO     | scanner:_scan_loop:213 | Сканирование #1657 завершено. Найдено сетапов: 1
2026-04-03 01:55:56 | INFO     | scanner:_scan_loop:190 | ═══ Сканирование #1658 ═══
2026-04-03 01:56:24 | INFO     | scanner:_scan_loop:213 | Сканирование #1658 завершено. Найдено сетапов: 1
2026-04-03 01:57:24 | INFO     | scanner:_scan_loop:190 | ═══ Сканирование #1659 ═══
2026-04-03 01:57:54 | INFO     | scanner:_scan_loop:213 | Сканирование #1659 завершено. Найдено сетапов: 1
2026-04-03 01:58:54 | INFO     | scanner:_scan_loop:190 | ═══ Сканирование #1660 ═══
2026-04-03 01:59:31 | INFO     | scanner:_scan_loop:213 | Сканирование #1660 завершено. Найдено сетапов: 1
2026-04-03 02:00:31 | INFO     | scanner:_scan_loop:190 | ═══ Сканирование #1661 ═══
2026-04-03 02:01:01 | INFO     | scanner:_scan_loop:213 | Сканирование #1661 завершено. Найдено сетапов: 1
2026-04-03 02:02:01 | INFO     | scanner:_scan_loop:190 | ═══ Сканирование #1662 ═══
2026-04-03 02:02:31 | INFO     | scanner:_scan_loop:213 | Сканирование #1662 завершено. Найдено сетапов: 1
2026-04-03 02:03:31 | INFO     | scanner:_scan_loop:190 | ═══ Сканирование #1663 ═══
2026-04-03 02:04:00 | INFO     | scanner:_scan_loop:213 | Сканирование #1663 завершено. Найдено сетапов: 1
2026-04-03 02:05:00 | INFO     | scanner:_scan_loop:190 | ═══ Сканирование #1664 ═══
2026-04-03 02:05:33 | INFO     | scanner:_scan_loop:213 | Сканирование #1664 завершено. Найдено сетапов: 1
2026-04-03 02:06:33 | INFO     | scanner:_scan_loop:190 | ═══ Сканирование #1665 ═══
2026-04-03 02:07:04 | INFO     | scanner:_scan_loop:213 | Сканирование #1665 завершено. Найдено сетапов: 1
2026-04-03 02:08:04 | INFO     | scanner:_scan_loop:190 | ═══ Сканирование #1666 ═══
2026-04-03 02:08:32 | INFO     | scanner:_scan_loop:213 | Сканирование #1666 завершено. Найдено сетапов: 1
2026-04-03 02:09:32 | INFO     | scanner:_scan_loop:190 | ═══ Сканирование #1667 ═══
2026-04-03 02:10:02 | INFO     | scanner:_scan_loop:213 | Сканирование #1667 завершено. Найдено сетапов: 1
2026-04-03 02:11:02 | INFO     | scanner:_scan_loop:190 | ═══ Сканирование #1668 ═══
2026-04-03 02:11:33 | INFO     | scanner:_scan_loop:213 | Сканирование #1668 завершено. Найдено сетапов: 1
2026-04-03 02:12:33 | INFO     | scanner:_scan_loop:190 | ═══ Сканирование #1669 ═══
2026-04-03 02:13:03 | INFO     | scanner:_scan_loop:213 | Сканирование #1669 завершено. Найдено сетапов: 1
2026-04-03 02:14:03 | INFO     | scanner:_scan_loop:190 | ═══ Сканирование #1670 ═══
2026-04-03 02:14:41 | INFO     | scanner:_scan_loop:213 | Сканирование #1670 завершено. Найдено сетапов: 1
2026-04-03 02:15:41 | INFO     | scanner:_scan_loop:190 | ═══ Сканирование #1671 ═══
2026-04-03 02:16:14 | INFO     | scanner:_scan_loop:213 | Сканирование #1671 завершено. Найдено сетапов: 1
2026-04-03 02:17:14 | INFO     | scanner:_scan_loop:190 | ═══ Сканирование #1672 ═══
2026-04-03 02:17:43 | INFO     | scanner:_scan_loop:213 | Сканирование #1672 завершено. Найдено сетапов: 1
2026-04-03 02:18:43 | INFO     | scanner:_scan_loop:190 | ═══ Сканирование #1673 ═══
2026-04-03 02:19:11 | INFO     | scanner:_scan_loop:213 | Сканирование #1673 завершено. Найдено сетапов: 1
2026-04-03 02:20:11 | INFO     | scanner:_scan_loop:190 | ═══ Сканирование #1674 ═══
2026-04-03 02:20:40 | INFO     | scanner:_scan_loop:213 | Сканирование #1674 завершено. Найдено сетапов: 1
2026-04-03 02:21:40 | INFO     | scanner:_scan_loop:190 | ═══ Сканирование #1675 ═══
2026-04-03 02:22:12 | INFO     | scanner:_scan_loop:213 | Сканирование #1675 завершено. Найдено сетапов: 1
2026-04-03 02:23:12 | INFO     | scanner:_scan_loop:190 | ═══ Сканирование #1676 ═══
2026-04-03 02:23:42 | INFO     | scanner:_scan_loop:213 | Сканирование #1676 завершено. Найдено сетапов: 1
2026-04-03 02:24:42 | INFO     | scanner:_scan_loop:190 | ═══ Сканирование #1677 ═══
2026-04-03 02:25:12 | INFO     | scanner:_scan_loop:213 | Сканирование #1677 завершено. Найдено сетапов: 1
2026-04-03 02:26:12 | INFO     | scanner:_scan_loop:190 | ═══ Сканирование #1678 ═══
2026-04-03 02:26:45 | INFO     | scanner:_scan_loop:213 | Сканирование #1678 завершено. Найдено сетапов: 1
2026-04-03 02:27:45 | INFO     | scanner:_scan_loop:190 | ═══ Сканирование #1679 ═══
2026-04-03 02:28:20 | INFO     | scanner:_scan_loop:213 | Сканирование #1679 завершено. Найдено сетапов: 1
2026-04-03 02:29:20 | INFO     | scanner:_scan_loop:190 | ═══ Сканирование #1680 ═══
2026-04-03 02:29:55 | INFO     | scanner:_scan_loop:213 | Сканирование #1680 завершено. Найдено сетапов: 1
2026-04-03 02:30:56 | INFO     | scanner:_scan_loop:190 | ═══ Сканирование #1681 ═══
2026-04-03 02:31:26 | INFO     | scanner:_scan_loop:213 | Сканирование #1681 завершено. Найдено сетапов: 1
2026-04-03 02:32:26 | INFO     | scanner:_scan_loop:190 | ═══ Сканирование #1682 ═══
2026-04-03 02:32:55 | INFO     | scanner:_scan_loop:213 | Сканирование #1682 завершено. Найдено сетапов: 1
2026-04-03 02:33:55 | INFO     | scanner:_scan_loop:190 | ═══ Сканирование #1683 ═══
2026-04-03 02:34:23 | INFO     | scanner:_scan_loop:213 | Сканирование #1683 завершено. Найдено сетапов: 1
2026-04-03 02:35:23 | INFO     | scanner:_scan_loop:190 | ═══ Сканирование #1684 ═══
2026-04-03 02:35:51 | INFO     | scanner:_scan_loop:213 | Сканирование #1684 завершено. Найдено сетапов: 1
2026-04-03 02:36:51 | INFO     | scanner:_scan_loop:190 | ═══ Сканирование #1685 ═══
2026-04-03 02:37:21 | INFO     | scanner:_scan_loop:213 | Сканирование #1685 завершено. Найдено сетапов: 1
2026-04-03 02:38:21 | INFO     | scanner:_scan_loop:190 | ═══ Сканирование #1686 ═══
2026-04-03 02:38:49 | INFO     | scanner:_scan_loop:213 | Сканирование #1686 завершено. Найдено сетапов: 1
2026-04-03 02:39:49 | INFO     | scanner:_scan_loop:190 | ═══ Сканирование #1687 ═══
2026-04-03 02:40:19 | INFO     | scanner:_scan_loop:213 | Сканирование #1687 завершено. Найдено сетапов: 1
2026-04-03 02:41:19 | INFO     | scanner:_scan_loop:190 | ═══ Сканирование #1688 ═══
2026-04-03 02:41:48 | INFO     | scanner:_scan_loop:213 | Сканирование #1688 завершено. Найдено сетапов: 1
2026-04-03 02:42:48 | INFO     | scanner:_scan_loop:190 | ═══ Сканирование #1689 ═══
2026-04-03 02:43:16 | INFO     | scanner:_scan_loop:213 | Сканирование #1689 завершено. Найдено сетапов: 1
2026-04-03 02:44:16 | INFO     | scanner:_scan_loop:190 | ═══ Сканирование #1690 ═══
2026-04-03 02:44:48 | INFO     | scanner:_scan_loop:213 | Сканирование #1690 завершено. Найдено сетапов: 1
2026-04-03 02:45:48 | INFO     | scanner:_scan_loop:190 | ═══ Сканирование #1691 ═══
2026-04-03 02:46:26 | INFO     | scanner:_scan_loop:213 | Сканирование #1691 завершено. Найдено сетапов: 1
2026-04-03 02:47:26 | INFO     | scanner:_scan_loop:190 | ═══ Сканирование #1692 ═══
2026-04-03 02:47:57 | INFO     | scanner:_scan_loop:213 | Сканирование #1692 завершено. Найдено сетапов: 1
2026-04-03 02:48:57 | INFO     | scanner:_scan_loop:190 | ═══ Сканирование #1693 ═══
2026-04-03 02:49:27 | INFO     | scanner:_scan_loop:213 | Сканирование #1693 завершено. Найдено сетапов: 1
2026-04-03 02:50:27 | INFO     | scanner:_scan_loop:190 | ═══ Сканирование #1694 ═══
2026-04-03 02:50:55 | INFO     | scanner:_scan_loop:213 | Сканирование #1694 завершено. Найдено сетапов: 1
2026-04-03 02:51:55 | INFO     | scanner:_scan_loop:190 | ═══ Сканирование #1695 ═══
2026-04-03 02:52:25 | INFO     | scanner:_scan_loop:213 | Сканирование #1695 завершено. Найдено сетапов: 1
2026-04-03 02:53:25 | INFO     | scanner:_scan_loop:190 | ═══ Сканирование #1696 ═══
2026-04-03 02:53:57 | INFO     | scanner:_scan_loop:213 | Сканирование #1696 завершено. Найдено сетапов: 1
2026-04-03 02:54:57 | INFO     | scanner:_scan_loop:190 | ═══ Сканирование #1697 ═══
2026-04-03 02:55:11 | ERROR    | scanner:get_klines:88 | Ошибка загрузки данных TIAUSDT 5: 'x-bapi-limit-reset-timestamp'
2026-04-03 02:55:26 | INFO     | scanner:_scan_loop:213 | Сканирование #1697 завершено. Найдено сетапов: 1
2026-04-03 02:56:26 | INFO     | scanner:_scan_loop:190 | ═══ Сканирование #1698 ═══
2026-04-03 02:56:54 | INFO     | scanner:_scan_loop:213 | Сканирование #1698 завершено. Найдено сетапов: 1
2026-04-03 02:57:54 | INFO     | scanner:_scan_loop:190 | ═══ Сканирование #1699 ═══
2026-04-03 02:58:25 | INFO     | scanner:_scan_loop:213 | Сканирование #1699 завершено. Найдено сетапов: 1
2026-04-03 02:59:25 | INFO     | scanner:_scan_loop:190 | ═══ Сканирование #1700 ═══
2026-04-03 02:59:54 | INFO     | scanner:_scan_loop:213 | Сканирование #1700 завершено. Найдено сетапов: 1
2026-04-03 03:00:04 | INFO     | risk_manager:_check_new_day:57 | Новый торговый день: 2026-04-03
2026-04-03 03:00:06 | DEBUG    | telegram_bot:send_message:50 | Сообщение отправлено в Telegram
2026-04-03 03:00:54 | INFO     | scanner:_scan_loop:190 | ═══ Сканирование #1701 ═══
2026-04-03 03:01:30 | INFO     | risk_manager:open_trade:119 | Открыта сделка: BLURUSDT LONG @ 0.019673 | SL=0.019410102000000002 | плечо=5x
2026-04-03 03:01:30 | INFO     | position_tracker:add_position:53 | Позиция добавлена: BLURUSDT LONG
2026-04-03 03:01:32 | DEBUG    | telegram_bot:send_message:50 | Сообщение отправлено в Telegram
2026-04-03 03:01:32 | INFO     | scanner:_scan_loop:213 | Сканирование #1701 завершено. Найдено сетапов: 1
2026-04-03 03:02:32 | INFO     | scanner:_scan_loop:190 | ═══ Сканирование #1702 ═══
2026-04-03 03:03:05 | INFO     | scanner:_scan_loop:213 | Сканирование #1702 завершено. Найдено сетапов: 0
2026-04-03 03:04:05 | INFO     | scanner:_scan_loop:190 | ═══ Сканирование #1703 ═══
2026-04-03 03:04:36 | INFO     | scanner:_scan_loop:213 | Сканирование #1703 завершено. Найдено сетапов: 0
2026-04-03 03:05:36 | INFO     | scanner:_scan_loop:190 | ═══ Сканирование #1704 ═══
2026-04-03 03:06:05 | INFO     | scanner:_scan_loop:213 | Сканирование #1704 завершено. Найдено сетапов: 0
2026-04-03 03:07:05 | INFO     | scanner:_scan_loop:190 | ═══ Сканирование #1705 ═══
2026-04-03 03:07:35 | INFO     | scanner:_scan_loop:213 | Сканирование #1705 завершено. Найдено сетапов: 0
2026-04-03 03:08:35 | INFO     | scanner:_scan_loop:190 | ═══ Сканирование #1706 ═══
2026-04-03 03:09:04 | INFO     | scanner:_scan_loop:213 | Сканирование #1706 завершено. Найдено сетапов: 0
2026-04-03 03:10:04 | INFO     | scanner:_scan_loop:190 | ═══ Сканирование #1707 ═══
2026-04-03 03:10:33 | INFO     | scanner:_scan_loop:213 | Сканирование #1707 завершено. Найдено сетапов: 0
2026-04-03 03:11:33 | INFO     | scanner:_scan_loop:190 | ═══ Сканирование #1708 ═══
2026-04-03 03:12:02 | INFO     | scanner:_scan_loop:213 | Сканирование #1708 завершено. Найдено сетапов: 0
2026-04-03 03:13:02 | INFO     | scanner:_scan_loop:190 | ═══ Сканирование #1709 ═══
2026-04-03 03:13:31 | INFO     | scanner:_scan_loop:213 | Сканирование #1709 завершено. Найдено сетапов: 0
2026-04-03 03:14:31 | INFO     | scanner:_scan_loop:190 | ═══ Сканирование #1710 ═══
2026-04-03 03:15:02 | INFO     | scanner:_scan_loop:213 | Сканирование #1710 завершено. Найдено сетапов: 0
2026-04-03 03:16:02 | INFO     | scanner:_scan_loop:190 | ═══ Сканирование #1711 ═══
2026-04-03 03:16:40 | INFO     | scanner:_scan_loop:213 | Сканирование #1711 завершено. Найдено сетапов: 0
2026-04-03 03:17:40 | INFO     | scanner:_scan_loop:190 | ═══ Сканирование #1712 ═══
2026-04-03 03:18:11 | INFO     | scanner:_scan_loop:213 | Сканирование #1712 завершено. Найдено сетапов: 0
2026-04-03 03:19:11 | INFO     | scanner:_scan_loop:190 | ═══ Сканирование #1713 ═══
2026-04-03 03:19:41 | INFO     | scanner:_scan_loop:213 | Сканирование #1713 завершено. Найдено сетапов: 0
2026-04-03 03:20:41 | INFO     | scanner:_scan_loop:190 | ═══ Сканирование #1714 ═══
2026-04-03 03:21:11 | INFO     | scanner:_scan_loop:213 | Сканирование #1714 завершено. Найдено сетапов: 0
2026-04-03 03:22:11 | INFO     | scanner:_scan_loop:190 | ═══ Сканирование #1715 ═══
2026-04-03 03:22:43 | INFO     | scanner:_scan_loop:213 | Сканирование #1715 завершено. Найдено сетапов: 0
2026-04-03 03:23:43 | INFO     | scanner:_scan_loop:190 | ═══ Сканирование #1716 ═══
2026-04-03 03:24:12 | INFO     | scanner:_scan_loop:213 | Сканирование #1716 завершено. Найдено сетапов: 0
2026-04-03 03:25:12 | INFO     | scanner:_scan_loop:190 | ═══ Сканирование #1717 ═══
2026-04-03 03:25:42 | INFO     | scanner:_scan_loop:213 | Сканирование #1717 завершено. Найдено сетапов: 0
2026-04-03 03:26:42 | INFO     | scanner:_scan_loop:190 | ═══ Сканирование #1718 ═══
2026-04-03 03:27:13 | INFO     | scanner:_scan_loop:213 | Сканирование #1718 завершено. Найдено сетапов: 0
2026-04-03 03:28:13 | INFO     | scanner:_scan_loop:190 | ═══ Сканирование #1719 ═══
2026-04-03 03:28:44 | INFO     | scanner:_scan_loop:213 | Сканирование #1719 завершено. Найдено сетапов: 0
2026-04-03 03:29:44 | INFO     | scanner:_scan_loop:190 | ═══ Сканирование #1720 ═══
2026-04-03 03:30:14 | INFO     | scanner:_scan_loop:213 | Сканирование #1720 завершено. Найдено сетапов: 0
2026-04-03 03:31:14 | INFO     | scanner:_scan_loop:190 | ═══ Сканирование #1721 ═══
2026-04-03 03:31:53 | INFO     | scanner:_scan_loop:213 | Сканирование #1721 завершено. Найдено сетапов: 1
2026-04-03 03:32:53 | INFO     | scanner:_scan_loop:190 | ═══ Сканирование #1722 ═══
2026-04-03 03:32:55 | INFO     | risk_manager:close_trade:157 | Закрыта сделка: BLURUSDT stopped @ 0.019405 P&L: -1.36% (депозит: -2.55%)
2026-04-03 03:32:57 | DEBUG    | telegram_bot:send_message:50 | Сообщение отправлено в Telegram
2026-04-03 03:33:26 | INFO     | scanner:_scan_loop:213 | Сканирование #1722 завершено. Найдено сетапов: 1
2026-04-03 03:34:26 | INFO     | scanner:_scan_loop:190 | ═══ Сканирование #1723 ═══
2026-04-03 03:34:57 | INFO     | scanner:_scan_loop:213 | Сканирование #1723 завершено. Найдено сетапов: 1
2026-04-03 03:35:57 | INFO     | scanner:_scan_loop:190 | ═══ Сканирование #1724 ═══
2026-04-03 03:36:26 | INFO     | scanner:_scan_loop:213 | Сканирование #1724 завершено. Найдено сетапов: 1
2026-04-03 03:37:26 | INFO     | scanner:_scan_loop:190 | ═══ Сканирование #1725 ═══
2026-04-03 03:37:57 | INFO     | scanner:_scan_loop:213 | Сканирование #1725 завершено. Найдено сетапов: 1
2026-04-03 03:38:57 | INFO     | scanner:_scan_loop:190 | ═══ Сканирование #1726 ═══
2026-04-03 03:39:28 | INFO     | scanner:_scan_loop:213 | Сканирование #1726 завершено. Найдено сетапов: 1
2026-04-03 03:40:28 | INFO     | scanner:_scan_loop:190 | ═══ Сканирование #1727 ═══
2026-04-03 03:40:59 | INFO     | scanner:_scan_loop:213 | Сканирование #1727 завершено. Найдено сетапов: 1
2026-04-03 03:41:59 | INFO     | scanner:_scan_loop:190 | ═══ Сканирование #1728 ═══
2026-04-03 03:42:29 | INFO     | scanner:_scan_loop:213 | Сканирование #1728 завершено. Найдено сетапов: 1
2026-04-03 03:43:29 | INFO     | scanner:_scan_loop:190 | ═══ Сканирование #1729 ═══
2026-04-03 03:44:02 | INFO     | scanner:_scan_loop:213 | Сканирование #1729 завершено. Найдено сетапов: 1
2026-04-03 03:45:02 | INFO     | scanner:_scan_loop:190 | ═══ Сканирование #1730 ═══
2026-04-03 03:45:06 | ERROR    | scanner:get_klines:88 | Ошибка загрузки данных SOLUSDT 5: 'x-bapi-limit-reset-timestamp'
2026-04-03 03:45:10 | ERROR    | scanner:get_klines:88 | Ошибка загрузки данных DOTUSDT 15: 'x-bapi-limit-reset-timestamp'
2026-04-03 03:45:34 | INFO     | scanner:_scan_loop:213 | Сканирование #1730 завершено. Найдено сетапов: 1
2026-04-03 03:46:34 | INFO     | scanner:_scan_loop:190 | ═══ Сканирование #1731 ═══
2026-04-03 03:47:14 | INFO     | scanner:_scan_loop:213 | Сканирование #1731 завершено. Найдено сетапов: 1
2026-04-03 03:48:14 | INFO     | scanner:_scan_loop:190 | ═══ Сканирование #1732 ═══
2026-04-03 03:48:46 | INFO     | scanner:_scan_loop:213 | Сканирование #1732 завершено. Найдено сетапов: 1
2026-04-03 03:49:46 | INFO     | scanner:_scan_loop:190 | ═══ Сканирование #1733 ═══
2026-04-03 03:50:18 | INFO     | scanner:_scan_loop:213 | Сканирование #1733 завершено. Найдено сетапов: 1
2026-04-03 03:51:18 | INFO     | scanner:_scan_loop:190 | ═══ Сканирование #1734 ═══
2026-04-03 03:51:46 | INFO     | scanner:_scan_loop:213 | Сканирование #1734 завершено. Найдено сетапов: 1
2026-04-03 03:52:46 | INFO     | scanner:_scan_loop:190 | ═══ Сканирование #1735 ═══
2026-04-03 03:53:17 | INFO     | scanner:_scan_loop:213 | Сканирование #1735 завершено. Найдено сетапов: 1
2026-04-03 03:54:17 | INFO     | scanner:_scan_loop:190 | ═══ Сканирование #1736 ═══
2026-04-03 03:54:47 | INFO     | scanner:_scan_loop:213 | Сканирование #1736 завершено. Найдено сетапов: 1
2026-04-03 03:55:47 | INFO     | scanner:_scan_loop:190 | ═══ Сканирование #1737 ═══
2026-04-03 03:56:18 | INFO     | scanner:_scan_loop:213 | Сканирование #1737 завершено. Найдено сетапов: 1
2026-04-03 03:57:18 | INFO     | scanner:_scan_loop:190 | ═══ Сканирование #1738 ═══
2026-04-03 03:57:48 | INFO     | scanner:_scan_loop:213 | Сканирование #1738 завершено. Найдено сетапов: 1
2026-04-03 03:58:48 | INFO     | scanner:_scan_loop:190 | ═══ Сканирование #1739 ═══
2026-04-03 03:59:19 | INFO     | scanner:_scan_loop:213 | Сканирование #1739 завершено. Найдено сетапов: 1
2026-04-03 04:00:19 | INFO     | scanner:_scan_loop:190 | ═══ Сканирование #1740 ═══
2026-04-03 04:00:23 | ERROR    | scanner:get_klines:88 | Ошибка загрузки данных XRPUSDT 15: 'x-bapi-limit-reset-timestamp'
2026-04-03 04:00:23 | ERROR    | scanner:get_klines:88 | Ошибка загрузки данных XRPUSDT 5: 'x-bapi-limit-reset-timestamp'
2026-04-03 04:00:30 | ERROR    | scanner:get_klines:88 | Ошибка загрузки данных ARBUSDT 5: 'x-bapi-limit-reset-timestamp'
2026-04-03 04:00:33 | ERROR    | scanner:get_klines:88 | Ошибка загрузки данных TIAUSDT 5: 'x-bapi-limit-reset-timestamp'
2026-04-03 04:00:48 | INFO     | scanner:_scan_loop:213 | Сканирование #1740 завершено. Найдено сетапов: 1
2026-04-03 04:01:48 | INFO     | scanner:_scan_loop:190 | ═══ Сканирование #1741 ═══
2026-04-03 04:02:26 | INFO     | scanner:_scan_loop:213 | Сканирование #1741 завершено. Найдено сетапов: 1
2026-04-03 04:03:26 | INFO     | scanner:_scan_loop:190 | ═══ Сканирование #1742 ═══
2026-04-03 04:03:58 | INFO     | scanner:_scan_loop:213 | Сканирование #1742 завершено. Найдено сетапов: 1
2026-04-03 04:04:58 | INFO     | scanner:_scan_loop:190 | ═══ Сканирование #1743 ═══
2026-04-03 04:05:30 | INFO     | scanner:_scan_loop:213 | Сканирование #1743 завершено. Найдено сетапов: 1
2026-04-03 04:06:30 | INFO     | scanner:_scan_loop:190 | ═══ Сканирование #1744 ═══
2026-04-03 04:06:59 | INFO     | scanner:_scan_loop:213 | Сканирование #1744 завершено. Найдено сетапов: 1
2026-04-03 04:07:59 | INFO     | scanner:_scan_loop:190 | ═══ Сканирование #1745 ═══
2026-04-03 04:08:31 | INFO     | scanner:_scan_loop:213 | Сканирование #1745 завершено. Найдено сетапов: 1
2026-04-03 04:09:31 | INFO     | scanner:_scan_loop:190 | ═══ Сканирование #1746 ═══
2026-04-03 04:10:03 | INFO     | scanner:_scan_loop:213 | Сканирование #1746 завершено. Найдено сетапов: 1
2026-04-03 04:11:03 | INFO     | scanner:_scan_loop:190 | ═══ Сканирование #1747 ═══
2026-04-03 04:11:34 | INFO     | scanner:_scan_loop:213 | Сканирование #1747 завершено. Найдено сетапов: 1
2026-04-03 04:12:34 | INFO     | scanner:_scan_loop:190 | ═══ Сканирование #1748 ═══
2026-04-03 04:13:04 | INFO     | scanner:_scan_loop:213 | Сканирование #1748 завершено. Найдено сетапов: 1
2026-04-03 04:14:05 | INFO     | scanner:_scan_loop:190 | ═══ Сканирование #1749 ═══
2026-04-03 04:14:35 | INFO     | scanner:_scan_loop:213 | Сканирование #1749 завершено. Найдено сетапов: 1
2026-04-03 04:15:35 | INFO     | scanner:_scan_loop:190 | ═══ Сканирование #1750 ═══
2026-04-03 04:16:06 | INFO     | scanner:_scan_loop:213 | Сканирование #1750 завершено. Найдено сетапов: 1
2026-04-03 04:17:06 | INFO     | scanner:_scan_loop:190 | ═══ Сканирование #1751 ═══
2026-04-03 04:17:42 | INFO     | scanner:_scan_loop:213 | Сканирование #1751 завершено. Найдено сетапов: 1
2026-04-03 04:18:42 | INFO     | scanner:_scan_loop:190 | ═══ Сканирование #1752 ═══
2026-04-03 04:19:18 | INFO     | scanner:_scan_loop:213 | Сканирование #1752 завершено. Найдено сетапов: 1
2026-04-03 04:20:18 | INFO     | scanner:_scan_loop:190 | ═══ Сканирование #1753 ═══
2026-04-03 04:20:46 | INFO     | scanner:_scan_loop:213 | Сканирование #1753 завершено. Найдено сетапов: 1
2026-04-03 04:21:46 | INFO     | scanner:_scan_loop:190 | ═══ Сканирование #1754 ═══
2026-04-03 04:22:18 | INFO     | scanner:_scan_loop:213 | Сканирование #1754 завершено. Найдено сетапов: 1
2026-04-03 04:23:18 | INFO     | scanner:_scan_loop:190 | ═══ Сканирование #1755 ═══
2026-04-03 04:23:48 | INFO     | scanner:_scan_loop:213 | Сканирование #1755 завершено. Найдено сетапов: 1
2026-04-03 04:24:48 | INFO     | scanner:_scan_loop:190 | ═══ Сканирование #1756 ═══
2026-04-03 04:25:19 | INFO     | scanner:_scan_loop:213 | Сканирование #1756 завершено. Найдено сетапов: 1
2026-04-03 04:26:19 | INFO     | scanner:_scan_loop:190 | ═══ Сканирование #1757 ═══
2026-04-03 04:26:50 | INFO     | scanner:_scan_loop:213 | Сканирование #1757 завершено. Найдено сетапов: 1
2026-04-03 04:27:50 | INFO     | scanner:_scan_loop:190 | ═══ Сканирование #1758 ═══
2026-04-03 04:28:20 | INFO     | scanner:_scan_loop:213 | Сканирование #1758 завершено. Найдено сетапов: 1
2026-04-03 04:29:20 | INFO     | scanner:_scan_loop:190 | ═══ Сканирование #1759 ═══
2026-04-03 04:29:50 | INFO     | scanner:_scan_loop:213 | Сканирование #1759 завершено. Найдено сетапов: 1
2026-04-03 04:30:50 | INFO     | scanner:_scan_loop:190 | ═══ Сканирование #1760 ═══
2026-04-03 04:31:21 | INFO     | scanner:_scan_loop:213 | Сканирование #1760 завершено. Найдено сетапов: 1
2026-04-03 04:32:21 | INFO     | scanner:_scan_loop:190 | ═══ Сканирование #1761 ═══
2026-04-03 04:32:58 | INFO     | scanner:_scan_loop:213 | Сканирование #1761 завершено. Найдено сетапов: 1
2026-04-03 04:33:58 | INFO     | scanner:_scan_loop:190 | ═══ Сканирование #1762 ═══
2026-04-03 04:34:34 | INFO     | scanner:_scan_loop:213 | Сканирование #1762 завершено. Найдено сетапов: 1
2026-04-03 04:35:34 | INFO     | scanner:_scan_loop:190 | ═══ Сканирование #1763 ═══
2026-04-03 04:36:04 | INFO     | scanner:_scan_loop:213 | Сканирование #1763 завершено. Найдено сетапов: 1
2026-04-03 04:37:04 | INFO     | scanner:_scan_loop:190 | ═══ Сканирование #1764 ═══
2026-04-03 04:37:38 | INFO     | scanner:_scan_loop:213 | Сканирование #1764 завершено. Найдено сетапов: 1
2026-04-03 04:38:38 | INFO     | scanner:_scan_loop:190 | ═══ Сканирование #1765 ═══
2026-04-03 04:39:06 | INFO     | scanner:_scan_loop:213 | Сканирование #1765 завершено. Найдено сетапов: 1
2026-04-03 04:40:07 | INFO     | scanner:_scan_loop:190 | ═══ Сканирование #1766 ═══
2026-04-03 04:40:38 | INFO     | scanner:_scan_loop:213 | Сканирование #1766 завершено. Найдено сетапов: 1
2026-04-03 04:41:38 | INFO     | scanner:_scan_loop:190 | ═══ Сканирование #1767 ═══
2026-04-03 04:42:06 | INFO     | scanner:_scan_loop:213 | Сканирование #1767 завершено. Найдено сетапов: 1
2026-04-03 04:43:06 | INFO     | scanner:_scan_loop:190 | ═══ Сканирование #1768 ═══
2026-04-03 04:43:39 | INFO     | scanner:_scan_loop:213 | Сканирование #1768 завершено. Найдено сетапов: 1
2026-04-03 04:44:39 | INFO     | scanner:_scan_loop:190 | ═══ Сканирование #1769 ═══
2026-04-03 04:45:04 | ERROR    | scanner:get_klines:88 | Ошибка загрузки данных GMXUSDT 15: 'x-bapi-limit-reset-timestamp'
2026-04-03 04:45:05 | ERROR    | scanner:get_klines:88 | Ошибка загрузки данных PENDLEUSDT 5: 'x-bapi-limit-reset-timestamp'
2026-04-03 04:45:08 | ERROR    | scanner:get_klines:88 | Ошибка загрузки данных ENSUSDT 5: 'x-bapi-limit-reset-timestamp'
2026-04-03 04:45:09 | INFO     | scanner:_scan_loop:213 | Сканирование #1769 завершено. Найдено сетапов: 1
2026-04-03 04:46:09 | INFO     | scanner:_scan_loop:190 | ═══ Сканирование #1770 ═══
2026-04-03 04:46:41 | INFO     | scanner:_scan_loop:213 | Сканирование #1770 завершено. Найдено сетапов: 1
2026-04-03 04:47:41 | INFO     | scanner:_scan_loop:190 | ═══ Сканирование #1771 ═══
2026-04-03 04:48:17 | INFO     | scanner:_scan_loop:213 | Сканирование #1771 завершено. Найдено сетапов: 1
2026-04-03 04:49:17 | INFO     | scanner:_scan_loop:190 | ═══ Сканирование #1772 ═══
2026-04-03 04:49:53 | INFO     | scanner:_scan_loop:213 | Сканирование #1772 завершено. Найдено сетапов: 1
2026-04-03 04:50:53 | INFO     | scanner:_scan_loop:190 | ═══ Сканирование #1773 ═══
2026-04-03 04:51:23 | INFO     | scanner:_scan_loop:213 | Сканирование #1773 завершено. Найдено сетапов: 1
2026-04-03 04:52:23 | INFO     | scanner:_scan_loop:190 | ═══ Сканирование #1774 ═══
2026-04-03 04:52:55 | INFO     | scanner:_scan_loop:213 | Сканирование #1774 завершено. Найдено сетапов: 1
2026-04-03 04:53:55 | INFO     | scanner:_scan_loop:190 | ═══ Сканирование #1775 ═══
2026-04-03 04:54:27 | INFO     | scanner:_scan_loop:213 | Сканирование #1775 завершено. Найдено сетапов: 1
2026-04-03 04:55:27 | INFO     | scanner:_scan_loop:190 | ═══ Сканирование #1776 ═══
2026-04-03 04:55:58 | INFO     | scanner:_scan_loop:213 | Сканирование #1776 завершено. Найдено сетапов: 1
2026-04-03 04:56:58 | INFO     | scanner:_scan_loop:190 | ═══ Сканирование #1777 ═══
2026-04-03 04:57:30 | INFO     | scanner:_scan_loop:213 | Сканирование #1777 завершено. Найдено сетапов: 1
2026-04-03 04:58:30 | INFO     | scanner:_scan_loop:190 | ═══ Сканирование #1778 ═══
2026-04-03 04:59:02 | INFO     | scanner:_scan_loop:213 | Сканирование #1778 завершено. Найдено сетапов: 1
2026-04-03 05:00:02 | INFO     | scanner:_scan_loop:190 | ═══ Сканирование #1779 ═══
2026-04-03 05:00:04 | ERROR    | scanner:get_klines:88 | Ошибка загрузки данных ETHUSDT 5: 'x-bapi-limit-reset-timestamp'
2026-04-03 05:00:06 | ERROR    | scanner:get_klines:88 | Ошибка загрузки данных BNBUSDT 5: 'x-bapi-limit-reset-timestamp'
2026-04-03 05:00:09 | ERROR    | scanner:get_klines:88 | Ошибка загрузки данных AVAXUSDT 5: 'x-bapi-limit-reset-timestamp'
2026-04-03 05:00:09 | ERROR    | scanner:get_klines:88 | Ошибка загрузки данных DOTUSDT 5: 'x-bapi-limit-reset-timestamp'
2026-04-03 05:00:13 | ERROR    | scanner:get_klines:88 | Ошибка загрузки данных APTUSDT 15: 'x-bapi-limit-reset-timestamp'
2026-04-03 05:00:35 | INFO     | scanner:_scan_loop:213 | Сканирование #1779 завершено. Найдено сетапов: 1
2026-04-03 05:01:35 | INFO     | scanner:_scan_loop:190 | ═══ Сканирование #1780 ═══
2026-04-03 05:02:07 | INFO     | scanner:_scan_loop:213 | Сканирование #1780 завершено. Найдено сетапов: 1
2026-04-03 05:03:07 | INFO     | scanner:_scan_loop:190 | ═══ Сканирование #1781 ═══
2026-04-03 05:03:46 | INFO     | scanner:_scan_loop:213 | Сканирование #1781 завершено. Найдено сетапов: 1
2026-04-03 05:04:46 | INFO     | scanner:_scan_loop:190 | ═══ Сканирование #1782 ═══
2026-04-03 05:05:20 | INFO     | scanner:_scan_loop:213 | Сканирование #1782 завершено. Найдено сетапов: 1
2026-04-03 05:06:20 | INFO     | scanner:_scan_loop:190 | ═══ Сканирование #1783 ═══
2026-04-03 05:06:54 | INFO     | scanner:_scan_loop:213 | Сканирование #1783 завершено. Найдено сетапов: 1
2026-04-03 05:07:54 | INFO     | scanner:_scan_loop:190 | ═══ Сканирование #1784 ═══
2026-04-03 05:08:24 | INFO     | scanner:_scan_loop:213 | Сканирование #1784 завершено. Найдено сетапов: 1
2026-04-03 05:09:24 | INFO     | scanner:_scan_loop:190 | ═══ Сканирование #1785 ═══
2026-04-03 05:09:56 | INFO     | scanner:_scan_loop:213 | Сканирование #1785 завершено. Найдено сетапов: 1
2026-04-03 05:10:56 | INFO     | scanner:_scan_loop:190 | ═══ Сканирование #1786 ═══
2026-04-03 05:11:27 | INFO     | scanner:_scan_loop:213 | Сканирование #1786 завершено. Найдено сетапов: 1
2026-04-03 05:12:27 | INFO     | scanner:_scan_loop:190 | ═══ Сканирование #1787 ═══
2026-04-03 05:12:58 | INFO     | scanner:_scan_loop:213 | Сканирование #1787 завершено. Найдено сетапов: 1
2026-04-03 05:13:58 | INFO     | scanner:_scan_loop:190 | ═══ Сканирование #1788 ═══
2026-04-03 05:14:29 | INFO     | scanner:_scan_loop:213 | Сканирование #1788 завершено. Найдено сетапов: 1
2026-04-03 05:15:29 | INFO     | scanner:_scan_loop:190 | ═══ Сканирование #1789 ═══
2026-04-03 05:16:01 | INFO     | scanner:_scan_loop:213 | Сканирование #1789 завершено. Найдено сетапов: 1
2026-04-03 05:17:01 | INFO     | scanner:_scan_loop:190 | ═══ Сканирование #1790 ═══
2026-04-03 05:17:32 | INFO     | scanner:_scan_loop:213 | Сканирование #1790 завершено. Найдено сетапов: 1
2026-04-03 05:18:32 | INFO     | scanner:_scan_loop:190 | ═══ Сканирование #1791 ═══
2026-04-03 05:19:12 | INFO     | scanner:_scan_loop:213 | Сканирование #1791 завершено. Найдено сетапов: 1
2026-04-03 05:20:12 | INFO     | scanner:_scan_loop:190 | ═══ Сканирование #1792 ═══
2026-04-03 05:20:46 | INFO     | scanner:_scan_loop:213 | Сканирование #1792 завершено. Найдено сетапов: 1
2026-04-03 05:21:46 | INFO     | scanner:_scan_loop:190 | ═══ Сканирование #1793 ═══
2026-04-03 05:22:18 | INFO     | scanner:_scan_loop:213 | Сканирование #1793 завершено. Найдено сетапов: 1
2026-04-03 05:23:18 | INFO     | scanner:_scan_loop:190 | ═══ Сканирование #1794 ═══
2026-04-03 05:23:51 | INFO     | scanner:_scan_loop:213 | Сканирование #1794 завершено. Найдено сетапов: 1
2026-04-03 05:24:51 | INFO     | scanner:_scan_loop:190 | ═══ Сканирование #1795 ═══
2026-04-03 05:25:20 | INFO     | scanner:_scan_loop:213 | Сканирование #1795 завершено. Найдено сетапов: 1
2026-04-03 05:26:20 | INFO     | scanner:_scan_loop:190 | ═══ Сканирование #1796 ═══
2026-04-03 05:26:57 | INFO     | scanner:_scan_loop:213 | Сканирование #1796 завершено. Найдено сетапов: 1
2026-04-03 05:27:57 | INFO     | scanner:_scan_loop:190 | ═══ Сканирование #1797 ═══
2026-04-03 05:28:28 | INFO     | scanner:_scan_loop:213 | Сканирование #1797 завершено. Найдено сетапов: 1
2026-04-03 05:29:28 | INFO     | scanner:_scan_loop:190 | ═══ Сканирование #1798 ═══
2026-04-03 05:30:00 | INFO     | scanner:_scan_loop:213 | Сканирование #1798 завершено. Найдено сетапов: 1
2026-04-03 05:31:00 | INFO     | scanner:_scan_loop:190 | ═══ Сканирование #1799 ═══
2026-04-03 05:31:31 | INFO     | scanner:_scan_loop:213 | Сканирование #1799 завершено. Найдено сетапов: 1
2026-04-03 05:32:31 | INFO     | scanner:_scan_loop:190 | ═══ Сканирование #1800 ═══
2026-04-03 05:33:03 | INFO     | scanner:_scan_loop:213 | Сканирование #1800 завершено. Найдено сетапов: 1
2026-04-03 05:34:03 | INFO     | scanner:_scan_loop:190 | ═══ Сканирование #1801 ═══
2026-04-03 05:34:39 | INFO     | scanner:_scan_loop:213 | Сканирование #1801 завершено. Найдено сетапов: 1
2026-04-03 05:35:39 | INFO     | scanner:_scan_loop:190 | ═══ Сканирование #1802 ═══
2026-04-03 05:36:12 | INFO     | scanner:_scan_loop:213 | Сканирование #1802 завершено. Найдено сетапов: 1
2026-04-03 05:37:12 | INFO     | scanner:_scan_loop:190 | ═══ Сканирование #1803 ═══
2026-04-03 05:37:42 | INFO     | scanner:_scan_loop:213 | Сканирование #1803 завершено. Найдено сетапов: 1
2026-04-03 05:38:43 | INFO     | scanner:_scan_loop:190 | ═══ Сканирование #1804 ═══
2026-04-03 05:39:14 | INFO     | scanner:_scan_loop:213 | Сканирование #1804 завершено. Найдено сетапов: 1
2026-04-03 05:40:14 | INFO     | scanner:_scan_loop:190 | ═══ Сканирование #1805 ═══
2026-04-03 05:40:44 | INFO     | scanner:_scan_loop:213 | Сканирование #1805 завершено. Найдено сетапов: 1
2026-04-03 05:41:44 | INFO     | scanner:_scan_loop:190 | ═══ Сканирование #1806 ═══
2026-04-03 05:42:16 | INFO     | scanner:_scan_loop:213 | Сканирование #1806 завершено. Найдено сетапов: 1
2026-04-03 05:43:16 | INFO     | scanner:_scan_loop:190 | ═══ Сканирование #1807 ═══
2026-04-03 05:43:46 | INFO     | scanner:_scan_loop:213 | Сканирование #1807 завершено. Найдено сетапов: 1
2026-04-03 05:44:46 | INFO     | scanner:_scan_loop:190 | ═══ Сканирование #1808 ═══
2026-04-03 05:45:07 | ERROR    | scanner:get_klines:88 | Ошибка загрузки данных BCHUSDT 15: 'x-bapi-limit-reset-timestamp'
2026-04-03 05:45:17 | INFO     | scanner:_scan_loop:213 | Сканирование #1808 завершено. Найдено сетапов: 1
2026-04-03 05:46:17 | INFO     | scanner:_scan_loop:190 | ═══ Сканирование #1809 ═══
2026-04-03 05:46:47 | INFO     | scanner:_scan_loop:213 | Сканирование #1809 завершено. Найдено сетапов: 1
2026-04-03 05:47:47 | INFO     | scanner:_scan_loop:190 | ═══ Сканирование #1810 ═══
2026-04-03 05:48:21 | INFO     | scanner:_scan_loop:213 | Сканирование #1810 завершено. Найдено сетапов: 1
2026-04-03 05:49:21 | INFO     | scanner:_scan_loop:190 | ═══ Сканирование #1811 ═══
2026-04-03 05:49:58 | INFO     | scanner:_scan_loop:213 | Сканирование #1811 завершено. Найдено сетапов: 1
2026-04-03 05:50:59 | INFO     | scanner:_scan_loop:190 | ═══ Сканирование #1812 ═══
2026-04-03 05:51:32 | INFO     | scanner:_scan_loop:213 | Сканирование #1812 завершено. Найдено сетапов: 1
2026-04-03 05:52:32 | INFO     | scanner:_scan_loop:190 | ═══ Сканирование #1813 ═══
2026-04-03 05:53:03 | INFO     | scanner:_scan_loop:213 | Сканирование #1813 завершено. Найдено сетапов: 1
2026-04-03 05:54:03 | INFO     | scanner:_scan_loop:190 | ═══ Сканирование #1814 ═══
2026-04-03 05:54:34 | INFO     | scanner:_scan_loop:213 | Сканирование #1814 завершено. Найдено сетапов: 1
2026-04-03 05:55:34 | INFO     | scanner:_scan_loop:190 | ═══ Сканирование #1815 ═══
2026-04-03 05:56:04 | INFO     | scanner:_scan_loop:213 | Сканирование #1815 завершено. Найдено сетапов: 1
2026-04-03 05:57:04 | INFO     | scanner:_scan_loop:190 | ═══ Сканирование #1816 ═══
2026-04-03 05:57:35 | INFO     | scanner:_scan_loop:213 | Сканирование #1816 завершено. Найдено сетапов: 1
2026-04-03 05:58:35 | INFO     | scanner:_scan_loop:190 | ═══ Сканирование #1817 ═══
2026-04-03 05:59:05 | INFO     | scanner:_scan_loop:213 | Сканирование #1817 завершено. Найдено сетапов: 1
2026-04-03 06:00:05 | INFO     | scanner:_scan_loop:190 | ═══ Сканирование #1818 ═══
2026-04-03 06:00:05 | ERROR    | scanner:get_klines:88 | Ошибка загрузки данных BTCUSDT 15: 'x-bapi-limit-reset-timestamp'
2026-04-03 06:00:10 | ERROR    | scanner:get_klines:88 | Ошибка загрузки данных AVAXUSDT 5: 'x-bapi-limit-reset-timestamp'
2026-04-03 06:00:11 | ERROR    | scanner:get_klines:88 | Ошибка загрузки данных DOTUSDT 5: 'x-bapi-limit-reset-timestamp'
2026-04-03 06:00:18 | ERROR    | scanner:get_klines:88 | Ошибка загрузки данных SUIUSDT 15: 'x-bapi-limit-reset-timestamp'
2026-04-03 06:00:20 | ERROR    | scanner:get_klines:88 | Ошибка загрузки данных TIAUSDT 15: 'x-bapi-limit-reset-timestamp'
2026-04-03 06:00:38 | INFO     | scanner:_scan_loop:213 | Сканирование #1818 завершено. Найдено сетапов: 1
2026-04-03 06:01:38 | INFO     | scanner:_scan_loop:190 | ═══ Сканирование #1819 ═══
2026-04-03 06:02:07 | INFO     | scanner:_scan_loop:213 | Сканирование #1819 завершено. Найдено сетапов: 1
2026-04-03 06:03:07 | INFO     | scanner:_scan_loop:190 | ═══ Сканирование #1820 ═══
2026-04-03 06:03:39 | INFO     | scanner:_scan_loop:213 | Сканирование #1820 завершено. Найдено сетапов: 1
2026-04-03 06:04:39 | INFO     | scanner:_scan_loop:190 | ═══ Сканирование #1821 ═══
2026-04-03 06:05:17 | INFO     | scanner:_scan_loop:213 | Сканирование #1821 завершено. Найдено сетапов: 1
2026-04-03 06:06:17 | INFO     | scanner:_scan_loop:190 | ═══ Сканирование #1822 ═══
2026-04-03 06:06:51 | INFO     | scanner:_scan_loop:213 | Сканирование #1822 завершено. Найдено сетапов: 1
2026-04-03 06:07:51 | INFO     | scanner:_scan_loop:190 | ═══ Сканирование #1823 ═══
2026-04-03 06:08:21 | INFO     | scanner:_scan_loop:213 | Сканирование #1823 завершено. Найдено сетапов: 1
2026-04-03 06:09:21 | INFO     | scanner:_scan_loop:190 | ═══ Сканирование #1824 ═══
2026-04-03 06:09:51 | INFO     | scanner:_scan_loop:213 | Сканирование #1824 завершено. Найдено сетапов: 1
2026-04-03 06:10:51 | INFO     | scanner:_scan_loop:190 | ═══ Сканирование #1825 ═══
2026-04-03 06:11:21 | INFO     | scanner:_scan_loop:213 | Сканирование #1825 завершено. Найдено сетапов: 1
2026-04-03 06:12:21 | INFO     | scanner:_scan_loop:190 | ═══ Сканирование #1826 ═══
2026-04-03 06:12:53 | INFO     | scanner:_scan_loop:213 | Сканирование #1826 завершено. Найдено сетапов: 1
2026-04-03 06:13:53 | INFO     | scanner:_scan_loop:190 | ═══ Сканирование #1827 ═══
2026-04-03 06:14:23 | INFO     | scanner:_scan_loop:213 | Сканирование #1827 завершено. Найдено сетапов: 1
2026-04-03 06:15:23 | INFO     | scanner:_scan_loop:190 | ═══ Сканирование #1828 ═══
2026-04-03 06:15:55 | INFO     | scanner:_scan_loop:213 | Сканирование #1828 завершено. Найдено сетапов: 1
2026-04-03 06:16:55 | INFO     | scanner:_scan_loop:190 | ═══ Сканирование #1829 ═══
2026-04-03 06:17:24 | INFO     | scanner:_scan_loop:213 | Сканирование #1829 завершено. Найдено сетапов: 1
2026-04-03 06:18:24 | INFO     | scanner:_scan_loop:190 | ═══ Сканирование #1830 ═══
2026-04-03 06:18:56 | INFO     | scanner:_scan_loop:213 | Сканирование #1830 завершено. Найдено сетапов: 1
2026-04-03 06:19:56 | INFO     | scanner:_scan_loop:190 | ═══ Сканирование #1831 ═══
2026-04-03 06:20:43 | INFO     | scanner:_scan_loop:213 | Сканирование #1831 завершено. Найдено сетапов: 1
2026-04-03 06:21:43 | INFO     | scanner:_scan_loop:190 | ═══ Сканирование #1832 ═══
2026-04-03 06:22:20 | INFO     | scanner:_scan_loop:213 | Сканирование #1832 завершено. Найдено сетапов: 1
2026-04-03 06:23:20 | INFO     | scanner:_scan_loop:190 | ═══ Сканирование #1833 ═══
2026-04-03 06:23:54 | INFO     | scanner:_scan_loop:213 | Сканирование #1833 завершено. Найдено сетапов: 1
2026-04-03 06:24:54 | INFO     | scanner:_scan_loop:190 | ═══ Сканирование #1834 ═══
2026-04-03 06:25:33 | INFO     | scanner:_scan_loop:213 | Сканирование #1834 завершено. Найдено сетапов: 1
2026-04-03 06:26:33 | INFO     | scanner:_scan_loop:190 | ═══ Сканирование #1835 ═══
2026-04-03 06:27:05 | INFO     | scanner:_scan_loop:213 | Сканирование #1835 завершено. Найдено сетапов: 1
2026-04-03 06:28:05 | INFO     | scanner:_scan_loop:190 | ═══ Сканирование #1836 ═══
2026-04-03 06:28:37 | INFO     | scanner:_scan_loop:213 | Сканирование #1836 завершено. Найдено сетапов: 1
2026-04-03 06:29:37 | INFO     | scanner:_scan_loop:190 | ═══ Сканирование #1837 ═══
2026-04-03 06:30:08 | INFO     | scanner:_scan_loop:213 | Сканирование #1837 завершено. Найдено сетапов: 1
2026-04-03 06:31:08 | INFO     | scanner:_scan_loop:190 | ═══ Сканирование #1838 ═══
2026-04-03 06:31:39 | INFO     | scanner:_scan_loop:213 | Сканирование #1838 завершено. Найдено сетапов: 1
2026-04-03 06:32:39 | INFO     | scanner:_scan_loop:190 | ═══ Сканирование #1839 ═══
2026-04-03 06:33:08 | INFO     | scanner:_scan_loop:213 | Сканирование #1839 завершено. Найдено сетапов: 1
2026-04-03 06:34:08 | INFO     | scanner:_scan_loop:190 | ═══ Сканирование #1840 ═══
2026-04-03 06:34:39 | INFO     | scanner:_scan_loop:213 | Сканирование #1840 завершено. Найдено сетапов: 1
2026-04-03 06:35:39 | INFO     | scanner:_scan_loop:190 | ═══ Сканирование #1841 ═══
2026-04-03 06:36:18 | INFO     | scanner:_scan_loop:213 | Сканирование #1841 завершено. Найдено сетапов: 1
2026-04-03 06:37:18 | INFO     | scanner:_scan_loop:190 | ═══ Сканирование #1842 ═══
2026-04-03 06:37:52 | INFO     | scanner:_scan_loop:213 | Сканирование #1842 завершено. Найдено сетапов: 1
2026-04-03 06:38:52 | INFO     | scanner:_scan_loop:190 | ═══ Сканирование #1843 ═══
2026-04-03 06:39:22 | INFO     | scanner:_scan_loop:213 | Сканирование #1843 завершено. Найдено сетапов: 1
2026-04-03 06:40:22 | INFO     | scanner:_scan_loop:190 | ═══ Сканирование #1844 ═══
2026-04-03 06:40:54 | INFO     | scanner:_scan_loop:213 | Сканирование #1844 завершено. Найдено сетапов: 1
2026-04-03 06:41:54 | INFO     | scanner:_scan_loop:190 | ═══ Сканирование #1845 ═══
2026-04-03 06:42:24 | INFO     | scanner:_scan_loop:213 | Сканирование #1845 завершено. Найдено сетапов: 1
2026-04-03 06:43:24 | INFO     | scanner:_scan_loop:190 | ═══ Сканирование #1846 ═══
2026-04-03 06:43:55 | INFO     | scanner:_scan_loop:213 | Сканирование #1846 завершено. Найдено сетапов: 1
2026-04-03 06:44:55 | INFO     | scanner:_scan_loop:190 | ═══ Сканирование #1847 ═══
2026-04-03 06:45:04 | ERROR    | scanner:get_klines:88 | Ошибка загрузки данных LTCUSDT 5: 'x-bapi-limit-reset-timestamp'
2026-04-03 06:45:05 | ERROR    | scanner:get_klines:88 | Ошибка загрузки данных FILUSDT 5: 'x-bapi-limit-reset-timestamp'
2026-04-03 06:45:09 | ERROR    | scanner:get_klines:88 | Ошибка загрузки данных INJUSDT 15: 'x-bapi-limit-reset-timestamp'
2026-04-03 06:45:25 | INFO     | scanner:_scan_loop:213 | Сканирование #1847 завершено. Найдено сетапов: 1
2026-04-03 06:46:25 | INFO     | scanner:_scan_loop:190 | ═══ Сканирование #1848 ═══
2026-04-03 06:46:57 | INFO     | scanner:_scan_loop:213 | Сканирование #1848 завершено. Найдено сетапов: 1
2026-04-03 06:47:57 | INFO     | scanner:_scan_loop:190 | ═══ Сканирование #1849 ═══
2026-04-03 06:48:25 | INFO     | scanner:_scan_loop:213 | Сканирование #1849 завершено. Найдено сетапов: 1
2026-04-03 06:49:25 | INFO     | scanner:_scan_loop:190 | ═══ Сканирование #1850 ═══
2026-04-03 06:49:58 | INFO     | scanner:_scan_loop:213 | Сканирование #1850 завершено. Найдено сетапов: 1
2026-04-03 06:50:58 | INFO     | scanner:_scan_loop:190 | ═══ Сканирование #1851 ═══
2026-04-03 06:51:40 | INFO     | scanner:_scan_loop:213 | Сканирование #1851 завершено. Найдено сетапов: 1
2026-04-03 06:52:40 | INFO     | scanner:_scan_loop:190 | ═══ Сканирование #1852 ═══
2026-04-03 06:53:12 | INFO     | scanner:_scan_loop:213 | Сканирование #1852 завершено. Найдено сетапов: 1
2026-04-03 06:54:12 | INFO     | scanner:_scan_loop:190 | ═══ Сканирование #1853 ═══
2026-04-03 06:54:41 | INFO     | scanner:_scan_loop:213 | Сканирование #1853 завершено. Найдено сетапов: 1
2026-04-03 06:55:41 | INFO     | scanner:_scan_loop:190 | ═══ Сканирование #1854 ═══
2026-04-03 06:56:12 | INFO     | scanner:_scan_loop:213 | Сканирование #1854 завершено. Найдено сетапов: 1
2026-04-03 06:57:13 | INFO     | scanner:_scan_loop:190 | ═══ Сканирование #1855 ═══
2026-04-03 06:57:45 | INFO     | scanner:_scan_loop:213 | Сканирование #1855 завершено. Найдено сетапов: 1
2026-04-03 06:58:45 | INFO     | scanner:_scan_loop:190 | ═══ Сканирование #1856 ═══
2026-04-03 06:59:15 | INFO     | scanner:_scan_loop:213 | Сканирование #1856 завершено. Найдено сетапов: 1
2026-04-03 07:00:15 | INFO     | scanner:_scan_loop:190 | ═══ Сканирование #1857 ═══
2026-04-03 07:00:17 | ERROR    | scanner:get_klines:88 | Ошибка загрузки данных ETHUSDT 5: 'x-bapi-limit-reset-timestamp'
2026-04-03 07:00:18 | ERROR    | scanner:get_klines:88 | Ошибка загрузки данных BNBUSDT 15: 'x-bapi-limit-reset-timestamp'
2026-04-03 07:00:19 | ERROR    | scanner:get_klines:88 | Ошибка загрузки данных XRPUSDT 5: 'x-bapi-limit-reset-timestamp'
2026-04-03 07:00:20 | ERROR    | scanner:get_klines:88 | Ошибка загрузки данных DOGEUSDT 15: 'x-bapi-limit-reset-timestamp'
2026-04-03 07:00:47 | INFO     | scanner:_scan_loop:213 | Сканирование #1857 завершено. Найдено сетапов: 1
2026-04-03 07:01:47 | INFO     | scanner:_scan_loop:190 | ═══ Сканирование #1858 ═══
2026-04-03 07:02:16 | INFO     | scanner:_scan_loop:213 | Сканирование #1858 завершено. Найдено сетапов: 1
2026-04-03 07:03:16 | INFO     | scanner:_scan_loop:190 | ═══ Сканирование #1859 ═══
2026-04-03 07:03:47 | INFO     | scanner:_scan_loop:213 | Сканирование #1859 завершено. Найдено сетапов: 1
2026-04-03 07:04:47 | INFO     | scanner:_scan_loop:190 | ═══ Сканирование #1860 ═══
2026-04-03 07:05:08 | ERROR    | scanner:get_klines:88 | Ошибка загрузки данных TRXUSDT 15: 'x-bapi-limit-reset-timestamp'
2026-04-03 07:05:18 | INFO     | scanner:_scan_loop:213 | Сканирование #1860 завершено. Найдено сетапов: 1
2026-04-03 07:06:18 | INFO     | scanner:_scan_loop:190 | ═══ Сканирование #1861 ═══
2026-04-03 07:06:56 | INFO     | scanner:_scan_loop:213 | Сканирование #1861 завершено. Найдено сетапов: 1
2026-04-03 07:07:56 | INFO     | scanner:_scan_loop:190 | ═══ Сканирование #1862 ═══
2026-04-03 07:08:29 | INFO     | scanner:_scan_loop:213 | Сканирование #1862 завершено. Найдено сетапов: 1
2026-04-03 07:09:29 | INFO     | scanner:_scan_loop:190 | ═══ Сканирование #1863 ═══
2026-04-03 07:10:00 | INFO     | scanner:_scan_loop:213 | Сканирование #1863 завершено. Найдено сетапов: 1
2026-04-03 07:11:00 | INFO     | scanner:_scan_loop:190 | ═══ Сканирование #1864 ═══
2026-04-03 07:11:31 | INFO     | scanner:_scan_loop:213 | Сканирование #1864 завершено. Найдено сетапов: 1
2026-04-03 07:12:31 | INFO     | scanner:_scan_loop:190 | ═══ Сканирование #1865 ═══
2026-04-03 07:13:04 | INFO     | scanner:_scan_loop:213 | Сканирование #1865 завершено. Найдено сетапов: 1
2026-04-03 07:14:04 | INFO     | scanner:_scan_loop:190 | ═══ Сканирование #1866 ═══
2026-04-03 07:14:33 | INFO     | scanner:_scan_loop:213 | Сканирование #1866 завершено. Найдено сетапов: 1
2026-04-03 07:15:33 | INFO     | scanner:_scan_loop:190 | ═══ Сканирование #1867 ═══
2026-04-03 07:16:01 | INFO     | scanner:_scan_loop:213 | Сканирование #1867 завершено. Найдено сетапов: 1
2026-04-03 07:17:01 | INFO     | scanner:_scan_loop:190 | ═══ Сканирование #1868 ═══
2026-04-03 07:17:33 | INFO     | scanner:_scan_loop:213 | Сканирование #1868 завершено. Найдено сетапов: 1
2026-04-03 07:18:33 | INFO     | scanner:_scan_loop:190 | ═══ Сканирование #1869 ═══
2026-04-03 07:19:05 | INFO     | scanner:_scan_loop:213 | Сканирование #1869 завершено. Найдено сетапов: 1
2026-04-03 07:20:05 | INFO     | scanner:_scan_loop:190 | ═══ Сканирование #1870 ═══
2026-04-03 07:20:36 | INFO     | scanner:_scan_loop:213 | Сканирование #1870 завершено. Найдено сетапов: 1
2026-04-03 07:21:36 | INFO     | scanner:_scan_loop:190 | ═══ Сканирование #1871 ═══
2026-04-03 07:22:14 | INFO     | scanner:_scan_loop:213 | Сканирование #1871 завершено. Найдено сетапов: 1
2026-04-03 07:23:14 | INFO     | scanner:_scan_loop:190 | ═══ Сканирование #1872 ═══
2026-04-03 07:23:45 | INFO     | scanner:_scan_loop:213 | Сканирование #1872 завершено. Найдено сетапов: 1
2026-04-03 07:24:45 | INFO     | scanner:_scan_loop:190 | ═══ Сканирование #1873 ═══
2026-04-03 07:25:18 | INFO     | scanner:_scan_loop:213 | Сканирование #1873 завершено. Найдено сетапов: 1
2026-04-03 07:26:18 | INFO     | scanner:_scan_loop:190 | ═══ Сканирование #1874 ═══
2026-04-03 07:26:48 | INFO     | scanner:_scan_loop:213 | Сканирование #1874 завершено. Найдено сетапов: 1
2026-04-03 07:27:48 | INFO     | scanner:_scan_loop:190 | ═══ Сканирование #1875 ═══
2026-04-03 07:28:19 | INFO     | scanner:_scan_loop:213 | Сканирование #1875 завершено. Найдено сетапов: 1
2026-04-03 07:29:19 | INFO     | scanner:_scan_loop:190 | ═══ Сканирование #1876 ═══
2026-04-03 07:29:48 | INFO     | scanner:_scan_loop:213 | Сканирование #1876 завершено. Найдено сетапов: 1
2026-04-03 07:30:48 | INFO     | scanner:_scan_loop:190 | ═══ Сканирование #1877 ═══
2026-04-03 07:31:19 | INFO     | scanner:_scan_loop:213 | Сканирование #1877 завершено. Найдено сетапов: 1
2026-04-03 07:32:19 | INFO     | scanner:_scan_loop:190 | ═══ Сканирование #1878 ═══
2026-04-03 07:32:49 | INFO     | scanner:_scan_loop:213 | Сканирование #1878 завершено. Найдено сетапов: 0
2026-04-03 07:33:49 | INFO     | scanner:_scan_loop:190 | ═══ Сканирование #1879 ═══
2026-04-03 07:34:21 | INFO     | scanner:_scan_loop:213 | Сканирование #1879 завершено. Найдено сетапов: 0
2026-04-03 07:35:21 | INFO     | scanner:_scan_loop:190 | ═══ Сканирование #1880 ═══
2026-04-03 07:35:51 | INFO     | scanner:_scan_loop:213 | Сканирование #1880 завершено. Найдено сетапов: 0
2026-04-03 07:36:51 | INFO     | scanner:_scan_loop:190 | ═══ Сканирование #1881 ═══
2026-04-03 07:37:29 | INFO     | scanner:_scan_loop:213 | Сканирование #1881 завершено. Найдено сетапов: 0
2026-04-03 07:38:29 | INFO     | scanner:_scan_loop:190 | ═══ Сканирование #1882 ═══
2026-04-03 07:39:02 | INFO     | scanner:_scan_loop:213 | Сканирование #1882 завершено. Найдено сетапов: 0
2026-04-03 07:40:02 | INFO     | scanner:_scan_loop:190 | ═══ Сканирование #1883 ═══
2026-04-03 07:40:35 | INFO     | scanner:_scan_loop:213 | Сканирование #1883 завершено. Найдено сетапов: 1
2026-04-03 07:41:35 | INFO     | scanner:_scan_loop:190 | ═══ Сканирование #1884 ═══
2026-04-03 07:42:05 | INFO     | scanner:_scan_loop:213 | Сканирование #1884 завершено. Найдено сетапов: 1
2026-04-03 07:43:05 | INFO     | scanner:_scan_loop:190 | ═══ Сканирование #1885 ═══
2026-04-03 07:43:38 | INFO     | scanner:_scan_loop:213 | Сканирование #1885 завершено. Найдено сетапов: 1
2026-04-03 07:44:38 | INFO     | scanner:_scan_loop:190 | ═══ Сканирование #1886 ═══
2026-04-03 07:45:05 | ERROR    | scanner:get_klines:88 | Ошибка загрузки данных JTOUSDT 5: 'x-bapi-limit-reset-timestamp'
2026-04-03 07:45:05 | ERROR    | scanner:get_klines:88 | Ошибка загрузки данных PYTHUSDT 15: 'x-bapi-limit-reset-timestamp'
2026-04-03 07:45:09 | INFO     | scanner:_scan_loop:213 | Сканирование #1886 завершено. Найдено сетапов: 1
2026-04-03 07:46:09 | INFO     | scanner:_scan_loop:190 | ═══ Сканирование #1887 ═══
2026-04-03 07:46:41 | INFO     | scanner:_scan_loop:213 | Сканирование #1887 завершено. Найдено сетапов: 0
2026-04-03 07:47:41 | INFO     | scanner:_scan_loop:190 | ═══ Сканирование #1888 ═══
2026-04-03 07:48:11 | INFO     | scanner:_scan_loop:213 | Сканирование #1888 завершено. Найдено сетапов: 0
2026-04-03 07:49:11 | INFO     | scanner:_scan_loop:190 | ═══ Сканирование #1889 ═══
2026-04-03 07:49:43 | INFO     | scanner:_scan_loop:213 | Сканирование #1889 завершено. Найдено сетапов: 0
2026-04-03 07:50:43 | INFO     | scanner:_scan_loop:190 | ═══ Сканирование #1890 ═══
2026-04-03 07:51:14 | INFO     | scanner:_scan_loop:213 | Сканирование #1890 завершено. Найдено сетапов: 0
2026-04-03 07:52:14 | INFO     | scanner:_scan_loop:190 | ═══ Сканирование #1891 ═══
2026-04-03 07:52:54 | INFO     | scanner:_scan_loop:213 | Сканирование #1891 завершено. Найдено сетапов: 0
2026-04-03 07:53:54 | INFO     | scanner:_scan_loop:190 | ═══ Сканирование #1892 ═══
2026-04-03 07:54:30 | INFO     | scanner:_scan_loop:213 | Сканирование #1892 завершено. Найдено сетапов: 0
2026-04-03 07:55:30 | INFO     | scanner:_scan_loop:190 | ═══ Сканирование #1893 ═══
2026-04-03 07:56:01 | INFO     | scanner:_scan_loop:213 | Сканирование #1893 завершено. Найдено сетапов: 1
2026-04-03 07:57:01 | INFO     | scanner:_scan_loop:190 | ═══ Сканирование #1894 ═══
2026-04-03 07:57:32 | INFO     | scanner:_scan_loop:213 | Сканирование #1894 завершено. Найдено сетапов: 1
2026-04-03 07:58:32 | INFO     | scanner:_scan_loop:190 | ═══ Сканирование #1895 ═══
2026-04-03 07:59:04 | INFO     | scanner:_scan_loop:213 | Сканирование #1895 завершено. Найдено сетапов: 1
2026-04-03 08:00:04 | INFO     | scanner:_scan_loop:190 | ═══ Сканирование #1896 ═══
2026-04-03 08:00:05 | ERROR    | scanner:get_klines:88 | Ошибка загрузки данных BTCUSDT 15: 'x-bapi-limit-reset-timestamp'
2026-04-03 08:00:07 | ERROR    | scanner:get_klines:88 | Ошибка загрузки данных BNBUSDT 15: 'x-bapi-limit-reset-timestamp'
2026-04-03 08:00:10 | ERROR    | scanner:get_klines:88 | Ошибка загрузки данных AVAXUSDT 15: 'x-bapi-limit-reset-timestamp'
2026-04-03 08:00:14 | ERROR    | scanner:get_klines:88 | Ошибка загрузки данных LTCUSDT 15: 'x-bapi-limit-reset-timestamp'
2026-04-03 08:00:15 | ERROR    | scanner:get_klines:88 | Ошибка загрузки данных APTUSDT 15: 'x-bapi-limit-reset-timestamp'
2026-04-03 08:00:16 | ERROR    | scanner:get_klines:88 | Ошибка загрузки данных APTUSDT 5: 'x-bapi-limit-reset-timestamp'
2026-04-03 08:00:36 | INFO     | scanner:_scan_loop:213 | Сканирование #1896 завершено. Найдено сетапов: 1
2026-04-03 08:01:36 | INFO     | scanner:_scan_loop:190 | ═══ Сканирование #1897 ═══
2026-04-03 08:02:09 | INFO     | scanner:_scan_loop:213 | Сканирование #1897 завершено. Найдено сетапов: 1
2026-04-03 08:03:09 | INFO     | scanner:_scan_loop:190 | ═══ Сканирование #1898 ═══
2026-04-03 08:03:42 | INFO     | scanner:_scan_loop:213 | Сканирование #1898 завершено. Найдено сетапов: 1
2026-04-03 08:04:42 | INFO     | scanner:_scan_loop:190 | ═══ Сканирование #1899 ═══
2026-04-03 08:05:14 | INFO     | scanner:_scan_loop:213 | Сканирование #1899 завершено. Найдено сетапов: 1
2026-04-03 08:06:14 | INFO     | scanner:_scan_loop:190 | ═══ Сканирование #1900 ═══
2026-04-03 08:06:46 | INFO     | scanner:_scan_loop:213 | Сканирование #1900 завершено. Найдено сетапов: 1
2026-04-03 08:07:46 | INFO     | scanner:_scan_loop:190 | ═══ Сканирование #1901 ═══
2026-04-03 08:08:23 | INFO     | scanner:_scan_loop:213 | Сканирование #1901 завершено. Найдено сетапов: 0
2026-04-03 08:09:23 | INFO     | scanner:_scan_loop:190 | ═══ Сканирование #1902 ═══
2026-04-03 08:09:59 | INFO     | scanner:_scan_loop:213 | Сканирование #1902 завершено. Найдено сетапов: 1
2026-04-03 08:10:59 | INFO     | scanner:_scan_loop:190 | ═══ Сканирование #1903 ═══
2026-04-03 08:11:29 | INFO     | scanner:_scan_loop:213 | Сканирование #1903 завершено. Найдено сетапов: 1
2026-04-03 08:12:29 | INFO     | scanner:_scan_loop:190 | ═══ Сканирование #1904 ═══
2026-04-03 08:13:01 | INFO     | scanner:_scan_loop:213 | Сканирование #1904 завершено. Найдено сетапов: 1
2026-04-03 08:14:01 | INFO     | scanner:_scan_loop:190 | ═══ Сканирование #1905 ═══
2026-04-03 08:14:30 | INFO     | scanner:_scan_loop:213 | Сканирование #1905 завершено. Найдено сетапов: 1
2026-04-03 08:15:30 | INFO     | scanner:_scan_loop:190 | ═══ Сканирование #1906 ═══
2026-04-03 08:16:02 | INFO     | scanner:_scan_loop:213 | Сканирование #1906 завершено. Найдено сетапов: 1
2026-04-03 08:17:02 | INFO     | scanner:_scan_loop:190 | ═══ Сканирование #1907 ═══
2026-04-03 08:17:33 | INFO     | scanner:_scan_loop:213 | Сканирование #1907 завершено. Найдено сетапов: 1
2026-04-03 08:18:33 | INFO     | scanner:_scan_loop:190 | ═══ Сканирование #1908 ═══
2026-04-03 08:19:05 | INFO     | scanner:_scan_loop:213 | Сканирование #1908 завершено. Найдено сетапов: 1
2026-04-03 08:20:05 | INFO     | scanner:_scan_loop:190 | ═══ Сканирование #1909 ═══
2026-04-03 08:20:24 | ERROR    | scanner:get_klines:88 | Ошибка загрузки данных UNIUSDT 15: HTTPSConnectionPool(host='api.bybit.com', port=443): Read timed out. (read timeout=10)
2026-04-03 08:20:56 | INFO     | scanner:_scan_loop:213 | Сканирование #1909 завершено. Найдено сетапов: 1
2026-04-03 08:21:56 | INFO     | scanner:_scan_loop:190 | ═══ Сканирование #1910 ═══
2026-04-03 08:22:30 | INFO     | scanner:_scan_loop:213 | Сканирование #1910 завершено. Найдено сетапов: 1
2026-04-03 08:23:30 | INFO     | scanner:_scan_loop:190 | ═══ Сканирование #1911 ═══
2026-04-03 08:24:16 | INFO     | scanner:_scan_loop:213 | Сканирование #1911 завершено. Найдено сетапов: 1
2026-04-03 08:25:16 | INFO     | scanner:_scan_loop:190 | ═══ Сканирование #1912 ═══
2026-04-03 08:25:55 | INFO     | scanner:_scan_loop:213 | Сканирование #1912 завершено. Найдено сетапов: 1
2026-04-03 08:26:55 | INFO     | scanner:_scan_loop:190 | ═══ Сканирование #1913 ═══
2026-04-03 08:27:28 | INFO     | scanner:_scan_loop:213 | Сканирование #1913 завершено. Найдено сетапов: 1
2026-04-03 08:28:28 | INFO     | scanner:_scan_loop:190 | ═══ Сканирование #1914 ═══
2026-04-03 08:29:06 | INFO     | scanner:_scan_loop:213 | Сканирование #1914 завершено. Найдено сетапов: 1
2026-04-03 08:30:06 | INFO     | scanner:_scan_loop:190 | ═══ Сканирование #1915 ═══
2026-04-03 08:30:07 | ERROR    | scanner:get_klines:88 | Ошибка загрузки данных BTCUSDT 5: 'x-bapi-limit-reset-timestamp'
2026-04-03 08:30:11 | ERROR    | scanner:get_klines:88 | Ошибка загрузки данных XRPUSDT 5: 'x-bapi-limit-reset-timestamp'
2026-04-03 08:30:11 | ERROR    | scanner:get_klines:88 | Ошибка загрузки данных DOGEUSDT 15: 'x-bapi-limit-reset-timestamp'
2026-04-03 08:30:14 | ERROR    | scanner:get_klines:88 | Ошибка загрузки данных DOTUSDT 15: 'x-bapi-limit-reset-timestamp'
2026-04-03 08:30:40 | INFO     | scanner:_scan_loop:213 | Сканирование #1915 завершено. Найдено сетапов: 0
2026-04-03 08:31:40 | INFO     | scanner:_scan_loop:190 | ═══ Сканирование #1916 ═══
2026-04-03 08:32:14 | INFO     | scanner:_scan_loop:213 | Сканирование #1916 завершено. Найдено сетапов: 0
2026-04-03 08:33:14 | INFO     | scanner:_scan_loop:190 | ═══ Сканирование #1917 ═══
2026-04-03 08:33:47 | INFO     | scanner:_scan_loop:213 | Сканирование #1917 завершено. Найдено сетапов: 0
2026-04-03 08:34:47 | INFO     | scanner:_scan_loop:190 | ═══ Сканирование #1918 ═══
2026-04-03 08:35:21 | INFO     | scanner:_scan_loop:213 | Сканирование #1918 завершено. Найдено сетапов: 0
2026-04-03 08:36:21 | INFO     | scanner:_scan_loop:190 | ═══ Сканирование #1919 ═══
2026-04-03 08:36:55 | INFO     | scanner:_scan_loop:213 | Сканирование #1919 завершено. Найдено сетапов: 0
2026-04-03 08:37:55 | INFO     | scanner:_scan_loop:190 | ═══ Сканирование #1920 ═══
2026-04-03 08:38:31 | INFO     | scanner:_scan_loop:213 | Сканирование #1920 завершено. Найдено сетапов: 0
2026-04-03 08:39:31 | INFO     | scanner:_scan_loop:190 | ═══ Сканирование #1921 ═══
2026-04-03 08:40:15 | INFO     | scanner:_scan_loop:213 | Сканирование #1921 завершено. Найдено сетапов: 0
2026-04-03 08:41:15 | INFO     | scanner:_scan_loop:190 | ═══ Сканирование #1922 ═══
2026-04-03 08:41:48 | INFO     | scanner:_scan_loop:213 | Сканирование #1922 завершено. Найдено сетапов: 0
2026-04-03 08:42:48 | INFO     | scanner:_scan_loop:190 | ═══ Сканирование #1923 ═══
2026-04-03 08:43:24 | INFO     | scanner:_scan_loop:213 | Сканирование #1923 завершено. Найдено сетапов: 0
2026-04-03 08:44:25 | INFO     | scanner:_scan_loop:190 | ═══ Сканирование #1924 ═══
2026-04-03 08:44:57 | INFO     | scanner:_scan_loop:213 | Сканирование #1924 завершено. Найдено сетапов: 0
2026-04-03 08:45:57 | INFO     | scanner:_scan_loop:190 | ═══ Сканирование #1925 ═══
2026-04-03 08:46:31 | INFO     | scanner:_scan_loop:213 | Сканирование #1925 завершено. Найдено сетапов: 0
2026-04-03 08:47:31 | INFO     | scanner:_scan_loop:190 | ═══ Сканирование #1926 ═══
2026-04-03 08:48:04 | INFO     | scanner:_scan_loop:213 | Сканирование #1926 завершено. Найдено сетапов: 0
2026-04-03 08:49:04 | INFO     | scanner:_scan_loop:190 | ═══ Сканирование #1927 ═══
2026-04-03 08:49:39 | INFO     | scanner:_scan_loop:213 | Сканирование #1927 завершено. Найдено сетапов: 0
2026-04-03 08:50:39 | INFO     | scanner:_scan_loop:190 | ═══ Сканирование #1928 ═══
2026-04-03 08:51:12 | INFO     | scanner:_scan_loop:213 | Сканирование #1928 завершено. Найдено сетапов: 0
2026-04-03 08:52:12 | INFO     | scanner:_scan_loop:190 | ═══ Сканирование #1929 ═══
2026-04-03 08:52:45 | INFO     | scanner:_scan_loop:213 | Сканирование #1929 завершено. Найдено сетапов: 0
2026-04-03 08:53:45 | INFO     | scanner:_scan_loop:190 | ═══ Сканирование #1930 ═══
2026-04-03 08:54:20 | INFO     | scanner:_scan_loop:213 | Сканирование #1930 завершено. Найдено сетапов: 0
2026-04-03 08:55:20 | INFO     | scanner:_scan_loop:190 | ═══ Сканирование #1931 ═══
2026-04-03 08:56:01 | INFO     | scanner:_scan_loop:213 | Сканирование #1931 завершено. Найдено сетапов: 0
2026-04-03 08:57:01 | INFO     | scanner:_scan_loop:190 | ═══ Сканирование #1932 ═══
2026-04-03 08:57:39 | INFO     | scanner:_scan_loop:213 | Сканирование #1932 завершено. Найдено сетапов: 0
2026-04-03 08:58:39 | INFO     | scanner:_scan_loop:190 | ═══ Сканирование #1933 ═══
2026-04-03 08:59:11 | INFO     | scanner:_scan_loop:213 | Сканирование #1933 завершено. Найдено сетапов: 0
2026-04-03 09:00:11 | INFO     | scanner:_scan_loop:190 | ═══ Сканирование #1934 ═══
2026-04-03 09:00:12 | ERROR    | scanner:get_klines:88 | Ошибка загрузки данных BTCUSDT 15: 'x-bapi-limit-reset-timestamp'
2026-04-03 09:00:13 | ERROR    | scanner:get_klines:88 | Ошибка загрузки данных ETHUSDT 5: 'x-bapi-limit-reset-timestamp'
2026-04-03 09:00:13 | ERROR    | scanner:get_klines:88 | Ошибка загрузки данных SOLUSDT 5: 'x-bapi-limit-reset-timestamp'
2026-04-03 09:00:19 | ERROR    | scanner:get_klines:88 | Ошибка загрузки данных ATOMUSDT 5: 'x-bapi-limit-reset-timestamp'
2026-04-03 09:00:44 | INFO     | scanner:_scan_loop:213 | Сканирование #1934 завершено. Найдено сетапов: 0
2026-04-03 09:01:44 | INFO     | scanner:_scan_loop:190 | ═══ Сканирование #1935 ═══
2026-04-03 09:02:17 | INFO     | scanner:_scan_loop:213 | Сканирование #1935 завершено. Найдено сетапов: 0
2026-04-03 09:03:17 | INFO     | scanner:_scan_loop:190 | ═══ Сканирование #1936 ═══
2026-04-03 09:03:50 | INFO     | scanner:_scan_loop:213 | Сканирование #1936 завершено. Найдено сетапов: 0
2026-04-03 09:04:50 | INFO     | scanner:_scan_loop:190 | ═══ Сканирование #1937 ═══
2026-04-03 09:05:23 | INFO     | scanner:_scan_loop:213 | Сканирование #1937 завершено. Найдено сетапов: 0
2026-04-03 09:06:23 | INFO     | scanner:_scan_loop:190 | ═══ Сканирование #1938 ═══
2026-04-03 09:06:57 | INFO     | scanner:_scan_loop:213 | Сканирование #1938 завершено. Найдено сетапов: 0
2026-04-03 09:07:57 | INFO     | scanner:_scan_loop:190 | ═══ Сканирование #1939 ═══
2026-04-03 09:08:31 | INFO     | scanner:_scan_loop:213 | Сканирование #1939 завершено. Найдено сетапов: 0
2026-04-03 09:09:31 | INFO     | scanner:_scan_loop:190 | ═══ Сканирование #1940 ═══
2026-04-03 09:10:05 | INFO     | scanner:_scan_loop:213 | Сканирование #1940 завершено. Найдено сетапов: 0
2026-04-03 09:11:05 | INFO     | scanner:_scan_loop:190 | ═══ Сканирование #1941 ═══
2026-04-03 09:11:50 | INFO     | scanner:_scan_loop:213 | Сканирование #1941 завершено. Найдено сетапов: 0
2026-04-03 09:12:50 | INFO     | scanner:_scan_loop:190 | ═══ Сканирование #1942 ═══
2026-04-03 09:13:24 | INFO     | scanner:_scan_loop:213 | Сканирование #1942 завершено. Найдено сетапов: 0
2026-04-03 09:14:24 | INFO     | scanner:_scan_loop:190 | ═══ Сканирование #1943 ═══
2026-04-03 09:14:58 | INFO     | scanner:_scan_loop:213 | Сканирование #1943 завершено. Найдено сетапов: 0
2026-04-03 09:15:58 | INFO     | scanner:_scan_loop:190 | ═══ Сканирование #1944 ═══
2026-04-03 09:16:33 | INFO     | scanner:_scan_loop:213 | Сканирование #1944 завершено. Найдено сетапов: 0
2026-04-03 09:17:33 | INFO     | scanner:_scan_loop:190 | ═══ Сканирование #1945 ═══
2026-04-03 09:18:06 | INFO     | scanner:_scan_loop:213 | Сканирование #1945 завершено. Найдено сетапов: 0
2026-04-03 09:19:07 | INFO     | scanner:_scan_loop:190 | ═══ Сканирование #1946 ═══
2026-04-03 09:19:39 | INFO     | scanner:_scan_loop:213 | Сканирование #1946 завершено. Найдено сетапов: 0
2026-04-03 09:20:39 | INFO     | scanner:_scan_loop:190 | ═══ Сканирование #1947 ═══
2026-04-03 09:21:13 | INFO     | scanner:_scan_loop:213 | Сканирование #1947 завершено. Найдено сетапов: 0
2026-04-03 09:22:13 | INFO     | scanner:_scan_loop:190 | ═══ Сканирование #1948 ═══
2026-04-03 09:22:49 | INFO     | scanner:_scan_loop:213 | Сканирование #1948 завершено. Найдено сетапов: 0
2026-04-03 09:23:49 | INFO     | scanner:_scan_loop:190 | ═══ Сканирование #1949 ═══
2026-04-03 09:24:30 | INFO     | scanner:_scan_loop:213 | Сканирование #1949 завершено. Найдено сетапов: 0
2026-04-03 09:25:30 | INFO     | scanner:_scan_loop:190 | ═══ Сканирование #1950 ═══
2026-04-03 09:26:03 | INFO     | scanner:_scan_loop:213 | Сканирование #1950 завершено. Найдено сетапов: 0
2026-04-03 09:27:03 | INFO     | scanner:_scan_loop:190 | ═══ Сканирование #1951 ═══
2026-04-03 09:27:44 | INFO     | scanner:_scan_loop:213 | Сканирование #1951 завершено. Найдено сетапов: 0
2026-04-03 09:28:44 | INFO     | scanner:_scan_loop:190 | ═══ Сканирование #1952 ═══
2026-04-03 09:29:19 | INFO     | scanner:_scan_loop:213 | Сканирование #1952 завершено. Найдено сетапов: 0
2026-04-03 09:30:19 | INFO     | scanner:_scan_loop:190 | ═══ Сканирование #1953 ═══
2026-04-03 09:30:54 | INFO     | scanner:_scan_loop:213 | Сканирование #1953 завершено. Найдено сетапов: 0
2026-04-03 09:31:54 | INFO     | scanner:_scan_loop:190 | ═══ Сканирование #1954 ═══
2026-04-03 09:32:26 | INFO     | scanner:_scan_loop:213 | Сканирование #1954 завершено. Найдено сетапов: 0
2026-04-03 09:33:26 | INFO     | scanner:_scan_loop:190 | ═══ Сканирование #1955 ═══
2026-04-03 09:33:58 | INFO     | scanner:_scan_loop:213 | Сканирование #1955 завершено. Найдено сетапов: 0
2026-04-03 09:34:58 | INFO     | scanner:_scan_loop:190 | ═══ Сканирование #1956 ═══
2026-04-03 09:35:33 | INFO     | scanner:_scan_loop:213 | Сканирование #1956 завершено. Найдено сетапов: 0
2026-04-03 09:36:33 | INFO     | scanner:_scan_loop:190 | ═══ Сканирование #1957 ═══
2026-04-03 09:37:08 | INFO     | scanner:_scan_loop:213 | Сканирование #1957 завершено. Найдено сетапов: 0
2026-04-03 09:38:08 | INFO     | scanner:_scan_loop:190 | ═══ Сканирование #1958 ═══
2026-04-03 09:38:41 | INFO     | scanner:_scan_loop:213 | Сканирование #1958 завершено. Найдено сетапов: 0
2026-04-03 09:39:41 | INFO     | scanner:_scan_loop:190 | ═══ Сканирование #1959 ═══
2026-04-03 09:40:17 | INFO     | scanner:_scan_loop:213 | Сканирование #1959 завершено. Найдено сетапов: 0
2026-04-03 09:41:17 | INFO     | scanner:_scan_loop:190 | ═══ Сканирование #1960 ═══
2026-04-03 09:41:50 | INFO     | scanner:_scan_loop:213 | Сканирование #1960 завершено. Найдено сетапов: 0
2026-04-03 09:42:50 | INFO     | scanner:_scan_loop:190 | ═══ Сканирование #1961 ═══
2026-04-03 09:43:34 | INFO     | scanner:_scan_loop:213 | Сканирование #1961 завершено. Найдено сетапов: 0
2026-04-03 09:44:34 | INFO     | scanner:_scan_loop:190 | ═══ Сканирование #1962 ═══
2026-04-03 09:45:09 | ERROR    | scanner:get_klines:88 | Ошибка загрузки данных STRKUSDT 15: 'x-bapi-limit-reset-timestamp'
2026-04-03 09:45:12 | ERROR    | scanner:get_klines:88 | Ошибка загрузки данных LDOUSDT 15: 'x-bapi-limit-reset-timestamp'
2026-04-03 09:45:12 | INFO     | scanner:_scan_loop:213 | Сканирование #1962 завершено. Найдено сетапов: 0
2026-04-03 09:46:12 | INFO     | scanner:_scan_loop:190 | ═══ Сканирование #1963 ═══
2026-04-03 09:46:47 | INFO     | scanner:_scan_loop:213 | Сканирование #1963 завершено. Найдено сетапов: 0
2026-04-03 09:47:47 | INFO     | scanner:_scan_loop:190 | ═══ Сканирование #1964 ═══
2026-04-03 09:48:23 | INFO     | scanner:_scan_loop:213 | Сканирование #1964 завершено. Найдено сетапов: 0
2026-04-03 09:49:23 | INFO     | scanner:_scan_loop:190 | ═══ Сканирование #1965 ═══
2026-04-03 09:49:57 | INFO     | scanner:_scan_loop:213 | Сканирование #1965 завершено. Найдено сетапов: 0
2026-04-03 09:50:57 | INFO     | scanner:_scan_loop:190 | ═══ Сканирование #1966 ═══
2026-04-03 09:51:33 | INFO     | scanner:_scan_loop:213 | Сканирование #1966 завершено. Найдено сетапов: 0
2026-04-03 09:52:33 | INFO     | scanner:_scan_loop:190 | ═══ Сканирование #1967 ═══
2026-04-03 09:53:07 | INFO     | scanner:_scan_loop:213 | Сканирование #1967 завершено. Найдено сетапов: 0
2026-04-03 09:54:07 | INFO     | scanner:_scan_loop:190 | ═══ Сканирование #1968 ═══
2026-04-03 09:54:44 | INFO     | scanner:_scan_loop:213 | Сканирование #1968 завершено. Найдено сетапов: 0
2026-04-03 09:55:44 | INFO     | scanner:_scan_loop:190 | ═══ Сканирование #1969 ═══
2026-04-03 09:56:19 | INFO     | scanner:_scan_loop:213 | Сканирование #1969 завершено. Найдено сетапов: 0
2026-04-03 09:57:19 | INFO     | scanner:_scan_loop:190 | ═══ Сканирование #1970 ═══
2026-04-03 09:57:54 | INFO     | scanner:_scan_loop:213 | Сканирование #1970 завершено. Найдено сетапов: 0
2026-04-03 09:58:54 | INFO     | scanner:_scan_loop:190 | ═══ Сканирование #1971 ═══
2026-04-03 09:59:39 | INFO     | scanner:_scan_loop:213 | Сканирование #1971 завершено. Найдено сетапов: 0
2026-04-03 10:00:39 | INFO     | scanner:_scan_loop:190 | ═══ Сканирование #1972 ═══
2026-04-03 10:01:13 | INFO     | scanner:_scan_loop:213 | Сканирование #1972 завершено. Найдено сетапов: 0
2026-04-03 10:02:13 | INFO     | scanner:_scan_loop:190 | ═══ Сканирование #1973 ═══
2026-04-03 10:02:48 | INFO     | scanner:_scan_loop:213 | Сканирование #1973 завершено. Найдено сетапов: 0
2026-04-03 10:03:48 | INFO     | scanner:_scan_loop:190 | ═══ Сканирование #1974 ═══
2026-04-03 10:04:22 | INFO     | scanner:_scan_loop:213 | Сканирование #1974 завершено. Найдено сетапов: 0
2026-04-03 10:05:22 | INFO     | scanner:_scan_loop:190 | ═══ Сканирование #1975 ═══
2026-04-03 10:05:59 | INFO     | scanner:_scan_loop:213 | Сканирование #1975 завершено. Найдено сетапов: 0
2026-04-03 10:06:59 | INFO     | scanner:_scan_loop:190 | ═══ Сканирование #1976 ═══
2026-04-03 10:07:36 | INFO     | scanner:_scan_loop:213 | Сканирование #1976 завершено. Найдено сетапов: 0
2026-04-03 10:08:36 | INFO     | scanner:_scan_loop:190 | ═══ Сканирование #1977 ═══
2026-04-03 10:09:11 | INFO     | scanner:_scan_loop:213 | Сканирование #1977 завершено. Найдено сетапов: 0
2026-04-03 10:10:11 | INFO     | scanner:_scan_loop:190 | ═══ Сканирование #1978 ═══
2026-04-03 10:10:45 | INFO     | scanner:_scan_loop:213 | Сканирование #1978 завершено. Найдено сетапов: 0
2026-04-03 10:11:45 | INFO     | scanner:_scan_loop:190 | ═══ Сканирование #1979 ═══
2026-04-03 10:12:19 | INFO     | scanner:_scan_loop:213 | Сканирование #1979 завершено. Найдено сетапов: 0
2026-04-03 10:13:19 | INFO     | scanner:_scan_loop:190 | ═══ Сканирование #1980 ═══
2026-04-03 10:13:52 | INFO     | scanner:_scan_loop:213 | Сканирование #1980 завершено. Найдено сетапов: 0
2026-04-03 10:14:52 | INFO     | scanner:_scan_loop:190 | ═══ Сканирование #1981 ═══
2026-04-03 10:15:08 | ERROR    | scanner:get_klines:88 | Ошибка загрузки данных APTUSDT 5: 'x-bapi-limit-reset-timestamp'
2026-04-03 10:15:09 | ERROR    | scanner:get_klines:88 | Ошибка загрузки данных OPUSDT 15: 'x-bapi-limit-reset-timestamp'
2026-04-03 10:15:13 | ERROR    | scanner:get_klines:88 | Ошибка загрузки данных SEIUSDT 240: 'x-bapi-limit-reset-timestamp'
2026-04-03 10:15:34 | INFO     | scanner:_scan_loop:213 | Сканирование #1981 завершено. Найдено сетапов: 0
2026-04-03 10:16:34 | INFO     | scanner:_scan_loop:190 | ═══ Сканирование #1982 ═══
2026-04-03 10:17:12 | INFO     | scanner:_scan_loop:213 | Сканирование #1982 завершено. Найдено сетапов: 0
2026-04-03 10:18:12 | INFO     | scanner:_scan_loop:190 | ═══ Сканирование #1983 ═══
2026-04-03 10:18:47 | INFO     | scanner:_scan_loop:213 | Сканирование #1983 завершено. Найдено сетапов: 0
2026-04-03 10:19:47 | INFO     | scanner:_scan_loop:190 | ═══ Сканирование #1984 ═══
2026-04-03 10:20:21 | INFO     | scanner:_scan_loop:213 | Сканирование #1984 завершено. Найдено сетапов: 0
2026-04-03 10:21:21 | INFO     | scanner:_scan_loop:190 | ═══ Сканирование #1985 ═══
2026-04-03 10:21:57 | INFO     | scanner:_scan_loop:213 | Сканирование #1985 завершено. Найдено сетапов: 0
2026-04-03 10:22:57 | INFO     | scanner:_scan_loop:190 | ═══ Сканирование #1986 ═══
2026-04-03 10:23:32 | INFO     | scanner:_scan_loop:213 | Сканирование #1986 завершено. Найдено сетапов: 0
2026-04-03 10:24:32 | INFO     | scanner:_scan_loop:190 | ═══ Сканирование #1987 ═══
2026-04-03 10:25:07 | ERROR    | scanner:get_klines:88 | Ошибка загрузки данных ENSUSDT 5: 'x-bapi-limit-reset-timestamp'
2026-04-03 10:25:08 | INFO     | scanner:_scan_loop:213 | Сканирование #1987 завершено. Найдено сетапов: 0
2026-04-03 10:26:08 | INFO     | scanner:_scan_loop:190 | ═══ Сканирование #1988 ═══
2026-04-03 10:26:45 | INFO     | scanner:_scan_loop:213 | Сканирование #1988 завершено. Найдено сетапов: 0
2026-04-03 10:27:45 | INFO     | scanner:_scan_loop:190 | ═══ Сканирование #1989 ═══
2026-04-03 10:28:20 | INFO     | scanner:_scan_loop:213 | Сканирование #1989 завершено. Найдено сетапов: 0
2026-04-03 10:29:20 | INFO     | scanner:_scan_loop:190 | ═══ Сканирование #1990 ═══
2026-04-03 10:29:56 | INFO     | scanner:_scan_loop:213 | Сканирование #1990 завершено. Найдено сетапов: 0
2026-04-03 10:30:56 | INFO     | scanner:_scan_loop:190 | ═══ Сканирование #1991 ═══
2026-04-03 10:31:40 | INFO     | scanner:_scan_loop:213 | Сканирование #1991 завершено. Найдено сетапов: 0
2026-04-03 10:32:40 | INFO     | scanner:_scan_loop:190 | ═══ Сканирование #1992 ═══
2026-04-03 10:33:19 | INFO     | scanner:_scan_loop:213 | Сканирование #1992 завершено. Найдено сетапов: 0
2026-04-03 10:34:19 | INFO     | scanner:_scan_loop:190 | ═══ Сканирование #1993 ═══
2026-04-03 10:34:54 | INFO     | scanner:_scan_loop:213 | Сканирование #1993 завершено. Найдено сетапов: 0
2026-04-03 10:35:54 | INFO     | scanner:_scan_loop:190 | ═══ Сканирование #1994 ═══
2026-04-03 10:36:29 | INFO     | scanner:_scan_loop:213 | Сканирование #1994 завершено. Найдено сетапов: 0
2026-04-03 10:37:29 | INFO     | scanner:_scan_loop:190 | ═══ Сканирование #1995 ═══
2026-04-03 10:38:02 | INFO     | scanner:_scan_loop:213 | Сканирование #1995 завершено. Найдено сетапов: 0
2026-04-03 10:39:02 | INFO     | scanner:_scan_loop:190 | ═══ Сканирование #1996 ═══
2026-04-03 10:39:37 | INFO     | scanner:_scan_loop:213 | Сканирование #1996 завершено. Найдено сетапов: 0
2026-04-03 10:40:37 | INFO     | scanner:_scan_loop:190 | ═══ Сканирование #1997 ═══
2026-04-03 10:41:14 | INFO     | scanner:_scan_loop:213 | Сканирование #1997 завершено. Найдено сетапов: 0
2026-04-03 10:42:14 | INFO     | scanner:_scan_loop:190 | ═══ Сканирование #1998 ═══
2026-04-03 10:42:49 | INFO     | scanner:_scan_loop:213 | Сканирование #1998 завершено. Найдено сетапов: 0
2026-04-03 10:43:49 | INFO     | scanner:_scan_loop:190 | ═══ Сканирование #1999 ═══
2026-04-03 10:44:27 | INFO     | scanner:_scan_loop:213 | Сканирование #1999 завершено. Найдено сетапов: 0
2026-04-03 10:45:27 | INFO     | scanner:_scan_loop:190 | ═══ Сканирование #2000 ═══
2026-04-03 10:45:59 | INFO     | scanner:_scan_loop:213 | Сканирование #2000 завершено. Найдено сетапов: 0
2026-04-03 10:46:59 | INFO     | scanner:_scan_loop:190 | ═══ Сканирование #2001 ═══
2026-04-03 10:47:45 | INFO     | scanner:_scan_loop:213 | Сканирование #2001 завершено. Найдено сетапов: 0
2026-04-03 10:48:45 | INFO     | scanner:_scan_loop:190 | ═══ Сканирование #2002 ═══
2026-04-03 10:49:22 | INFO     | scanner:_scan_loop:213 | Сканирование #2002 завершено. Найдено сетапов: 0
2026-04-03 10:50:22 | INFO     | scanner:_scan_loop:190 | ═══ Сканирование #2003 ═══
2026-04-03 10:50:58 | INFO     | scanner:_scan_loop:213 | Сканирование #2003 завершено. Найдено сетапов: 0
2026-04-03 10:51:58 | INFO     | scanner:_scan_loop:190 | ═══ Сканирование #2004 ═══
2026-04-03 10:52:36 | INFO     | scanner:_scan_loop:213 | Сканирование #2004 завершено. Найдено сетапов: 0
2026-04-03 10:53:36 | INFO     | scanner:_scan_loop:190 | ═══ Сканирование #2005 ═══
2026-04-03 10:54:06 | INFO     | scanner:_scan_loop:213 | Сканирование #2005 завершено. Найдено сетапов: 0
2026-04-03 10:55:06 | INFO     | scanner:_scan_loop:190 | ═══ Сканирование #2006 ═══
2026-04-03 10:55:38 | INFO     | scanner:_scan_loop:213 | Сканирование #2006 завершено. Найдено сетапов: 0
2026-04-03 10:56:38 | INFO     | scanner:_scan_loop:190 | ═══ Сканирование #2007 ═══
2026-04-03 10:57:08 | INFO     | scanner:_scan_loop:213 | Сканирование #2007 завершено. Найдено сетапов: 0
2026-04-03 10:58:08 | INFO     | scanner:_scan_loop:190 | ═══ Сканирование #2008 ═══
2026-04-03 10:58:39 | INFO     | scanner:_scan_loop:213 | Сканирование #2008 завершено. Найдено сетапов: 0
2026-04-03 10:59:39 | INFO     | scanner:_scan_loop:190 | ═══ Сканирование #2009 ═══
2026-04-03 11:00:02 | ERROR    | scanner:get_klines:88 | Ошибка загрузки данных CRVUSDT 15: 'x-bapi-limit-reset-timestamp'
2026-04-03 11:00:05 | ERROR    | scanner:get_klines:88 | Ошибка загрузки данных PENDLEUSDT 5: 'x-bapi-limit-reset-timestamp'
2026-04-03 11:00:05 | ERROR    | scanner:get_klines:88 | Ошибка загрузки данных JTOUSDT 15: 'x-bapi-limit-reset-timestamp'
2026-04-03 11:00:06 | ERROR    | scanner:get_klines:88 | Ошибка загрузки данных STRKUSDT 15: 'x-bapi-limit-reset-timestamp'
2026-04-03 11:00:07 | ERROR    | scanner:get_klines:88 | Ошибка загрузки данных BLURUSDT 15: 'x-bapi-limit-reset-timestamp'
2026-04-03 11:00:08 | ERROR    | scanner:get_klines:88 | Ошибка загрузки данных ENSUSDT 5: 'x-bapi-limit-reset-timestamp'
2026-04-03 11:00:09 | INFO     | scanner:_scan_loop:213 | Сканирование #2009 завершено. Найдено сетапов: 0
2026-04-03 11:01:09 | INFO     | scanner:_scan_loop:190 | ═══ Сканирование #2010 ═══
2026-04-03 11:01:43 | INFO     | scanner:_scan_loop:213 | Сканирование #2010 завершено. Найдено сетапов: 0
2026-04-03 11:02:43 | INFO     | scanner:_scan_loop:190 | ═══ Сканирование #2011 ═══
2026-04-03 11:03:20 | INFO     | scanner:_scan_loop:213 | Сканирование #2011 завершено. Найдено сетапов: 0
2026-04-03 11:04:20 | INFO     | scanner:_scan_loop:190 | ═══ Сканирование #2012 ═══
2026-04-03 11:04:54 | INFO     | scanner:_scan_loop:213 | Сканирование #2012 завершено. Найдено сетапов: 0
2026-04-03 11:05:54 | INFO     | scanner:_scan_loop:190 | ═══ Сканирование #2013 ═══
2026-04-03 11:06:23 | INFO     | scanner:_scan_loop:213 | Сканирование #2013 завершено. Найдено сетапов: 0
2026-04-03 11:07:23 | INFO     | scanner:_scan_loop:190 | ═══ Сканирование #2014 ═══
2026-04-03 11:07:56 | INFO     | scanner:_scan_loop:213 | Сканирование #2014 завершено. Найдено сетапов: 0
2026-04-03 11:08:56 | INFO     | scanner:_scan_loop:190 | ═══ Сканирование #2015 ═══
2026-04-03 11:09:25 | INFO     | scanner:_scan_loop:213 | Сканирование #2015 завершено. Найдено сетапов: 0
2026-04-03 11:10:25 | INFO     | scanner:_scan_loop:190 | ═══ Сканирование #2016 ═══
2026-04-03 11:10:56 | INFO     | scanner:_scan_loop:213 | Сканирование #2016 завершено. Найдено сетапов: 0
2026-04-03 11:11:56 | INFO     | scanner:_scan_loop:190 | ═══ Сканирование #2017 ═══
2026-04-03 11:12:28 | INFO     | scanner:_scan_loop:213 | Сканирование #2017 завершено. Найдено сетапов: 0
2026-04-03 11:13:28 | INFO     | scanner:_scan_loop:190 | ═══ Сканирование #2018 ═══
2026-04-03 11:13:59 | INFO     | scanner:_scan_loop:213 | Сканирование #2018 завершено. Найдено сетапов: 0
2026-04-03 11:14:59 | INFO     | scanner:_scan_loop:190 | ═══ Сканирование #2019 ═══
2026-04-03 11:15:07 | ERROR    | scanner:get_klines:88 | Ошибка загрузки данных LTCUSDT 15: 'x-bapi-limit-reset-timestamp'
2026-04-03 11:15:30 | INFO     | scanner:_scan_loop:213 | Сканирование #2019 завершено. Найдено сетапов: 0
2026-04-03 11:16:30 | INFO     | scanner:_scan_loop:190 | ═══ Сканирование #2020 ═══
2026-04-03 11:17:02 | INFO     | scanner:_scan_loop:213 | Сканирование #2020 завершено. Найдено сетапов: 0
2026-04-03 11:18:02 | INFO     | scanner:_scan_loop:190 | ═══ Сканирование #2021 ═══
2026-04-03 11:18:42 | INFO     | scanner:_scan_loop:213 | Сканирование #2021 завершено. Найдено сетапов: 0
2026-04-03 11:19:42 | INFO     | scanner:_scan_loop:190 | ═══ Сканирование #2022 ═══
2026-04-03 11:20:07 | ERROR    | scanner:get_klines:88 | Ошибка загрузки данных SNXUSDT 5: 'x-bapi-limit-reset-timestamp'
2026-04-03 11:20:15 | INFO     | scanner:_scan_loop:213 | Сканирование #2022 завершено. Найдено сетапов: 0
2026-04-03 11:21:15 | INFO     | scanner:_scan_loop:190 | ═══ Сканирование #2023 ═══
2026-04-03 11:21:46 | INFO     | scanner:_scan_loop:213 | Сканирование #2023 завершено. Найдено сетапов: 0
2026-04-03 11:22:46 | INFO     | scanner:_scan_loop:190 | ═══ Сканирование #2024 ═══
2026-04-03 11:23:16 | INFO     | scanner:_scan_loop:213 | Сканирование #2024 завершено. Найдено сетапов: 0
2026-04-03 11:24:16 | INFO     | scanner:_scan_loop:190 | ═══ Сканирование #2025 ═══
2026-04-03 11:24:47 | INFO     | scanner:_scan_loop:213 | Сканирование #2025 завершено. Найдено сетапов: 0
2026-04-03 11:25:47 | INFO     | scanner:_scan_loop:190 | ═══ Сканирование #2026 ═══
2026-04-03 11:26:16 | INFO     | scanner:_scan_loop:213 | Сканирование #2026 завершено. Найдено сетапов: 0
2026-04-03 11:27:16 | INFO     | scanner:_scan_loop:190 | ═══ Сканирование #2027 ═══
2026-04-03 11:27:48 | INFO     | scanner:_scan_loop:213 | Сканирование #2027 завершено. Найдено сетапов: 0
2026-04-03 11:28:48 | INFO     | scanner:_scan_loop:190 | ═══ Сканирование #2028 ═══
2026-04-03 11:29:18 | INFO     | scanner:_scan_loop:213 | Сканирование #2028 завершено. Найдено сетапов: 0
2026-04-03 11:30:18 | INFO     | scanner:_scan_loop:190 | ═══ Сканирование #2029 ═══
2026-04-03 11:30:49 | INFO     | scanner:_scan_loop:213 | Сканирование #2029 завершено. Найдено сетапов: 0
2026-04-03 11:31:49 | INFO     | scanner:_scan_loop:190 | ═══ Сканирование #2030 ═══
2026-04-03 11:32:18 | INFO     | scanner:_scan_loop:213 | Сканирование #2030 завершено. Найдено сетапов: 0
2026-04-03 11:33:18 | INFO     | scanner:_scan_loop:190 | ═══ Сканирование #2031 ═══
2026-04-03 11:33:59 | INFO     | scanner:_scan_loop:213 | Сканирование #2031 завершено. Найдено сетапов: 0
2026-04-03 11:34:59 | INFO     | scanner:_scan_loop:190 | ═══ Сканирование #2032 ═══
2026-04-03 11:35:36 | INFO     | scanner:_scan_loop:213 | Сканирование #2032 завершено. Найдено сетапов: 0
2026-04-03 11:36:36 | INFO     | scanner:_scan_loop:190 | ═══ Сканирование #2033 ═══
2026-04-03 11:37:11 | INFO     | scanner:_scan_loop:213 | Сканирование #2033 завершено. Найдено сетапов: 0
2026-04-03 11:38:11 | INFO     | scanner:_scan_loop:190 | ═══ Сканирование #2034 ═══
2026-04-03 11:38:44 | INFO     | scanner:_scan_loop:213 | Сканирование #2034 завершено. Найдено сетапов: 0
2026-04-03 11:39:44 | INFO     | scanner:_scan_loop:190 | ═══ Сканирование #2035 ═══
2026-04-03 11:40:09 | ERROR    | scanner:get_klines:88 | Ошибка загрузки данных CRVUSDT 15: 'x-bapi-limit-reset-timestamp'
2026-04-03 11:40:15 | INFO     | scanner:_scan_loop:213 | Сканирование #2035 завершено. Найдено сетапов: 0
2026-04-03 11:41:15 | INFO     | scanner:_scan_loop:190 | ═══ Сканирование #2036 ═══
2026-04-03 11:41:44 | INFO     | scanner:_scan_loop:213 | Сканирование #2036 завершено. Найдено сетапов: 0
2026-04-03 11:42:44 | INFO     | scanner:_scan_loop:190 | ═══ Сканирование #2037 ═══
2026-04-03 11:43:18 | INFO     | scanner:_scan_loop:213 | Сканирование #2037 завершено. Найдено сетапов: 0
2026-04-03 11:44:18 | INFO     | scanner:_scan_loop:190 | ═══ Сканирование #2038 ═══
2026-04-03 11:44:49 | INFO     | scanner:_scan_loop:213 | Сканирование #2038 завершено. Найдено сетапов: 0
2026-04-03 11:45:49 | INFO     | scanner:_scan_loop:190 | ═══ Сканирование #2039 ═══
2026-04-03 11:46:20 | INFO     | scanner:_scan_loop:213 | Сканирование #2039 завершено. Найдено сетапов: 0
2026-04-03 11:47:20 | INFO     | scanner:_scan_loop:190 | ═══ Сканирование #2040 ═══
2026-04-03 11:47:51 | INFO     | scanner:_scan_loop:213 | Сканирование #2040 завершено. Найдено сетапов: 0
2026-04-03 11:48:51 | INFO     | scanner:_scan_loop:190 | ═══ Сканирование #2041 ═══
2026-04-03 11:49:30 | INFO     | scanner:_scan_loop:213 | Сканирование #2041 завершено. Найдено сетапов: 0
2026-04-03 11:50:30 | INFO     | scanner:_scan_loop:190 | ═══ Сканирование #2042 ═══
2026-04-03 11:51:07 | INFO     | scanner:_scan_loop:213 | Сканирование #2042 завершено. Найдено сетапов: 0
2026-04-03 11:52:07 | INFO     | scanner:_scan_loop:190 | ═══ Сканирование #2043 ═══
2026-04-03 11:52:38 | INFO     | scanner:_scan_loop:213 | Сканирование #2043 завершено. Найдено сетапов: 0
2026-04-03 11:53:38 | INFO     | scanner:_scan_loop:190 | ═══ Сканирование #2044 ═══
2026-04-03 11:54:09 | INFO     | scanner:_scan_loop:213 | Сканирование #2044 завершено. Найдено сетапов: 0
2026-04-03 11:55:09 | INFO     | scanner:_scan_loop:190 | ═══ Сканирование #2045 ═══
2026-04-03 11:55:41 | INFO     | scanner:_scan_loop:213 | Сканирование #2045 завершено. Найдено сетапов: 0
2026-04-03 11:56:41 | INFO     | scanner:_scan_loop:190 | ═══ Сканирование #2046 ═══
2026-04-03 11:57:15 | INFO     | scanner:_scan_loop:213 | Сканирование #2046 завершено. Найдено сетапов: 0
2026-04-03 11:58:15 | INFO     | scanner:_scan_loop:190 | ═══ Сканирование #2047 ═══
2026-04-03 11:58:48 | INFO     | scanner:_scan_loop:213 | Сканирование #2047 завершено. Найдено сетапов: 0
2026-04-03 11:59:48 | INFO     | scanner:_scan_loop:190 | ═══ Сканирование #2048 ═══
2026-04-03 12:00:04 | ERROR    | scanner:get_klines:88 | Ошибка загрузки данных SUIUSDT 5: 'x-bapi-limit-reset-timestamp'
2026-04-03 12:00:04 | ERROR    | scanner:get_klines:88 | Ошибка загрузки данных NEARUSDT 15: 'x-bapi-limit-reset-timestamp'
2026-04-03 12:00:06 | ERROR    | scanner:get_klines:88 | Ошибка загрузки данных SEIUSDT 15: 'x-bapi-limit-reset-timestamp'
2026-04-03 12:00:12 | ERROR    | scanner:get_klines:88 | Ошибка загрузки данных TRXUSDT 15: 'x-bapi-limit-reset-timestamp'
2026-04-03 12:00:22 | INFO     | scanner:_scan_loop:213 | Сканирование #2048 завершено. Найдено сетапов: 0
2026-04-03 12:01:22 | INFO     | scanner:_scan_loop:190 | ═══ Сканирование #2049 ═══
2026-04-03 12:01:55 | INFO     | scanner:_scan_loop:213 | Сканирование #2049 завершено. Найдено сетапов: 0
2026-04-03 12:02:55 | INFO     | scanner:_scan_loop:190 | ═══ Сканирование #2050 ═══
2026-04-03 12:03:26 | INFO     | scanner:_scan_loop:213 | Сканирование #2050 завершено. Найдено сетапов: 0
2026-04-03 12:04:26 | INFO     | scanner:_scan_loop:190 | ═══ Сканирование #2051 ═══
2026-04-03 12:05:08 | INFO     | scanner:_scan_loop:213 | Сканирование #2051 завершено. Найдено сетапов: 0
2026-04-03 12:06:08 | INFO     | scanner:_scan_loop:190 | ═══ Сканирование #2052 ═══
2026-04-03 12:06:44 | INFO     | scanner:_scan_loop:213 | Сканирование #2052 завершено. Найдено сетапов: 0
2026-04-03 12:07:44 | INFO     | scanner:_scan_loop:190 | ═══ Сканирование #2053 ═══
2026-04-03 12:08:16 | INFO     | scanner:_scan_loop:213 | Сканирование #2053 завершено. Найдено сетапов: 0
2026-04-03 12:09:16 | INFO     | scanner:_scan_loop:190 | ═══ Сканирование #2054 ═══
2026-04-03 12:09:46 | INFO     | scanner:_scan_loop:213 | Сканирование #2054 завершено. Найдено сетапов: 0
2026-04-03 12:10:46 | INFO     | scanner:_scan_loop:190 | ═══ Сканирование #2055 ═══
2026-04-03 12:11:18 | INFO     | scanner:_scan_loop:213 | Сканирование #2055 завершено. Найдено сетапов: 0
2026-04-03 12:12:18 | INFO     | scanner:_scan_loop:190 | ═══ Сканирование #2056 ═══
2026-04-03 12:12:51 | INFO     | scanner:_scan_loop:213 | Сканирование #2056 завершено. Найдено сетапов: 0
2026-04-03 12:13:51 | INFO     | scanner:_scan_loop:190 | ═══ Сканирование #2057 ═══
2026-04-03 12:14:21 | INFO     | scanner:_scan_loop:213 | Сканирование #2057 завершено. Найдено сетапов: 0
2026-04-03 12:15:21 | INFO     | scanner:_scan_loop:190 | ═══ Сканирование #2058 ═══
2026-04-03 12:15:50 | INFO     | scanner:_scan_loop:213 | Сканирование #2058 завершено. Найдено сетапов: 0
2026-04-03 12:16:50 | INFO     | scanner:_scan_loop:190 | ═══ Сканирование #2059 ═══
2026-04-03 12:17:23 | INFO     | scanner:_scan_loop:213 | Сканирование #2059 завершено. Найдено сетапов: 0
2026-04-03 12:18:23 | INFO     | scanner:_scan_loop:190 | ═══ Сканирование #2060 ═══
2026-04-03 12:18:54 | INFO     | scanner:_scan_loop:213 | Сканирование #2060 завершено. Найдено сетапов: 0
2026-04-03 12:19:54 | INFO     | scanner:_scan_loop:190 | ═══ Сканирование #2061 ═══
2026-04-03 12:20:33 | INFO     | scanner:_scan_loop:213 | Сканирование #2061 завершено. Найдено сетапов: 0
2026-04-03 12:21:33 | INFO     | scanner:_scan_loop:190 | ═══ Сканирование #2062 ═══
2026-04-03 12:22:06 | INFO     | scanner:_scan_loop:213 | Сканирование #2062 завершено. Найдено сетапов: 0
2026-04-03 12:23:06 | INFO     | scanner:_scan_loop:190 | ═══ Сканирование #2063 ═══
2026-04-03 12:23:38 | INFO     | scanner:_scan_loop:213 | Сканирование #2063 завершено. Найдено сетапов: 0
2026-04-03 12:24:38 | INFO     | scanner:_scan_loop:190 | ═══ Сканирование #2064 ═══
2026-04-03 12:25:09 | INFO     | scanner:_scan_loop:213 | Сканирование #2064 завершено. Найдено сетапов: 0
2026-04-03 12:26:09 | INFO     | scanner:_scan_loop:190 | ═══ Сканирование #2065 ═══
2026-04-03 12:26:41 | INFO     | scanner:_scan_loop:213 | Сканирование #2065 завершено. Найдено сетапов: 0
2026-04-03 12:27:41 | INFO     | scanner:_scan_loop:190 | ═══ Сканирование #2066 ═══
2026-04-03 12:28:12 | INFO     | scanner:_scan_loop:213 | Сканирование #2066 завершено. Найдено сетапов: 0
2026-04-03 12:29:12 | INFO     | scanner:_scan_loop:190 | ═══ Сканирование #2067 ═══
2026-04-03 12:29:44 | INFO     | scanner:_scan_loop:213 | Сканирование #2067 завершено. Найдено сетапов: 0
2026-04-03 12:30:44 | INFO     | scanner:_scan_loop:190 | ═══ Сканирование #2068 ═══
2026-04-03 12:31:15 | INFO     | scanner:_scan_loop:213 | Сканирование #2068 завершено. Найдено сетапов: 0
2026-04-03 12:32:15 | INFO     | scanner:_scan_loop:190 | ═══ Сканирование #2069 ═══
2026-04-03 12:32:47 | INFO     | scanner:_scan_loop:213 | Сканирование #2069 завершено. Найдено сетапов: 0
2026-04-03 12:33:47 | INFO     | scanner:_scan_loop:190 | ═══ Сканирование #2070 ═══
2026-04-03 12:34:17 | INFO     | scanner:_scan_loop:213 | Сканирование #2070 завершено. Найдено сетапов: 0
2026-04-03 12:35:17 | INFO     | scanner:_scan_loop:190 | ═══ Сканирование #2071 ═══
2026-04-03 12:35:56 | INFO     | scanner:_scan_loop:213 | Сканирование #2071 завершено. Найдено сетапов: 0
2026-04-03 12:36:56 | INFO     | scanner:_scan_loop:190 | ═══ Сканирование #2072 ═══
2026-04-03 12:37:31 | INFO     | scanner:_scan_loop:213 | Сканирование #2072 завершено. Найдено сетапов: 0
2026-04-03 12:38:31 | INFO     | scanner:_scan_loop:190 | ═══ Сканирование #2073 ═══
2026-04-03 12:39:02 | INFO     | scanner:_scan_loop:213 | Сканирование #2073 завершено. Найдено сетапов: 0
2026-04-03 12:40:02 | INFO     | scanner:_scan_loop:190 | ═══ Сканирование #2074 ═══
2026-04-03 12:40:34 | INFO     | scanner:_scan_loop:213 | Сканирование #2074 завершено. Найдено сетапов: 0
2026-04-03 12:41:34 | INFO     | scanner:_scan_loop:190 | ═══ Сканирование #2075 ═══
2026-04-03 12:42:05 | INFO     | scanner:_scan_loop:213 | Сканирование #2075 завершено. Найдено сетапов: 0
2026-04-03 12:43:05 | INFO     | scanner:_scan_loop:190 | ═══ Сканирование #2076 ═══
2026-04-03 12:43:38 | INFO     | scanner:_scan_loop:213 | Сканирование #2076 завершено. Найдено сетапов: 0
2026-04-03 12:44:38 | INFO     | scanner:_scan_loop:190 | ═══ Сканирование #2077 ═══
2026-04-03 12:45:04 | ERROR    | scanner:get_klines:88 | Ошибка загрузки данных PENDLEUSDT 15: 'x-bapi-limit-reset-timestamp'
2026-04-03 12:45:05 | ERROR    | scanner:get_klines:88 | Ошибка загрузки данных PYTHUSDT 5: 'x-bapi-limit-reset-timestamp'
2026-04-03 12:45:08 | INFO     | scanner:_scan_loop:213 | Сканирование #2077 завершено. Найдено сетапов: 0
2026-04-03 12:46:08 | INFO     | scanner:_scan_loop:190 | ═══ Сканирование #2078 ═══
2026-04-03 12:46:39 | INFO     | scanner:_scan_loop:213 | Сканирование #2078 завершено. Найдено сетапов: 0
2026-04-03 12:47:39 | INFO     | scanner:_scan_loop:190 | ═══ Сканирование #2079 ═══
2026-04-03 12:48:09 | INFO     | scanner:_scan_loop:213 | Сканирование #2079 завершено. Найдено сетапов: 0
2026-04-03 12:49:09 | INFO     | scanner:_scan_loop:190 | ═══ Сканирование #2080 ═══
2026-04-03 12:49:41 | INFO     | scanner:_scan_loop:213 | Сканирование #2080 завершено. Найдено сетапов: 0
2026-04-03 12:50:41 | INFO     | scanner:_scan_loop:190 | ═══ Сканирование #2081 ═══
2026-04-03 12:51:21 | INFO     | scanner:_scan_loop:213 | Сканирование #2081 завершено. Найдено сетапов: 0
2026-04-03 12:52:21 | INFO     | scanner:_scan_loop:190 | ═══ Сканирование #2082 ═══
2026-04-03 12:52:56 | INFO     | scanner:_scan_loop:213 | Сканирование #2082 завершено. Найдено сетапов: 0
2026-04-03 12:53:56 | INFO     | scanner:_scan_loop:190 | ═══ Сканирование #2083 ═══
2026-04-03 12:54:26 | INFO     | scanner:_scan_loop:213 | Сканирование #2083 завершено. Найдено сетапов: 0
2026-04-03 12:55:26 | INFO     | scanner:_scan_loop:190 | ═══ Сканирование #2084 ═══
2026-04-03 12:55:58 | INFO     | scanner:_scan_loop:213 | Сканирование #2084 завершено. Найдено сетапов: 0
2026-04-03 12:56:58 | INFO     | scanner:_scan_loop:190 | ═══ Сканирование #2085 ═══
2026-04-03 12:57:30 | INFO     | scanner:_scan_loop:213 | Сканирование #2085 завершено. Найдено сетапов: 0
2026-04-03 12:58:30 | INFO     | scanner:_scan_loop:190 | ═══ Сканирование #2086 ═══
2026-04-03 12:59:03 | INFO     | scanner:_scan_loop:213 | Сканирование #2086 завершено. Найдено сетапов: 0
2026-04-03 13:00:03 | INFO     | scanner:_scan_loop:190 | ═══ Сканирование #2087 ═══
2026-04-03 13:00:05 | ERROR    | scanner:get_klines:88 | Ошибка загрузки данных BTCUSDT 5: 'x-bapi-limit-reset-timestamp'
2026-04-03 13:00:05 | ERROR    | scanner:get_klines:88 | Ошибка загрузки данных ETHUSDT 5: 'x-bapi-limit-reset-timestamp'
2026-04-03 13:00:11 | ERROR    | scanner:get_klines:88 | Ошибка загрузки данных LINKUSDT 5: 'x-bapi-limit-reset-timestamp'
2026-04-03 13:00:20 | ERROR    | scanner:get_klines:88 | Ошибка загрузки данных WLDUSDT 15: 'x-bapi-limit-reset-timestamp'
2026-04-03 13:00:36 | INFO     | scanner:_scan_loop:213 | Сканирование #2087 завершено. Найдено сетапов: 0
2026-04-03 13:01:36 | INFO     | scanner:_scan_loop:190 | ═══ Сканирование #2088 ═══
2026-04-03 13:02:09 | INFO     | scanner:_scan_loop:213 | Сканирование #2088 завершено. Найдено сетапов: 0
2026-04-03 13:03:09 | INFO     | scanner:_scan_loop:190 | ═══ Сканирование #2089 ═══
2026-04-03 13:03:43 | INFO     | scanner:_scan_loop:213 | Сканирование #2089 завершено. Найдено сетапов: 0
2026-04-03 13:04:43 | INFO     | scanner:_scan_loop:190 | ═══ Сканирование #2090 ═══
2026-04-03 13:05:16 | INFO     | scanner:_scan_loop:213 | Сканирование #2090 завершено. Найдено сетапов: 0
2026-04-03 13:06:16 | INFO     | scanner:_scan_loop:190 | ═══ Сканирование #2091 ═══
2026-04-03 13:06:58 | INFO     | scanner:_scan_loop:213 | Сканирование #2091 завершено. Найдено сетапов: 0
2026-04-03 13:07:58 | INFO     | scanner:_scan_loop:190 | ═══ Сканирование #2092 ═══
2026-04-03 13:08:36 | INFO     | scanner:_scan_loop:213 | Сканирование #2092 завершено. Найдено сетапов: 0
2026-04-03 13:09:36 | INFO     | scanner:_scan_loop:190 | ═══ Сканирование #2093 ═══
2026-04-03 13:10:08 | INFO     | scanner:_scan_loop:213 | Сканирование #2093 завершено. Найдено сетапов: 0
2026-04-03 13:11:08 | INFO     | scanner:_scan_loop:190 | ═══ Сканирование #2094 ═══
2026-04-03 13:11:40 | INFO     | scanner:_scan_loop:213 | Сканирование #2094 завершено. Найдено сетапов: 0
2026-04-03 13:12:40 | INFO     | scanner:_scan_loop:190 | ═══ Сканирование #2095 ═══
2026-04-03 13:13:12 | INFO     | scanner:_scan_loop:213 | Сканирование #2095 завершено. Найдено сетапов: 0
2026-04-03 13:14:12 | INFO     | scanner:_scan_loop:190 | ═══ Сканирование #2096 ═══
2026-04-03 13:14:42 | INFO     | scanner:_scan_loop:213 | Сканирование #2096 завершено. Найдено сетапов: 0
2026-04-03 13:15:42 | INFO     | scanner:_scan_loop:190 | ═══ Сканирование #2097 ═══
2026-04-03 13:16:17 | INFO     | scanner:_scan_loop:213 | Сканирование #2097 завершено. Найдено сетапов: 0
2026-04-03 13:17:17 | INFO     | scanner:_scan_loop:190 | ═══ Сканирование #2098 ═══
2026-04-03 13:17:50 | INFO     | scanner:_scan_loop:213 | Сканирование #2098 завершено. Найдено сетапов: 0
2026-04-03 13:18:50 | INFO     | scanner:_scan_loop:190 | ═══ Сканирование #2099 ═══
2026-04-03 13:19:23 | INFO     | scanner:_scan_loop:213 | Сканирование #2099 завершено. Найдено сетапов: 0
2026-04-03 13:20:23 | INFO     | scanner:_scan_loop:190 | ═══ Сканирование #2100 ═══
2026-04-03 13:21:00 | INFO     | scanner:_scan_loop:213 | Сканирование #2100 завершено. Найдено сетапов: 0
2026-04-03 13:22:00 | INFO     | scanner:_scan_loop:190 | ═══ Сканирование #2101 ═══
2026-04-03 13:22:40 | INFO     | scanner:_scan_loop:213 | Сканирование #2101 завершено. Найдено сетапов: 0
2026-04-03 13:23:40 | INFO     | scanner:_scan_loop:190 | ═══ Сканирование #2102 ═══
2026-04-03 13:24:15 | INFO     | scanner:_scan_loop:213 | Сканирование #2102 завершено. Найдено сетапов: 0
2026-04-03 13:25:15 | INFO     | scanner:_scan_loop:190 | ═══ Сканирование #2103 ═══
2026-04-03 13:25:45 | INFO     | scanner:_scan_loop:213 | Сканирование #2103 завершено. Найдено сетапов: 0
2026-04-03 13:26:45 | INFO     | scanner:_scan_loop:190 | ═══ Сканирование #2104 ═══
2026-04-03 13:27:18 | INFO     | scanner:_scan_loop:213 | Сканирование #2104 завершено. Найдено сетапов: 0
2026-04-03 13:28:18 | INFO     | scanner:_scan_loop:190 | ═══ Сканирование #2105 ═══
2026-04-03 13:28:49 | INFO     | scanner:_scan_loop:213 | Сканирование #2105 завершено. Найдено сетапов: 0
2026-04-03 13:29:49 | INFO     | scanner:_scan_loop:190 | ═══ Сканирование #2106 ═══
2026-04-03 13:30:04 | ERROR    | scanner:get_klines:88 | Ошибка загрузки данных ARBUSDT 5: 'x-bapi-limit-reset-timestamp'
2026-04-03 13:30:05 | ERROR    | scanner:get_klines:88 | Ошибка загрузки данных NEARUSDT 15: 'x-bapi-limit-reset-timestamp'
2026-04-03 13:30:13 | ERROR    | scanner:get_klines:88 | Ошибка загрузки данных MANTAUSDT 5: 'x-bapi-limit-reset-timestamp'
2026-04-03 13:30:22 | ERROR    | scanner:get_klines:88 | Ошибка загрузки данных LDOUSDT 5: 'x-bapi-limit-reset-timestamp'
2026-04-03 13:30:22 | INFO     | scanner:_scan_loop:213 | Сканирование #2106 завершено. Найдено сетапов: 0
2026-04-03 13:31:22 | INFO     | scanner:_scan_loop:190 | ═══ Сканирование #2107 ═══
2026-04-03 13:31:54 | INFO     | scanner:_scan_loop:213 | Сканирование #2107 завершено. Найдено сетапов: 0
2026-04-03 13:32:54 | INFO     | scanner:_scan_loop:190 | ═══ Сканирование #2108 ═══
2026-04-03 13:33:26 | INFO     | scanner:_scan_loop:213 | Сканирование #2108 завершено. Найдено сетапов: 0
2026-04-03 13:34:26 | INFO     | scanner:_scan_loop:190 | ═══ Сканирование #2109 ═══
2026-04-03 13:34:56 | INFO     | scanner:_scan_loop:213 | Сканирование #2109 завершено. Найдено сетапов: 0
2026-04-03 13:35:56 | INFO     | scanner:_scan_loop:190 | ═══ Сканирование #2110 ═══
2026-04-03 13:36:28 | INFO     | scanner:_scan_loop:213 | Сканирование #2110 завершено. Найдено сетапов: 0
2026-04-03 13:37:28 | INFO     | scanner:_scan_loop:190 | ═══ Сканирование #2111 ═══
2026-04-03 13:38:07 | INFO     | scanner:_scan_loop:213 | Сканирование #2111 завершено. Найдено сетапов: 0
2026-04-03 13:39:07 | INFO     | scanner:_scan_loop:190 | ═══ Сканирование #2112 ═══
2026-04-03 13:39:41 | INFO     | scanner:_scan_loop:213 | Сканирование #2112 завершено. Найдено сетапов: 0
2026-04-03 13:40:41 | INFO     | scanner:_scan_loop:190 | ═══ Сканирование #2113 ═══
2026-04-03 13:41:12 | INFO     | scanner:_scan_loop:213 | Сканирование #2113 завершено. Найдено сетапов: 0
2026-04-03 13:42:12 | INFO     | scanner:_scan_loop:190 | ═══ Сканирование #2114 ═══
2026-04-03 13:42:42 | INFO     | scanner:_scan_loop:213 | Сканирование #2114 завершено. Найдено сетапов: 0
2026-04-03 13:43:42 | INFO     | scanner:_scan_loop:190 | ═══ Сканирование #2115 ═══
2026-04-03 13:44:15 | INFO     | scanner:_scan_loop:213 | Сканирование #2115 завершено. Найдено сетапов: 0
2026-04-03 13:45:15 | INFO     | scanner:_scan_loop:190 | ═══ Сканирование #2116 ═══
2026-04-03 13:45:46 | INFO     | scanner:_scan_loop:213 | Сканирование #2116 завершено. Найдено сетапов: 0
2026-04-03 13:46:46 | INFO     | scanner:_scan_loop:190 | ═══ Сканирование #2117 ═══
2026-04-03 13:47:20 | INFO     | scanner:_scan_loop:213 | Сканирование #2117 завершено. Найдено сетапов: 0
2026-04-03 13:48:20 | INFO     | scanner:_scan_loop:190 | ═══ Сканирование #2118 ═══
2026-04-03 13:48:51 | INFO     | scanner:_scan_loop:213 | Сканирование #2118 завершено. Найдено сетапов: 0
2026-04-03 13:49:51 | INFO     | scanner:_scan_loop:190 | ═══ Сканирование #2119 ═══
2026-04-03 13:50:23 | INFO     | scanner:_scan_loop:213 | Сканирование #2119 завершено. Найдено сетапов: 0
2026-04-03 13:51:23 | INFO     | scanner:_scan_loop:190 | ═══ Сканирование #2120 ═══
2026-04-03 13:51:54 | INFO     | scanner:_scan_loop:213 | Сканирование #2120 завершено. Найдено сетапов: 0
2026-04-03 13:52:54 | INFO     | scanner:_scan_loop:190 | ═══ Сканирование #2121 ═══
2026-04-03 13:53:36 | INFO     | scanner:_scan_loop:213 | Сканирование #2121 завершено. Найдено сетапов: 0
2026-04-03 13:54:36 | INFO     | scanner:_scan_loop:190 | ═══ Сканирование #2122 ═══
2026-04-03 13:55:10 | ERROR    | scanner:get_klines:88 | Ошибка загрузки данных ENSUSDT 5: 'x-bapi-limit-reset-timestamp'
2026-04-03 13:55:11 | INFO     | scanner:_scan_loop:213 | Сканирование #2122 завершено. Найдено сетапов: 0
2026-04-03 13:56:11 | INFO     | scanner:_scan_loop:190 | ═══ Сканирование #2123 ═══
2026-04-03 13:56:41 | INFO     | scanner:_scan_loop:213 | Сканирование #2123 завершено. Найдено сетапов: 0
2026-04-03 13:57:41 | INFO     | scanner:_scan_loop:190 | ═══ Сканирование #2124 ═══
2026-04-03 13:58:14 | INFO     | scanner:_scan_loop:213 | Сканирование #2124 завершено. Найдено сетапов: 0
2026-04-03 13:59:14 | INFO     | scanner:_scan_loop:190 | ═══ Сканирование #2125 ═══
2026-04-03 13:59:43 | INFO     | scanner:_scan_loop:213 | Сканирование #2125 завершено. Найдено сетапов: 0
2026-04-03 14:00:43 | INFO     | scanner:_scan_loop:190 | ═══ Сканирование #2126 ═══
2026-04-03 14:01:14 | INFO     | scanner:_scan_loop:213 | Сканирование #2126 завершено. Найдено сетапов: 0
2026-04-03 14:02:14 | INFO     | scanner:_scan_loop:190 | ═══ Сканирование #2127 ═══
2026-04-03 14:02:45 | INFO     | scanner:_scan_loop:213 | Сканирование #2127 завершено. Найдено сетапов: 0
2026-04-03 14:03:45 | INFO     | scanner:_scan_loop:190 | ═══ Сканирование #2128 ═══
2026-04-03 14:04:14 | INFO     | scanner:_scan_loop:213 | Сканирование #2128 завершено. Найдено сетапов: 0
2026-04-03 14:05:14 | INFO     | scanner:_scan_loop:190 | ═══ Сканирование #2129 ═══
2026-04-03 14:05:48 | INFO     | scanner:_scan_loop:213 | Сканирование #2129 завершено. Найдено сетапов: 0
2026-04-03 14:06:48 | INFO     | scanner:_scan_loop:190 | ═══ Сканирование #2130 ═══
2026-04-03 14:07:17 | INFO     | scanner:_scan_loop:213 | Сканирование #2130 завершено. Найдено сетапов: 0
2026-04-03 14:08:17 | INFO     | scanner:_scan_loop:190 | ═══ Сканирование #2131 ═══
2026-04-03 14:08:58 | INFO     | scanner:_scan_loop:213 | Сканирование #2131 завершено. Найдено сетапов: 0
2026-04-03 14:09:58 | INFO     | scanner:_scan_loop:190 | ═══ Сканирование #2132 ═══
2026-04-03 14:10:36 | INFO     | scanner:_scan_loop:213 | Сканирование #2132 завершено. Найдено сетапов: 0
2026-04-03 14:11:36 | INFO     | scanner:_scan_loop:190 | ═══ Сканирование #2133 ═══
2026-04-03 14:12:06 | INFO     | scanner:_scan_loop:213 | Сканирование #2133 завершено. Найдено сетапов: 0
2026-04-03 14:13:06 | INFO     | scanner:_scan_loop:190 | ═══ Сканирование #2134 ═══
2026-04-03 14:13:39 | INFO     | scanner:_scan_loop:213 | Сканирование #2134 завершено. Найдено сетапов: 0
2026-04-03 14:14:39 | INFO     | scanner:_scan_loop:190 | ═══ Сканирование #2135 ═══
2026-04-03 14:15:04 | ERROR    | scanner:get_klines:88 | Ошибка загрузки данных CRVUSDT 15: 'x-bapi-limit-reset-timestamp'
2026-04-03 14:15:05 | ERROR    | scanner:get_klines:88 | Ошибка загрузки данных DYDXUSDT 15: 'x-bapi-limit-reset-timestamp'
2026-04-03 14:15:07 | ERROR    | scanner:get_klines:88 | Ошибка загрузки данных JTOUSDT 5: 'x-bapi-limit-reset-timestamp'
2026-04-03 14:15:07 | ERROR    | scanner:get_klines:88 | Ошибка загрузки данных PYTHUSDT 5: 'x-bapi-limit-reset-timestamp'
2026-04-03 14:15:10 | ERROR    | scanner:get_klines:88 | Ошибка загрузки данных LDOUSDT 15: 'x-bapi-limit-reset-timestamp'
2026-04-03 14:15:11 | INFO     | scanner:_scan_loop:213 | Сканирование #2135 завершено. Найдено сетапов: 0
2026-04-03 14:16:11 | INFO     | scanner:_scan_loop:190 | ═══ Сканирование #2136 ═══
2026-04-03 14:16:42 | INFO     | scanner:_scan_loop:213 | Сканирование #2136 завершено. Найдено сетапов: 0
2026-04-03 14:17:42 | INFO     | scanner:_scan_loop:190 | ═══ Сканирование #2137 ═══
2026-04-03 14:18:11 | INFO     | scanner:_scan_loop:213 | Сканирование #2137 завершено. Найдено сетапов: 0
2026-04-03 14:19:11 | INFO     | scanner:_scan_loop:190 | ═══ Сканирование #2138 ═══
2026-04-03 14:19:40 | INFO     | scanner:_scan_loop:213 | Сканирование #2138 завершено. Найдено сетапов: 0
2026-04-03 14:20:40 | INFO     | scanner:_scan_loop:190 | ═══ Сканирование #2139 ═══
2026-04-03 14:21:12 | INFO     | scanner:_scan_loop:213 | Сканирование #2139 завершено. Найдено сетапов: 0
2026-04-03 14:22:12 | INFO     | scanner:_scan_loop:190 | ═══ Сканирование #2140 ═══
2026-04-03 14:22:42 | INFO     | scanner:_scan_loop:213 | Сканирование #2140 завершено. Найдено сетапов: 0
2026-04-03 14:23:42 | INFO     | scanner:_scan_loop:190 | ═══ Сканирование #2141 ═══
2026-04-03 14:24:20 | INFO     | scanner:_scan_loop:213 | Сканирование #2141 завершено. Найдено сетапов: 0
2026-04-03 14:25:20 | INFO     | scanner:_scan_loop:190 | ═══ Сканирование #2142 ═══
2026-04-03 14:25:54 | INFO     | scanner:_scan_loop:213 | Сканирование #2142 завершено. Найдено сетапов: 0
2026-04-03 14:26:54 | INFO     | scanner:_scan_loop:190 | ═══ Сканирование #2143 ═══
2026-04-03 14:27:25 | INFO     | scanner:_scan_loop:213 | Сканирование #2143 завершено. Найдено сетапов: 0
2026-04-03 14:28:25 | INFO     | scanner:_scan_loop:190 | ═══ Сканирование #2144 ═══
2026-04-03 14:28:55 | INFO     | scanner:_scan_loop:213 | Сканирование #2144 завершено. Найдено сетапов: 0
2026-04-03 14:29:55 | INFO     | scanner:_scan_loop:190 | ═══ Сканирование #2145 ═══
2026-04-03 14:30:04 | ERROR    | scanner:get_klines:88 | Ошибка загрузки данных FILUSDT 5: 'x-bapi-limit-reset-timestamp'
2026-04-03 14:30:07 | ERROR    | scanner:get_klines:88 | Ошибка загрузки данных OPUSDT 15: 'x-bapi-limit-reset-timestamp'
2026-04-03 14:30:12 | ERROR    | scanner:get_klines:88 | Ошибка загрузки данных JUPUSDT 5: 'x-bapi-limit-reset-timestamp'
2026-04-03 14:30:13 | ERROR    | scanner:get_klines:88 | Ошибка загрузки данных ORDIUSDT 15: 'x-bapi-limit-reset-timestamp'
2026-04-03 14:30:29 | INFO     | scanner:_scan_loop:213 | Сканирование #2145 завершено. Найдено сетапов: 0
2026-04-03 14:31:29 | INFO     | scanner:_scan_loop:190 | ═══ Сканирование #2146 ═══
2026-04-03 14:32:00 | INFO     | scanner:_scan_loop:213 | Сканирование #2146 завершено. Найдено сетапов: 0
2026-04-03 14:33:00 | INFO     | scanner:_scan_loop:190 | ═══ Сканирование #2147 ═══
2026-04-03 14:33:32 | INFO     | scanner:_scan_loop:213 | Сканирование #2147 завершено. Найдено сетапов: 0
2026-04-03 14:34:32 | INFO     | scanner:_scan_loop:190 | ═══ Сканирование #2148 ═══
2026-04-03 14:35:03 | INFO     | scanner:_scan_loop:213 | Сканирование #2148 завершено. Найдено сетапов: 0
2026-04-03 14:36:03 | INFO     | scanner:_scan_loop:190 | ═══ Сканирование #2149 ═══
2026-04-03 14:36:34 | INFO     | scanner:_scan_loop:213 | Сканирование #2149 завершено. Найдено сетапов: 0
2026-04-03 14:37:34 | INFO     | scanner:_scan_loop:190 | ═══ Сканирование #2150 ═══
2026-04-03 14:38:05 | INFO     | scanner:_scan_loop:213 | Сканирование #2150 завершено. Найдено сетапов: 0
2026-04-03 14:39:05 | INFO     | scanner:_scan_loop:190 | ═══ Сканирование #2151 ═══
2026-04-03 14:39:42 | INFO     | scanner:_scan_loop:213 | Сканирование #2151 завершено. Найдено сетапов: 0
2026-04-03 14:40:42 | INFO     | scanner:_scan_loop:190 | ═══ Сканирование #2152 ═══
2026-04-03 14:41:15 | INFO     | scanner:_scan_loop:213 | Сканирование #2152 завершено. Найдено сетапов: 0
2026-04-03 14:42:15 | INFO     | scanner:_scan_loop:190 | ═══ Сканирование #2153 ═══
2026-04-03 14:42:46 | INFO     | scanner:_scan_loop:213 | Сканирование #2153 завершено. Найдено сетапов: 0
2026-04-03 14:43:46 | INFO     | scanner:_scan_loop:190 | ═══ Сканирование #2154 ═══
2026-04-03 14:44:16 | INFO     | scanner:_scan_loop:213 | Сканирование #2154 завершено. Найдено сетапов: 0
2026-04-03 14:45:16 | INFO     | scanner:_scan_loop:190 | ═══ Сканирование #2155 ═══
2026-04-03 14:45:46 | INFO     | scanner:_scan_loop:213 | Сканирование #2155 завершено. Найдено сетапов: 0
2026-04-03 14:46:46 | INFO     | scanner:_scan_loop:190 | ═══ Сканирование #2156 ═══
2026-04-03 14:47:20 | INFO     | scanner:_scan_loop:213 | Сканирование #2156 завершено. Найдено сетапов: 0
2026-04-03 14:48:20 | INFO     | scanner:_scan_loop:190 | ═══ Сканирование #2157 ═══
2026-04-03 14:48:55 | INFO     | scanner:_scan_loop:213 | Сканирование #2157 завершено. Найдено сетапов: 0
2026-04-03 14:49:55 | INFO     | scanner:_scan_loop:190 | ═══ Сканирование #2158 ═══
2026-04-03 14:50:12 | ERROR    | scanner:get_klines:88 | Ошибка загрузки данных WIFUSDT 5: 'x-bapi-limit-reset-timestamp'
2026-04-03 14:50:26 | INFO     | scanner:_scan_loop:213 | Сканирование #2158 завершено. Найдено сетапов: 0
2026-04-03 14:51:26 | INFO     | scanner:_scan_loop:190 | ═══ Сканирование #2159 ═══
2026-04-03 14:51:56 | INFO     | scanner:_scan_loop:213 | Сканирование #2159 завершено. Найдено сетапов: 0
2026-04-03 14:52:56 | INFO     | scanner:_scan_loop:190 | ═══ Сканирование #2160 ═══
2026-04-03 14:53:29 | INFO     | scanner:_scan_loop:213 | Сканирование #2160 завершено. Найдено сетапов: 0
2026-04-03 14:54:29 | INFO     | scanner:_scan_loop:190 | ═══ Сканирование #2161 ═══
2026-04-03 14:55:08 | INFO     | scanner:_scan_loop:213 | Сканирование #2161 завершено. Найдено сетапов: 0
2026-04-03 14:56:08 | INFO     | scanner:_scan_loop:190 | ═══ Сканирование #2162 ═══
2026-04-03 14:56:41 | INFO     | scanner:_scan_loop:213 | Сканирование #2162 завершено. Найдено сетапов: 0
2026-04-03 14:57:41 | INFO     | scanner:_scan_loop:190 | ═══ Сканирование #2163 ═══
2026-04-03 14:58:12 | INFO     | scanner:_scan_loop:213 | Сканирование #2163 завершено. Найдено сетапов: 0
2026-04-03 14:59:12 | INFO     | scanner:_scan_loop:190 | ═══ Сканирование #2164 ═══
2026-04-03 14:59:42 | INFO     | scanner:_scan_loop:213 | Сканирование #2164 завершено. Найдено сетапов: 0
2026-04-03 15:00:42 | INFO     | scanner:_scan_loop:190 | ═══ Сканирование #2165 ═══
2026-04-03 15:01:14 | INFO     | scanner:_scan_loop:213 | Сканирование #2165 завершено. Найдено сетапов: 0
2026-04-03 15:02:14 | INFO     | scanner:_scan_loop:190 | ═══ Сканирование #2166 ═══
2026-04-03 15:02:45 | INFO     | scanner:_scan_loop:213 | Сканирование #2166 завершено. Найдено сетапов: 0
2026-04-03 15:03:45 | INFO     | scanner:_scan_loop:190 | ═══ Сканирование #2167 ═══
2026-04-03 15:04:15 | INFO     | scanner:_scan_loop:213 | Сканирование #2167 завершено. Найдено сетапов: 0
2026-04-03 15:05:15 | INFO     | scanner:_scan_loop:190 | ═══ Сканирование #2168 ═══
2026-04-03 15:05:54 | INFO     | scanner:_scan_loop:213 | Сканирование #2168 завершено. Найдено сетапов: 0
2026-04-03 15:06:54 | INFO     | scanner:_scan_loop:190 | ═══ Сканирование #2169 ═══
2026-04-03 15:07:28 | INFO     | scanner:_scan_loop:213 | Сканирование #2169 завершено. Найдено сетапов: 0
2026-04-03 15:08:28 | INFO     | scanner:_scan_loop:190 | ═══ Сканирование #2170 ═══
2026-04-03 15:09:02 | INFO     | scanner:_scan_loop:213 | Сканирование #2170 завершено. Найдено сетапов: 0
2026-04-03 15:10:02 | INFO     | scanner:_scan_loop:190 | ═══ Сканирование #2171 ═══
2026-04-03 15:10:49 | INFO     | scanner:_scan_loop:213 | Сканирование #2171 завершено. Найдено сетапов: 0
2026-04-03 15:11:49 | INFO     | scanner:_scan_loop:190 | ═══ Сканирование #2172 ═══
2026-04-03 15:12:24 | INFO     | scanner:_scan_loop:213 | Сканирование #2172 завершено. Найдено сетапов: 0
2026-04-03 15:13:24 | INFO     | scanner:_scan_loop:190 | ═══ Сканирование #2173 ═══
2026-04-03 15:13:53 | INFO     | scanner:_scan_loop:213 | Сканирование #2173 завершено. Найдено сетапов: 0
2026-04-03 15:14:53 | INFO     | scanner:_scan_loop:190 | ═══ Сканирование #2174 ═══
2026-04-03 15:15:04 | ERROR    | scanner:get_klines:88 | Ошибка загрузки данных OPUSDT 5: 'x-bapi-limit-reset-timestamp'
2026-04-03 15:15:08 | ERROR    | scanner:get_klines:88 | Ошибка загрузки данных WLDUSDT 15: 'x-bapi-limit-reset-timestamp'
2026-04-03 15:15:11 | ERROR    | scanner:get_klines:88 | Ошибка загрузки данных IMXUSDT 15: 'x-bapi-limit-reset-timestamp'
2026-04-03 15:15:23 | INFO     | scanner:_scan_loop:213 | Сканирование #2174 завершено. Найдено сетапов: 0
2026-04-03 15:16:23 | INFO     | scanner:_scan_loop:190 | ═══ Сканирование #2175 ═══
2026-04-03 15:16:52 | INFO     | scanner:_scan_loop:213 | Сканирование #2175 завершено. Найдено сетапов: 0
2026-04-03 15:17:52 | INFO     | scanner:_scan_loop:190 | ═══ Сканирование #2176 ═══
2026-04-03 15:18:22 | INFO     | scanner:_scan_loop:213 | Сканирование #2176 завершено. Найдено сетапов: 0
2026-04-03 15:19:22 | INFO     | scanner:_scan_loop:190 | ═══ Сканирование #2177 ═══
2026-04-03 15:19:53 | INFO     | scanner:_scan_loop:213 | Сканирование #2177 завершено. Найдено сетапов: 0
2026-04-03 15:20:53 | INFO     | scanner:_scan_loop:190 | ═══ Сканирование #2178 ═══
2026-04-03 15:21:21 | INFO     | scanner:_scan_loop:213 | Сканирование #2178 завершено. Найдено сетапов: 0
2026-04-03 15:22:21 | INFO     | scanner:_scan_loop:190 | ═══ Сканирование #2179 ═══
2026-04-03 15:22:51 | INFO     | scanner:_scan_loop:213 | Сканирование #2179 завершено. Найдено сетапов: 0
2026-04-03 15:23:51 | INFO     | scanner:_scan_loop:190 | ═══ Сканирование #2180 ═══
2026-04-03 15:24:20 | INFO     | scanner:_scan_loop:213 | Сканирование #2180 завершено. Найдено сетапов: 0
2026-04-03 15:25:20 | INFO     | scanner:_scan_loop:190 | ═══ Сканирование #2181 ═══
2026-04-03 15:26:01 | INFO     | scanner:_scan_loop:213 | Сканирование #2181 завершено. Найдено сетапов: 0
2026-04-03 15:27:01 | INFO     | scanner:_scan_loop:190 | ═══ Сканирование #2182 ═══
2026-04-03 15:27:35 | INFO     | scanner:_scan_loop:213 | Сканирование #2182 завершено. Найдено сетапов: 0
2026-04-03 15:28:35 | INFO     | scanner:_scan_loop:190 | ═══ Сканирование #2183 ═══
2026-04-03 15:29:09 | INFO     | scanner:_scan_loop:213 | Сканирование #2183 завершено. Найдено сетапов: 0
2026-04-03 15:30:09 | INFO     | scanner:_scan_loop:190 | ═══ Сканирование #2184 ═══
2026-04-03 15:30:10 | ERROR    | scanner:get_klines:88 | Ошибка загрузки данных ETHUSDT 15: 'x-bapi-limit-reset-timestamp'
2026-04-03 15:30:11 | ERROR    | scanner:get_klines:88 | Ошибка загрузки данных BNBUSDT 15: 'x-bapi-limit-reset-timestamp'
2026-04-03 15:30:13 | ERROR    | scanner:get_klines:88 | Ошибка загрузки данных ADAUSDT 15: 'x-bapi-limit-reset-timestamp'
2026-04-03 15:30:41 | INFO     | scanner:_scan_loop:213 | Сканирование #2184 завершено. Найдено сетапов: 0
2026-04-03 15:31:41 | INFO     | scanner:_scan_loop:190 | ═══ Сканирование #2185 ═══
2026-04-03 15:32:12 | INFO     | scanner:_scan_loop:213 | Сканирование #2185 завершено. Найдено сетапов: 0
2026-04-03 15:33:12 | INFO     | scanner:_scan_loop:190 | ═══ Сканирование #2186 ═══
2026-04-03 15:33:45 | INFO     | scanner:_scan_loop:213 | Сканирование #2186 завершено. Найдено сетапов: 0
2026-04-03 15:34:45 | INFO     | scanner:_scan_loop:190 | ═══ Сканирование #2187 ═══
2026-04-03 15:35:06 | ERROR    | scanner:get_klines:88 | Ошибка загрузки данных BCHUSDT 5: 'x-bapi-limit-reset-timestamp'
2026-04-03 15:35:15 | INFO     | scanner:_scan_loop:213 | Сканирование #2187 завершено. Найдено сетапов: 0
2026-04-03 15:36:15 | INFO     | scanner:_scan_loop:190 | ═══ Сканирование #2188 ═══
2026-04-03 15:36:46 | INFO     | scanner:_scan_loop:213 | Сканирование #2188 завершено. Найдено сетапов: 0
2026-04-03 15:37:46 | INFO     | scanner:_scan_loop:190 | ═══ Сканирование #2189 ═══
2026-04-03 15:38:18 | INFO     | scanner:_scan_loop:213 | Сканирование #2189 завершено. Найдено сетапов: 0
2026-04-03 15:39:18 | INFO     | scanner:_scan_loop:190 | ═══ Сканирование #2190 ═══
2026-04-03 15:39:49 | INFO     | scanner:_scan_loop:213 | Сканирование #2190 завершено. Найдено сетапов: 0
2026-04-03 15:40:49 | INFO     | scanner:_scan_loop:190 | ═══ Сканирование #2191 ═══
2026-04-03 15:41:30 | INFO     | scanner:_scan_loop:213 | Сканирование #2191 завершено. Найдено сетапов: 0
2026-04-03 15:42:30 | INFO     | scanner:_scan_loop:190 | ═══ Сканирование #2192 ═══
2026-04-03 15:43:03 | INFO     | scanner:_scan_loop:213 | Сканирование #2192 завершено. Найдено сетапов: 0
2026-04-03 15:44:03 | INFO     | scanner:_scan_loop:190 | ═══ Сканирование #2193 ═══
2026-04-03 15:44:41 | INFO     | scanner:_scan_loop:213 | Сканирование #2193 завершено. Найдено сетапов: 0
2026-04-03 15:45:41 | INFO     | scanner:_scan_loop:190 | ═══ Сканирование #2194 ═══
2026-04-03 15:46:16 | INFO     | scanner:_scan_loop:213 | Сканирование #2194 завершено. Найдено сетапов: 0
2026-04-03 15:47:16 | INFO     | scanner:_scan_loop:190 | ═══ Сканирование #2195 ═══
2026-04-03 15:47:51 | INFO     | scanner:_scan_loop:213 | Сканирование #2195 завершено. Найдено сетапов: 1
2026-04-03 15:48:51 | INFO     | scanner:_scan_loop:190 | ═══ Сканирование #2196 ═══
2026-04-03 15:49:25 | INFO     | scanner:_scan_loop:213 | Сканирование #2196 завершено. Найдено сетапов: 1
2026-04-03 15:50:25 | INFO     | scanner:_scan_loop:190 | ═══ Сканирование #2197 ═══
2026-04-03 15:50:59 | INFO     | scanner:_scan_loop:213 | Сканирование #2197 завершено. Найдено сетапов: 1
2026-04-03 15:51:59 | INFO     | scanner:_scan_loop:190 | ═══ Сканирование #2198 ═══
2026-04-03 15:52:28 | INFO     | scanner:_scan_loop:213 | Сканирование #2198 завершено. Найдено сетапов: 1
2026-04-03 15:53:28 | INFO     | scanner:_scan_loop:190 | ═══ Сканирование #2199 ═══
2026-04-03 15:54:00 | INFO     | scanner:_scan_loop:213 | Сканирование #2199 завершено. Найдено сетапов: 1
2026-04-03 15:55:00 | INFO     | scanner:_scan_loop:190 | ═══ Сканирование #2200 ═══
2026-04-03 15:55:29 | INFO     | scanner:_scan_loop:213 | Сканирование #2200 завершено. Найдено сетапов: 1
2026-04-03 15:56:29 | INFO     | scanner:_scan_loop:190 | ═══ Сканирование #2201 ═══
2026-04-03 15:57:08 | INFO     | scanner:_scan_loop:213 | Сканирование #2201 завершено. Найдено сетапов: 1
2026-04-03 15:58:08 | INFO     | scanner:_scan_loop:190 | ═══ Сканирование #2202 ═══
2026-04-03 15:58:41 | INFO     | scanner:_scan_loop:213 | Сканирование #2202 завершено. Найдено сетапов: 1
2026-04-03 15:59:41 | INFO     | scanner:_scan_loop:190 | ═══ Сканирование #2203 ═══
2026-04-03 16:00:07 | ERROR    | scanner:get_klines:88 | Ошибка загрузки данных ETCUSDT 5: 'x-bapi-limit-reset-timestamp'
2026-04-03 16:00:11 | ERROR    | scanner:get_klines:88 | Ошибка загрузки данных DYDXUSDT 5: 'x-bapi-limit-reset-timestamp'
2026-04-03 16:00:14 | ERROR    | scanner:get_klines:88 | Ошибка загрузки данных STRKUSDT 15: 'x-bapi-limit-reset-timestamp'
2026-04-03 16:00:17 | INFO     | scanner:_scan_loop:213 | Сканирование #2203 завершено. Найдено сетапов: 1
2026-04-03 16:01:17 | INFO     | scanner:_scan_loop:190 | ═══ Сканирование #2204 ═══
2026-04-03 16:01:52 | INFO     | scanner:_scan_loop:213 | Сканирование #2204 завершено. Найдено сетапов: 1
2026-04-03 16:02:52 | INFO     | scanner:_scan_loop:190 | ═══ Сканирование #2205 ═══
2026-04-03 16:03:24 | INFO     | scanner:_scan_loop:213 | Сканирование #2205 завершено. Найдено сетапов: 1
2026-04-03 16:04:24 | INFO     | scanner:_scan_loop:190 | ═══ Сканирование #2206 ═══
2026-04-03 16:04:55 | INFO     | scanner:_scan_loop:213 | Сканирование #2206 завершено. Найдено сетапов: 0
2026-04-03 16:05:55 | INFO     | scanner:_scan_loop:190 | ═══ Сканирование #2207 ═══
2026-04-03 16:06:31 | INFO     | scanner:_scan_loop:213 | Сканирование #2207 завершено. Найдено сетапов: 0
2026-04-03 16:07:31 | INFO     | scanner:_scan_loop:190 | ═══ Сканирование #2208 ═══
2026-04-03 16:08:03 | INFO     | scanner:_scan_loop:213 | Сканирование #2208 завершено. Найдено сетапов: 0
2026-04-03 16:09:03 | INFO     | scanner:_scan_loop:190 | ═══ Сканирование #2209 ═══
2026-04-03 16:09:37 | INFO     | scanner:_scan_loop:213 | Сканирование #2209 завершено. Найдено сетапов: 1
2026-04-03 16:10:37 | INFO     | scanner:_scan_loop:190 | ═══ Сканирование #2210 ═══
2026-04-03 16:11:08 | INFO     | scanner:_scan_loop:213 | Сканирование #2210 завершено. Найдено сетапов: 1
2026-04-03 16:12:08 | INFO     | scanner:_scan_loop:190 | ═══ Сканирование #2211 ═══
2026-04-03 16:12:49 | INFO     | scanner:_scan_loop:213 | Сканирование #2211 завершено. Найдено сетапов: 1
2026-04-03 16:13:49 | INFO     | scanner:_scan_loop:190 | ═══ Сканирование #2212 ═══
2026-04-03 16:14:24 | INFO     | scanner:_scan_loop:213 | Сканирование #2212 завершено. Найдено сетапов: 1
2026-04-03 16:15:24 | INFO     | scanner:_scan_loop:190 | ═══ Сканирование #2213 ═══
2026-04-03 16:15:53 | INFO     | scanner:_scan_loop:213 | Сканирование #2213 завершено. Найдено сетапов: 1
2026-04-03 16:16:53 | INFO     | scanner:_scan_loop:190 | ═══ Сканирование #2214 ═══
2026-04-03 16:17:25 | INFO     | scanner:_scan_loop:213 | Сканирование #2214 завершено. Найдено сетапов: 1
2026-04-03 16:18:25 | INFO     | scanner:_scan_loop:190 | ═══ Сканирование #2215 ═══
2026-04-03 16:18:57 | INFO     | scanner:_scan_loop:213 | Сканирование #2215 завершено. Найдено сетапов: 1
2026-04-03 16:19:57 | INFO     | scanner:_scan_loop:190 | ═══ Сканирование #2216 ═══
2026-04-03 16:20:12 | ERROR    | scanner:get_klines:88 | Ошибка загрузки данных TIAUSDT 5: 'x-bapi-limit-reset-timestamp'
2026-04-03 16:20:31 | INFO     | scanner:_scan_loop:213 | Сканирование #2216 завершено. Найдено сетапов: 1
2026-04-03 16:21:31 | INFO     | scanner:_scan_loop:190 | ═══ Сканирование #2217 ═══
2026-04-03 16:22:02 | INFO     | scanner:_scan_loop:213 | Сканирование #2217 завершено. Найдено сетапов: 1
2026-04-03 16:23:02 | INFO     | scanner:_scan_loop:190 | ═══ Сканирование #2218 ═══
2026-04-03 16:23:35 | INFO     | scanner:_scan_loop:213 | Сканирование #2218 завершено. Найдено сетапов: 1
2026-04-03 16:24:35 | INFO     | scanner:_scan_loop:190 | ═══ Сканирование #2219 ═══
2026-04-03 16:25:05 | INFO     | scanner:_scan_loop:213 | Сканирование #2219 завершено. Найдено сетапов: 1
2026-04-03 16:26:05 | INFO     | scanner:_scan_loop:190 | ═══ Сканирование #2220 ═══
2026-04-03 16:26:35 | INFO     | scanner:_scan_loop:213 | Сканирование #2220 завершено. Найдено сетапов: 1
2026-04-03 16:27:35 | INFO     | scanner:_scan_loop:190 | ═══ Сканирование #2221 ═══
2026-04-03 16:28:17 | INFO     | scanner:_scan_loop:213 | Сканирование #2221 завершено. Найдено сетапов: 0
2026-04-03 16:29:17 | INFO     | scanner:_scan_loop:190 | ═══ Сканирование #2222 ═══
2026-04-03 16:29:53 | INFO     | scanner:_scan_loop:213 | Сканирование #2222 завершено. Найдено сетапов: 0
2026-04-03 16:30:53 | INFO     | scanner:_scan_loop:190 | ═══ Сканирование #2223 ═══
2026-04-03 16:31:26 | INFO     | scanner:_scan_loop:213 | Сканирование #2223 завершено. Найдено сетапов: 0
2026-04-03 16:32:26 | INFO     | scanner:_scan_loop:190 | ═══ Сканирование #2224 ═══
2026-04-03 16:33:00 | INFO     | scanner:_scan_loop:213 | Сканирование #2224 завершено. Найдено сетапов: 0
2026-04-03 16:34:00 | INFO     | scanner:_scan_loop:190 | ═══ Сканирование #2225 ═══
2026-04-03 16:34:36 | INFO     | scanner:_scan_loop:213 | Сканирование #2225 завершено. Найдено сетапов: 0
2026-04-03 16:35:36 | INFO     | scanner:_scan_loop:190 | ═══ Сканирование #2226 ═══
2026-04-03 16:36:11 | INFO     | scanner:_scan_loop:213 | Сканирование #2226 завершено. Найдено сетапов: 0
2026-04-03 16:37:11 | INFO     | scanner:_scan_loop:190 | ═══ Сканирование #2227 ═══
2026-04-03 16:37:47 | INFO     | scanner:_scan_loop:213 | Сканирование #2227 завершено. Найдено сетапов: 0
2026-04-03 16:38:47 | INFO     | scanner:_scan_loop:190 | ═══ Сканирование #2228 ═══
2026-04-03 16:39:21 | INFO     | scanner:_scan_loop:213 | Сканирование #2228 завершено. Найдено сетапов: 0
2026-04-03 16:40:21 | INFO     | scanner:_scan_loop:190 | ═══ Сканирование #2229 ═══
2026-04-03 16:40:56 | INFO     | scanner:_scan_loop:213 | Сканирование #2229 завершено. Найдено сетапов: 0
2026-04-03 16:41:56 | INFO     | scanner:_scan_loop:190 | ═══ Сканирование #2230 ═══
2026-04-03 16:42:31 | INFO     | scanner:_scan_loop:213 | Сканирование #2230 завершено. Найдено сетапов: 0
2026-04-03 16:43:31 | INFO     | scanner:_scan_loop:190 | ═══ Сканирование #2231 ═══
2026-04-03 16:44:13 | INFO     | scanner:_scan_loop:213 | Сканирование #2231 завершено. Найдено сетапов: 0
2026-04-03 16:45:13 | INFO     | scanner:_scan_loop:190 | ═══ Сканирование #2232 ═══
2026-04-03 16:45:50 | INFO     | scanner:_scan_loop:213 | Сканирование #2232 завершено. Найдено сетапов: 0
2026-04-03 16:46:50 | INFO     | scanner:_scan_loop:190 | ═══ Сканирование #2233 ═══
2026-04-03 16:47:24 | INFO     | scanner:_scan_loop:213 | Сканирование #2233 завершено. Найдено сетапов: 0
2026-04-03 16:48:24 | INFO     | scanner:_scan_loop:190 | ═══ Сканирование #2234 ═══
2026-04-03 16:48:59 | INFO     | scanner:_scan_loop:213 | Сканирование #2234 завершено. Найдено сетапов: 0
2026-04-03 16:49:59 | INFO     | scanner:_scan_loop:190 | ═══ Сканирование #2235 ═══
2026-04-03 16:50:35 | INFO     | scanner:_scan_loop:213 | Сканирование #2235 завершено. Найдено сетапов: 0
2026-04-03 16:51:35 | INFO     | scanner:_scan_loop:190 | ═══ Сканирование #2236 ═══
2026-04-03 16:52:09 | INFO     | scanner:_scan_loop:213 | Сканирование #2236 завершено. Найдено сетапов: 0
2026-04-03 16:53:09 | INFO     | scanner:_scan_loop:190 | ═══ Сканирование #2237 ═══
2026-04-03 16:53:43 | INFO     | scanner:_scan_loop:213 | Сканирование #2237 завершено. Найдено сетапов: 0
2026-04-03 16:54:43 | INFO     | scanner:_scan_loop:190 | ═══ Сканирование #2238 ═══
2026-04-03 16:55:18 | INFO     | scanner:_scan_loop:213 | Сканирование #2238 завершено. Найдено сетапов: 0
2026-04-03 16:56:18 | INFO     | scanner:_scan_loop:190 | ═══ Сканирование #2239 ═══
2026-04-03 16:56:51 | INFO     | scanner:_scan_loop:213 | Сканирование #2239 завершено. Найдено сетапов: 0
2026-04-03 16:57:51 | INFO     | scanner:_scan_loop:190 | ═══ Сканирование #2240 ═══
2026-04-03 16:58:25 | INFO     | scanner:_scan_loop:213 | Сканирование #2240 завершено. Найдено сетапов: 0
2026-04-03 16:59:25 | INFO     | scanner:_scan_loop:190 | ═══ Сканирование #2241 ═══
2026-04-03 17:00:11 | INFO     | scanner:_scan_loop:213 | Сканирование #2241 завершено. Найдено сетапов: 0
2026-04-03 17:01:11 | INFO     | scanner:_scan_loop:190 | ═══ Сканирование #2242 ═══
2026-04-03 17:01:47 | INFO     | scanner:_scan_loop:213 | Сканирование #2242 завершено. Найдено сетапов: 0
2026-04-03 17:02:47 | INFO     | scanner:_scan_loop:190 | ═══ Сканирование #2243 ═══
2026-04-03 17:03:21 | INFO     | scanner:_scan_loop:213 | Сканирование #2243 завершено. Найдено сетапов: 0
2026-04-03 17:04:21 | INFO     | scanner:_scan_loop:190 | ═══ Сканирование #2244 ═══
2026-04-03 17:04:55 | INFO     | scanner:_scan_loop:213 | Сканирование #2244 завершено. Найдено сетапов: 0
2026-04-03 17:05:55 | INFO     | scanner:_scan_loop:190 | ═══ Сканирование #2245 ═══
2026-04-03 17:06:29 | INFO     | scanner:_scan_loop:213 | Сканирование #2245 завершено. Найдено сетапов: 0
2026-04-03 17:07:29 | INFO     | scanner:_scan_loop:190 | ═══ Сканирование #2246 ═══
2026-04-03 17:08:03 | INFO     | scanner:_scan_loop:213 | Сканирование #2246 завершено. Найдено сетапов: 0
2026-04-03 17:09:03 | INFO     | scanner:_scan_loop:190 | ═══ Сканирование #2247 ═══
2026-04-03 17:09:36 | INFO     | scanner:_scan_loop:213 | Сканирование #2247 завершено. Найдено сетапов: 0
2026-04-03 17:10:36 | INFO     | scanner:_scan_loop:190 | ═══ Сканирование #2248 ═══
2026-04-03 17:11:08 | INFO     | scanner:_scan_loop:213 | Сканирование #2248 завершено. Найдено сетапов: 0
2026-04-03 17:12:08 | INFO     | scanner:_scan_loop:190 | ═══ Сканирование #2249 ═══
2026-04-03 17:12:42 | INFO     | scanner:_scan_loop:213 | Сканирование #2249 завершено. Найдено сетапов: 0
2026-04-03 17:13:42 | INFO     | scanner:_scan_loop:190 | ═══ Сканирование #2250 ═══
2026-04-03 17:14:17 | INFO     | scanner:_scan_loop:213 | Сканирование #2250 завершено. Найдено сетапов: 0
2026-04-03 17:15:17 | INFO     | scanner:_scan_loop:190 | ═══ Сканирование #2251 ═══
2026-04-03 17:15:59 | INFO     | scanner:_scan_loop:213 | Сканирование #2251 завершено. Найдено сетапов: 0
2026-04-03 17:16:59 | INFO     | scanner:_scan_loop:190 | ═══ Сканирование #2252 ═══
2026-04-03 17:17:37 | INFO     | scanner:_scan_loop:213 | Сканирование #2252 завершено. Найдено сетапов: 0
2026-04-03 17:18:37 | INFO     | scanner:_scan_loop:190 | ═══ Сканирование #2253 ═══
2026-04-03 17:19:11 | INFO     | scanner:_scan_loop:213 | Сканирование #2253 завершено. Найдено сетапов: 0
2026-04-03 17:20:11 | INFO     | scanner:_scan_loop:190 | ═══ Сканирование #2254 ═══
2026-04-03 17:20:11 | ERROR    | scanner:get_klines:88 | Ошибка загрузки данных BTCUSDT 5: 'x-bapi-limit-reset-timestamp'
2026-04-03 17:20:44 | INFO     | scanner:_scan_loop:213 | Сканирование #2254 завершено. Найдено сетапов: 0
2026-04-03 17:21:44 | INFO     | scanner:_scan_loop:190 | ═══ Сканирование #2255 ═══
2026-04-03 17:22:17 | INFO     | scanner:_scan_loop:213 | Сканирование #2255 завершено. Найдено сетапов: 0
2026-04-03 17:23:17 | INFO     | scanner:_scan_loop:190 | ═══ Сканирование #2256 ═══
2026-04-03 17:23:49 | INFO     | scanner:_scan_loop:213 | Сканирование #2256 завершено. Найдено сетапов: 0
2026-04-03 17:24:49 | INFO     | scanner:_scan_loop:190 | ═══ Сканирование #2257 ═══
2026-04-03 17:25:14 | ERROR    | scanner:get_klines:88 | Ошибка загрузки данных SNXUSDT 15: 'x-bapi-limit-reset-timestamp'
2026-04-03 17:25:21 | INFO     | scanner:_scan_loop:213 | Сканирование #2257 завершено. Найдено сетапов: 0
2026-04-03 17:26:21 | INFO     | scanner:_scan_loop:190 | ═══ Сканирование #2258 ═══
2026-04-03 17:26:55 | INFO     | scanner:_scan_loop:213 | Сканирование #2258 завершено. Найдено сетапов: 0
2026-04-03 17:27:55 | INFO     | scanner:_scan_loop:190 | ═══ Сканирование #2259 ═══
2026-04-03 17:28:27 | INFO     | scanner:_scan_loop:213 | Сканирование #2259 завершено. Найдено сетапов: 0
2026-04-03 17:29:27 | INFO     | scanner:_scan_loop:190 | ═══ Сканирование #2260 ═══
2026-04-03 17:30:01 | INFO     | scanner:_scan_loop:213 | Сканирование #2260 завершено. Найдено сетапов: 0
2026-04-03 17:31:01 | INFO     | scanner:_scan_loop:190 | ═══ Сканирование #2261 ═══
2026-04-03 17:31:44 | INFO     | scanner:_scan_loop:213 | Сканирование #2261 завершено. Найдено сетапов: 0
2026-04-03 17:32:44 | INFO     | scanner:_scan_loop:190 | ═══ Сканирование #2262 ═══
2026-04-03 17:33:20 | INFO     | scanner:_scan_loop:213 | Сканирование #2262 завершено. Найдено сетапов: 0
2026-04-03 17:34:20 | INFO     | scanner:_scan_loop:190 | ═══ Сканирование #2263 ═══
2026-04-03 17:34:54 | INFO     | scanner:_scan_loop:213 | Сканирование #2263 завершено. Найдено сетапов: 0
2026-04-03 17:35:54 | INFO     | scanner:_scan_loop:190 | ═══ Сканирование #2264 ═══
2026-04-03 17:36:25 | INFO     | scanner:_scan_loop:213 | Сканирование #2264 завершено. Найдено сетапов: 0
2026-04-03 17:37:25 | INFO     | scanner:_scan_loop:190 | ═══ Сканирование #2265 ═══
2026-04-03 17:37:59 | INFO     | scanner:_scan_loop:213 | Сканирование #2265 завершено. Найдено сетапов: 0
2026-04-03 17:38:59 | INFO     | scanner:_scan_loop:190 | ═══ Сканирование #2266 ═══
2026-04-03 17:39:34 | INFO     | scanner:_scan_loop:213 | Сканирование #2266 завершено. Найдено сетапов: 0
2026-04-03 17:40:34 | INFO     | scanner:_scan_loop:190 | ═══ Сканирование #2267 ═══
2026-04-03 17:41:09 | INFO     | scanner:_scan_loop:213 | Сканирование #2267 завершено. Найдено сетапов: 0
2026-04-03 17:42:09 | INFO     | scanner:_scan_loop:190 | ═══ Сканирование #2268 ═══
2026-04-03 17:42:50 | INFO     | scanner:_scan_loop:213 | Сканирование #2268 завершено. Найдено сетапов: 0
2026-04-03 17:43:50 | INFO     | scanner:_scan_loop:190 | ═══ Сканирование #2269 ═══
2026-04-03 17:44:23 | INFO     | scanner:_scan_loop:213 | Сканирование #2269 завершено. Найдено сетапов: 0
2026-04-03 17:45:23 | INFO     | scanner:_scan_loop:190 | ═══ Сканирование #2270 ═══
2026-04-03 17:45:59 | INFO     | scanner:_scan_loop:213 | Сканирование #2270 завершено. Найдено сетапов: 0
2026-04-03 17:46:59 | INFO     | scanner:_scan_loop:190 | ═══ Сканирование #2271 ═══
2026-04-03 17:47:37 | INFO     | scanner:_scan_loop:213 | Сканирование #2271 завершено. Найдено сетапов: 0
2026-04-03 17:48:37 | INFO     | scanner:_scan_loop:190 | ═══ Сканирование #2272 ═══
2026-04-03 17:49:13 | INFO     | scanner:_scan_loop:213 | Сканирование #2272 завершено. Найдено сетапов: 0
2026-04-03 17:50:13 | INFO     | scanner:_scan_loop:190 | ═══ Сканирование #2273 ═══
2026-04-03 17:50:48 | INFO     | scanner:_scan_loop:213 | Сканирование #2273 завершено. Найдено сетапов: 0
2026-04-03 17:51:48 | INFO     | scanner:_scan_loop:190 | ═══ Сканирование #2274 ═══
2026-04-03 17:52:21 | INFO     | scanner:_scan_loop:213 | Сканирование #2274 завершено. Найдено сетапов: 0
2026-04-03 17:53:21 | INFO     | scanner:_scan_loop:190 | ═══ Сканирование #2275 ═══
2026-04-03 17:53:54 | INFO     | scanner:_scan_loop:213 | Сканирование #2275 завершено. Найдено сетапов: 0
2026-04-03 17:54:54 | INFO     | scanner:_scan_loop:190 | ═══ Сканирование #2276 ═══
2026-04-03 17:55:11 | ERROR    | scanner:get_klines:88 | Ошибка загрузки данных TIAUSDT 15: 'x-bapi-limit-reset-timestamp'
2026-04-03 17:55:28 | INFO     | scanner:_scan_loop:213 | Сканирование #2276 завершено. Найдено сетапов: 0
2026-04-03 17:56:28 | INFO     | scanner:_scan_loop:190 | ═══ Сканирование #2277 ═══
2026-04-03 17:57:03 | INFO     | scanner:_scan_loop:213 | Сканирование #2277 завершено. Найдено сетапов: 0
2026-04-03 17:58:03 | INFO     | scanner:_scan_loop:190 | ═══ Сканирование #2278 ═══
2026-04-03 17:58:36 | INFO     | scanner:_scan_loop:213 | Сканирование #2278 завершено. Найдено сетапов: 0
2026-04-03 17:59:36 | INFO     | scanner:_scan_loop:190 | ═══ Сканирование #2279 ═══
2026-04-03 18:00:03 | ERROR    | scanner:get_klines:88 | Ошибка загрузки данных DYDXUSDT 5: 'x-bapi-limit-reset-timestamp'
2026-04-03 18:00:05 | ERROR    | scanner:get_klines:88 | Ошибка загрузки данных PENDLEUSDT 5: 'x-bapi-limit-reset-timestamp'
2026-04-03 18:00:06 | ERROR    | scanner:get_klines:88 | Ошибка загрузки данных JTOUSDT 15: 'x-bapi-limit-reset-timestamp'
2026-04-03 18:00:07 | ERROR    | scanner:get_klines:88 | Ошибка загрузки данных PYTHUSDT 15: 'x-bapi-limit-reset-timestamp'
2026-04-03 18:00:08 | ERROR    | scanner:get_klines:88 | Ошибка загрузки данных STRKUSDT 5: 'x-bapi-limit-reset-timestamp'
2026-04-03 18:00:09 | ERROR    | scanner:get_klines:88 | Ошибка загрузки данных BLURUSDT 15: 'x-bapi-limit-reset-timestamp'
2026-04-03 18:00:09 | ERROR    | scanner:get_klines:88 | Ошибка загрузки данных BLURUSDT 5: 'x-bapi-limit-reset-timestamp'
2026-04-03 18:00:10 | ERROR    | scanner:get_klines:88 | Ошибка загрузки данных LDOUSDT 15: 'x-bapi-limit-reset-timestamp'
2026-04-03 18:00:11 | INFO     | scanner:_scan_loop:213 | Сканирование #2279 завершено. Найдено сетапов: 0
2026-04-03 18:01:11 | INFO     | scanner:_scan_loop:190 | ═══ Сканирование #2280 ═══
2026-04-03 18:01:41 | INFO     | scanner:_scan_loop:213 | Сканирование #2280 завершено. Найдено сетапов: 0
2026-04-03 18:02:41 | INFO     | scanner:_scan_loop:190 | ═══ Сканирование #2281 ═══
2026-04-03 18:03:21 | INFO     | scanner:_scan_loop:213 | Сканирование #2281 завершено. Найдено сетапов: 0
2026-04-03 18:04:21 | INFO     | scanner:_scan_loop:190 | ═══ Сканирование #2282 ═══
2026-04-03 18:04:53 | INFO     | scanner:_scan_loop:213 | Сканирование #2282 завершено. Найдено сетапов: 0
2026-04-03 18:05:53 | INFO     | scanner:_scan_loop:190 | ═══ Сканирование #2283 ═══
2026-04-03 18:06:27 | INFO     | scanner:_scan_loop:213 | Сканирование #2283 завершено. Найдено сетапов: 0
2026-04-03 18:07:27 | INFO     | scanner:_scan_loop:190 | ═══ Сканирование #2284 ═══
2026-04-03 18:07:57 | INFO     | scanner:_scan_loop:213 | Сканирование #2284 завершено. Найдено сетапов: 0
2026-04-03 18:08:57 | INFO     | scanner:_scan_loop:190 | ═══ Сканирование #2285 ═══
2026-04-03 18:09:31 | INFO     | scanner:_scan_loop:213 | Сканирование #2285 завершено. Найдено сетапов: 0
2026-04-03 18:10:31 | INFO     | scanner:_scan_loop:190 | ═══ Сканирование #2286 ═══
2026-04-03 18:11:02 | INFO     | scanner:_scan_loop:213 | Сканирование #2286 завершено. Найдено сетапов: 0
2026-04-03 18:12:02 | INFO     | scanner:_scan_loop:190 | ═══ Сканирование #2287 ═══
2026-04-03 18:12:34 | INFO     | scanner:_scan_loop:213 | Сканирование #2287 завершено. Найдено сетапов: 0
2026-04-03 18:13:34 | INFO     | scanner:_scan_loop:190 | ═══ Сканирование #2288 ═══
2026-04-03 18:14:04 | INFO     | scanner:_scan_loop:213 | Сканирование #2288 завершено. Найдено сетапов: 0
2026-04-03 18:15:04 | INFO     | scanner:_scan_loop:190 | ═══ Сканирование #2289 ═══
2026-04-03 18:15:06 | ERROR    | scanner:get_klines:88 | Ошибка загрузки данных SOLUSDT 15: 'x-bapi-limit-reset-timestamp'
2026-04-03 18:15:09 | ERROR    | scanner:get_klines:88 | Ошибка загрузки данных ADAUSDT 5: 'x-bapi-limit-reset-timestamp'
2026-04-03 18:15:09 | ERROR    | scanner:get_klines:88 | Ошибка загрузки данных AVAXUSDT 15: 'x-bapi-limit-reset-timestamp'
2026-04-03 18:15:11 | ERROR    | scanner:get_klines:88 | Ошибка загрузки данных UNIUSDT 5: 'x-bapi-limit-reset-timestamp'
2026-04-03 18:15:37 | INFO     | scanner:_scan_loop:213 | Сканирование #2289 завершено. Найдено сетапов: 0
2026-04-03 18:16:37 | INFO     | scanner:_scan_loop:190 | ═══ Сканирование #2290 ═══
2026-04-03 18:17:09 | INFO     | scanner:_scan_loop:213 | Сканирование #2290 завершено. Найдено сетапов: 0
2026-04-03 18:18:09 | INFO     | scanner:_scan_loop:190 | ═══ Сканирование #2291 ═══
2026-04-03 18:18:50 | INFO     | scanner:_scan_loop:213 | Сканирование #2291 завершено. Найдено сетапов: 0
2026-04-03 18:19:50 | INFO     | scanner:_scan_loop:190 | ═══ Сканирование #2292 ═══
2026-04-03 18:20:08 | ERROR    | scanner:get_klines:88 | Ошибка загрузки данных WLDUSDT 15: 'x-bapi-limit-reset-timestamp'
2026-04-03 18:20:08 | ERROR    | scanner:get_klines:88 | Ошибка загрузки данных JUPUSDT 15: 'x-bapi-limit-reset-timestamp'
2026-04-03 18:20:25 | INFO     | scanner:_scan_loop:213 | Сканирование #2292 завершено. Найдено сетапов: 0
2026-04-03 18:21:25 | INFO     | scanner:_scan_loop:190 | ═══ Сканирование #2293 ═══
2026-04-03 18:21:57 | INFO     | scanner:_scan_loop:213 | Сканирование #2293 завершено. Найдено сетапов: 0
2026-04-03 18:22:57 | INFO     | scanner:_scan_loop:190 | ═══ Сканирование #2294 ═══
2026-04-03 18:23:33 | INFO     | scanner:_scan_loop:213 | Сканирование #2294 завершено. Найдено сетапов: 0
2026-04-03 18:24:33 | INFO     | scanner:_scan_loop:190 | ═══ Сканирование #2295 ═══
2026-04-03 18:25:07 | INFO     | scanner:_scan_loop:213 | Сканирование #2295 завершено. Найдено сетапов: 0
2026-04-03 18:26:07 | INFO     | scanner:_scan_loop:190 | ═══ Сканирование #2296 ═══
2026-04-03 18:26:41 | INFO     | scanner:_scan_loop:213 | Сканирование #2296 завершено. Найдено сетапов: 0
2026-04-03 18:27:41 | INFO     | scanner:_scan_loop:190 | ═══ Сканирование #2297 ═══
2026-04-03 18:28:16 | INFO     | scanner:_scan_loop:213 | Сканирование #2297 завершено. Найдено сетапов: 0
2026-04-03 18:29:16 | INFO     | scanner:_scan_loop:190 | ═══ Сканирование #2298 ═══
2026-04-03 18:29:51 | INFO     | scanner:_scan_loop:213 | Сканирование #2298 завершено. Найдено сетапов: 0
2026-04-03 18:30:51 | INFO     | scanner:_scan_loop:190 | ═══ Сканирование #2299 ═══
2026-04-03 18:31:22 | INFO     | scanner:_scan_loop:213 | Сканирование #2299 завершено. Найдено сетапов: 0
2026-04-03 18:32:22 | INFO     | scanner:_scan_loop:190 | ═══ Сканирование #2300 ═══
